--------------------------------------------------------
--  File created - Wednesday-February-07-2024   
--------------------------------------------------------
--------------------------------------------------------
--  DDL for Sequence CARREDOS
--------------------------------------------------------

   CREATE SEQUENCE  "SOCIALDUOC"."CARREDOS"  MINVALUE 1 MAXVALUE 9999999999999999999999999999 INCREMENT BY 1 START WITH 21 CACHE 20 NOORDER  NOCYCLE  NOKEEP  NOSCALE  GLOBAL ;
--------------------------------------------------------
--  DDL for Sequence CARREUNO
--------------------------------------------------------

   CREATE SEQUENCE  "SOCIALDUOC"."CARREUNO"  MINVALUE 1 MAXVALUE 9999999999999999999999999999 INCREMENT BY 1 START WITH 21 CACHE 20 NOORDER  NOCYCLE  NOKEEP  NOSCALE  GLOBAL ;
--------------------------------------------------------
--  DDL for Sequence CARREUTRE
--------------------------------------------------------

   CREATE SEQUENCE  "SOCIALDUOC"."CARREUTRE"  MINVALUE 1 MAXVALUE 9999999999999999999999999999 INCREMENT BY 1 START WITH 21 CACHE 20 NOORDER  NOCYCLE  NOKEEP  NOSCALE  GLOBAL ;
--------------------------------------------------------
--  DDL for Sequence COORRDINADORES
--------------------------------------------------------

   CREATE SEQUENCE  "SOCIALDUOC"."COORRDINADORES"  MINVALUE 1 MAXVALUE 9999999999999999999999999999 INCREMENT BY 1 START WITH 1040 CACHE 20 NOORDER  NOCYCLE  NOKEEP  NOSCALE  GLOBAL ;
--------------------------------------------------------
--  DDL for Sequence COORRDINADORESS
--------------------------------------------------------

   CREATE SEQUENCE  "SOCIALDUOC"."COORRDINADORESS"  MINVALUE 1 MAXVALUE 9999999999999999999999999999 INCREMENT BY 1 START WITH 1040 CACHE 20 NOORDER  NOCYCLE  NOKEEP  NOSCALE  GLOBAL ;
--------------------------------------------------------
--  DDL for Sequence DIRECTORES
--------------------------------------------------------

   CREATE SEQUENCE  "SOCIALDUOC"."DIRECTORES"  MINVALUE 1 MAXVALUE 9999999999999999999999999999 INCREMENT BY 1 START WITH 2000 CACHE 20 NOORDER  NOCYCLE  NOKEEP  NOSCALE  GLOBAL ;
--------------------------------------------------------
--  DDL for Sequence DIRECTORESS
--------------------------------------------------------

   CREATE SEQUENCE  "SOCIALDUOC"."DIRECTORESS"  MINVALUE 1 MAXVALUE 9999999999999999999999999999 INCREMENT BY 1 START WITH 2000 CACHE 20 NOORDER  NOCYCLE  NOKEEP  NOSCALE  GLOBAL ;
--------------------------------------------------------
--  DDL for Sequence ID_EVE
--------------------------------------------------------

   CREATE SEQUENCE  "SOCIALDUOC"."ID_EVE"  MINVALUE 1 MAXVALUE 9999999999999999999999999999 INCREMENT BY 1 START WITH 545 CACHE 20 NOORDER  NOCYCLE  NOKEEP  NOSCALE  GLOBAL ;
--------------------------------------------------------
--  DDL for Sequence MENSAJES
--------------------------------------------------------

   CREATE SEQUENCE  "SOCIALDUOC"."MENSAJES"  MINVALUE 1 MAXVALUE 9999999999999999999999999999 INCREMENT BY 1 START WITH 8 NOCACHE  NOORDER  NOCYCLE  NOKEEP  NOSCALE  GLOBAL ;
--------------------------------------------------------
--  DDL for Sequence RUTES
--------------------------------------------------------

   CREATE SEQUENCE  "SOCIALDUOC"."RUTES"  MINVALUE 1 MAXVALUE 9999999999999999999999999999 INCREMENT BY 759123 START WITH 40489709 CACHE 20 NOORDER  NOCYCLE  NOKEEP  NOSCALE  GLOBAL ;
--------------------------------------------------------
--  DDL for Sequence SECUENCIA_PUBLICACION
--------------------------------------------------------

   CREATE SEQUENCE  "SOCIALDUOC"."SECUENCIA_PUBLICACION"  MINVALUE 1 MAXVALUE 9999999999999999999999999999 INCREMENT BY 1 START WITH 470 CACHE 20 NOORDER  NOCYCLE  NOKEEP  NOSCALE  GLOBAL ;
--------------------------------------------------------
--  DDL for Sequence SECUENCIA_USUARIO
--------------------------------------------------------

   CREATE SEQUENCE  "SOCIALDUOC"."SECUENCIA_USUARIO"  MINVALUE 1 MAXVALUE 9999999999999999999999999999 INCREMENT BY 1 START WITH 30 CACHE 20 NOORDER  NOCYCLE  NOKEEP  NOSCALE  GLOBAL ;
--------------------------------------------------------
--  DDL for Sequence SEQ_ID_ENCUESTA
--------------------------------------------------------

   CREATE SEQUENCE  "SOCIALDUOC"."SEQ_ID_ENCUESTA"  MINVALUE 1 MAXVALUE 9999999999999999999999999999 INCREMENT BY 1 START WITH 210 CACHE 20 NOORDER  NOCYCLE  NOKEEP  NOSCALE  GLOBAL ;
--------------------------------------------------------
--  DDL for Sequence SEQ_ID_EVENTO
--------------------------------------------------------

   CREATE SEQUENCE  "SOCIALDUOC"."SEQ_ID_EVENTO"  MINVALUE 1 MAXVALUE 9999999999999999999999999999 INCREMENT BY 1 START WITH 170 CACHE 20 NOORDER  NOCYCLE  NOKEEP  NOSCALE  GLOBAL ;
--------------------------------------------------------
--  DDL for Sequence SEQ_ID_PROFE
--------------------------------------------------------

   CREATE SEQUENCE  "SOCIALDUOC"."SEQ_ID_PROFE"  MINVALUE 1 MAXVALUE 9999999999999999999999999999 INCREMENT BY 1 START WITH 70 CACHE 20 NOORDER  NOCYCLE  NOKEEP  NOSCALE  GLOBAL ;
--------------------------------------------------------
--  DDL for Sequence SEQ_ID_RUT_PROFE
--------------------------------------------------------

   CREATE SEQUENCE  "SOCIALDUOC"."SEQ_ID_RUT_PROFE"  MINVALUE 1 MAXVALUE 9999999999999999999999999999 INCREMENT BY 123789 START WITH 23328731 CACHE 20 NOORDER  NOCYCLE  NOKEEP  NOSCALE  GLOBAL ;
--------------------------------------------------------
--  DDL for Sequence SEQ_ID_SECCION
--------------------------------------------------------

   CREATE SEQUENCE  "SOCIALDUOC"."SEQ_ID_SECCION"  MINVALUE 1 MAXVALUE 9999999999999999999999999999 INCREMENT BY 1 START WITH 221 CACHE 20 NOORDER  NOCYCLE  NOKEEP  NOSCALE  GLOBAL ;
--------------------------------------------------------
--  DDL for Sequence SEQ_ID_SECCION_A
--------------------------------------------------------

   CREATE SEQUENCE  "SOCIALDUOC"."SEQ_ID_SECCION_A"  MINVALUE 1 MAXVALUE 9999999999999999999999999999 INCREMENT BY 1 START WITH 81 CACHE 20 NOORDER  NOCYCLE  NOKEEP  NOSCALE  GLOBAL ;
--------------------------------------------------------
--  DDL for Sequence SEQ_ID_SECCION_B
--------------------------------------------------------

   CREATE SEQUENCE  "SOCIALDUOC"."SEQ_ID_SECCION_B"  MINVALUE 1 MAXVALUE 9999999999999999999999999999 INCREMENT BY 1 START WITH 81 CACHE 20 NOORDER  NOCYCLE  NOKEEP  NOSCALE  GLOBAL ;
--------------------------------------------------------
--  DDL for Sequence SEQ_ID_SECCION_C
--------------------------------------------------------

   CREATE SEQUENCE  "SOCIALDUOC"."SEQ_ID_SECCION_C"  MINVALUE 1 MAXVALUE 9999999999999999999999999999 INCREMENT BY 1 START WITH 81 CACHE 20 NOORDER  NOCYCLE  NOKEEP  NOSCALE  GLOBAL ;
--------------------------------------------------------
--  DDL for Sequence SEQ_SECCION_ID
--------------------------------------------------------

   CREATE SEQUENCE  "SOCIALDUOC"."SEQ_SECCION_ID"  MINVALUE 1 MAXVALUE 9999999999999999999999999999 INCREMENT BY 1 START WITH 5000060 CACHE 20 NOORDER  NOCYCLE  NOKEEP  NOSCALE  GLOBAL ;
--------------------------------------------------------
--  DDL for Sequence SEQ_SECCION_USUARIO
--------------------------------------------------------

   CREATE SEQUENCE  "SOCIALDUOC"."SEQ_SECCION_USUARIO"  MINVALUE 1 MAXVALUE 9999999999999999999999999999 INCREMENT BY 1 START WITH 188 NOCACHE  NOORDER  NOCYCLE  NOKEEP  NOSCALE  GLOBAL ;
--------------------------------------------------------
--  DDL for Sequence SEQ_TOKEN_ID
--------------------------------------------------------

   CREATE SEQUENCE  "SOCIALDUOC"."SEQ_TOKEN_ID"  MINVALUE 1 MAXVALUE 9999999999999999999999999999 INCREMENT BY 1 START WITH 81 CACHE 20 NOORDER  NOCYCLE  NOKEEP  NOSCALE  GLOBAL ;
--------------------------------------------------------
--  DDL for Sequence SQ_CHATS
--------------------------------------------------------

   CREATE SEQUENCE  "SOCIALDUOC"."SQ_CHATS"  MINVALUE 1 MAXVALUE 9999999999999999999999999999 INCREMENT BY 1 START WITH 230 NOCACHE  NOORDER  NOCYCLE  NOKEEP  NOSCALE  GLOBAL ;
--------------------------------------------------------
--  DDL for Sequence SQ_ID_COMENT
--------------------------------------------------------

   CREATE SEQUENCE  "SOCIALDUOC"."SQ_ID_COMENT"  MINVALUE 1 MAXVALUE 9999999999999999999999999999 INCREMENT BY 1 START WITH 530 CACHE 20 NOORDER  NOCYCLE  NOKEEP  NOSCALE  GLOBAL ;
--------------------------------------------------------
--  DDL for Sequence SQ_ID_LIKE
--------------------------------------------------------

   CREATE SEQUENCE  "SOCIALDUOC"."SQ_ID_LIKE"  MINVALUE 1 MAXVALUE 9999999999999999999999999999 INCREMENT BY 1 START WITH 810 CACHE 20 NOORDER  NOCYCLE  NOKEEP  NOSCALE  GLOBAL ;
--------------------------------------------------------
--  DDL for Sequence SQ_ID_RESP_ENCUE
--------------------------------------------------------

   CREATE SEQUENCE  "SOCIALDUOC"."SQ_ID_RESP_ENCUE"  MINVALUE 1 MAXVALUE 9999999999999999999999999999 INCREMENT BY 1 START WITH 330 CACHE 20 NOORDER  NOCYCLE  NOKEEP  NOSCALE  GLOBAL ;
--------------------------------------------------------
--  DDL for Sequence SQ_MENSAJES
--------------------------------------------------------

   CREATE SEQUENCE  "SOCIALDUOC"."SQ_MENSAJES"  MINVALUE 1 MAXVALUE 9999999999999999999999999999 INCREMENT BY 1 START WITH 414 NOCACHE  NOORDER  NOCYCLE  NOKEEP  NOSCALE  GLOBAL ;
--------------------------------------------------------
--  DDL for Table ALUMNO
--------------------------------------------------------

  CREATE TABLE "SOCIALDUOC"."ALUMNO" 
   (	"MATRICULA" NUMBER(*,0), 
	"ID_USUARIO" NUMBER(*,0), 
	"ID_CARRERA" NUMBER(*,0)
   ) SEGMENT CREATION IMMEDIATE 
  PCTFREE 10 PCTUSED 40 INITRANS 1 MAXTRANS 255 
 NOCOMPRESS LOGGING
  STORAGE(INITIAL 65536 NEXT 1048576 MINEXTENTS 1 MAXEXTENTS 2147483645
  PCTINCREASE 0 FREELISTS 1 FREELIST GROUPS 1
  BUFFER_POOL DEFAULT FLASH_CACHE DEFAULT CELL_FLASH_CACHE DEFAULT)
  TABLESPACE "USERS" ;
--------------------------------------------------------
--  DDL for Table AMIGO
--------------------------------------------------------

  CREATE TABLE "SOCIALDUOC"."AMIGO" 
   (	"ID_AMISTAD" NUMBER(*,0), 
	"ID_AMIGO" NUMBER(*,0), 
	"ID_USUARIO" NUMBER(*,0)
   ) SEGMENT CREATION IMMEDIATE 
  PCTFREE 10 PCTUSED 40 INITRANS 1 MAXTRANS 255 
 NOCOMPRESS LOGGING
  STORAGE(INITIAL 65536 NEXT 1048576 MINEXTENTS 1 MAXEXTENTS 2147483645
  PCTINCREASE 0 FREELISTS 1 FREELIST GROUPS 1
  BUFFER_POOL DEFAULT FLASH_CACHE DEFAULT CELL_FLASH_CACHE DEFAULT)
  TABLESPACE "USERS" ;
--------------------------------------------------------
--  DDL for Table AUTH_GROUP
--------------------------------------------------------

  CREATE TABLE "SOCIALDUOC"."AUTH_GROUP" 
   (	"ID" NUMBER(11,0) GENERATED BY DEFAULT ON NULL AS IDENTITY MINVALUE 1 MAXVALUE 9999999999999999999999999999 INCREMENT BY 1 START WITH 1 CACHE 20 NOORDER  NOCYCLE  NOKEEP  NOSCALE , 
	"NAME" NVARCHAR2(150)
   ) SEGMENT CREATION DEFERRED 
  PCTFREE 10 PCTUSED 40 INITRANS 1 MAXTRANS 255 
 NOCOMPRESS LOGGING
  TABLESPACE "USERS" ;
--------------------------------------------------------
--  DDL for Table AUTH_GROUP_PERMISSIONS
--------------------------------------------------------

  CREATE TABLE "SOCIALDUOC"."AUTH_GROUP_PERMISSIONS" 
   (	"ID" NUMBER(19,0) GENERATED BY DEFAULT ON NULL AS IDENTITY MINVALUE 1 MAXVALUE 9999999999999999999999999999 INCREMENT BY 1 START WITH 1 CACHE 20 NOORDER  NOCYCLE  NOKEEP  NOSCALE , 
	"GROUP_ID" NUMBER(11,0), 
	"PERMISSION_ID" NUMBER(11,0)
   ) SEGMENT CREATION DEFERRED 
  PCTFREE 10 PCTUSED 40 INITRANS 1 MAXTRANS 255 
 NOCOMPRESS LOGGING
  TABLESPACE "USERS" ;
--------------------------------------------------------
--  DDL for Table AUTH_PERMISSION
--------------------------------------------------------

  CREATE TABLE "SOCIALDUOC"."AUTH_PERMISSION" 
   (	"ID" NUMBER(11,0) GENERATED BY DEFAULT ON NULL AS IDENTITY MINVALUE 1 MAXVALUE 9999999999999999999999999999 INCREMENT BY 1 START WITH 1 CACHE 20 NOORDER  NOCYCLE  NOKEEP  NOSCALE , 
	"NAME" NVARCHAR2(255), 
	"CONTENT_TYPE_ID" NUMBER(11,0), 
	"CODENAME" NVARCHAR2(100)
   ) SEGMENT CREATION IMMEDIATE 
  PCTFREE 10 PCTUSED 40 INITRANS 1 MAXTRANS 255 
 NOCOMPRESS LOGGING
  STORAGE(INITIAL 65536 NEXT 1048576 MINEXTENTS 1 MAXEXTENTS 2147483645
  PCTINCREASE 0 FREELISTS 1 FREELIST GROUPS 1
  BUFFER_POOL DEFAULT FLASH_CACHE DEFAULT CELL_FLASH_CACHE DEFAULT)
  TABLESPACE "USERS" ;
--------------------------------------------------------
--  DDL for Table AUTH_USER
--------------------------------------------------------

  CREATE TABLE "SOCIALDUOC"."AUTH_USER" 
   (	"ID" NUMBER(11,0) GENERATED BY DEFAULT ON NULL AS IDENTITY MINVALUE 1 MAXVALUE 9999999999999999999999999999 INCREMENT BY 1 START WITH 1 CACHE 20 NOORDER  NOCYCLE  NOKEEP  NOSCALE , 
	"PASSWORD" NVARCHAR2(128), 
	"LAST_LOGIN" TIMESTAMP (6), 
	"IS_SUPERUSER" NUMBER(1,0), 
	"USERNAME" NVARCHAR2(150), 
	"FIRST_NAME" NVARCHAR2(150), 
	"LAST_NAME" NVARCHAR2(150), 
	"EMAIL" NVARCHAR2(254), 
	"IS_STAFF" NUMBER(1,0), 
	"IS_ACTIVE" NUMBER(1,0), 
	"DATE_JOINED" TIMESTAMP (6)
   ) SEGMENT CREATION IMMEDIATE 
  PCTFREE 10 PCTUSED 40 INITRANS 1 MAXTRANS 255 
 NOCOMPRESS LOGGING
  STORAGE(INITIAL 65536 NEXT 1048576 MINEXTENTS 1 MAXEXTENTS 2147483645
  PCTINCREASE 0 FREELISTS 1 FREELIST GROUPS 1
  BUFFER_POOL DEFAULT FLASH_CACHE DEFAULT CELL_FLASH_CACHE DEFAULT)
  TABLESPACE "USERS" ;
--------------------------------------------------------
--  DDL for Table AUTH_USER_GROUPS
--------------------------------------------------------

  CREATE TABLE "SOCIALDUOC"."AUTH_USER_GROUPS" 
   (	"ID" NUMBER(19,0) GENERATED BY DEFAULT ON NULL AS IDENTITY MINVALUE 1 MAXVALUE 9999999999999999999999999999 INCREMENT BY 1 START WITH 1 CACHE 20 NOORDER  NOCYCLE  NOKEEP  NOSCALE , 
	"USER_ID" NUMBER(11,0), 
	"GROUP_ID" NUMBER(11,0)
   ) SEGMENT CREATION DEFERRED 
  PCTFREE 10 PCTUSED 40 INITRANS 1 MAXTRANS 255 
 NOCOMPRESS LOGGING
  TABLESPACE "USERS" ;
--------------------------------------------------------
--  DDL for Table AUTH_USER_USER_PERMISSIONS
--------------------------------------------------------

  CREATE TABLE "SOCIALDUOC"."AUTH_USER_USER_PERMISSIONS" 
   (	"ID" NUMBER(19,0) GENERATED BY DEFAULT ON NULL AS IDENTITY MINVALUE 1 MAXVALUE 9999999999999999999999999999 INCREMENT BY 1 START WITH 1 CACHE 20 NOORDER  NOCYCLE  NOKEEP  NOSCALE , 
	"USER_ID" NUMBER(11,0), 
	"PERMISSION_ID" NUMBER(11,0)
   ) SEGMENT CREATION DEFERRED 
  PCTFREE 10 PCTUSED 40 INITRANS 1 MAXTRANS 255 
 NOCOMPRESS LOGGING
  TABLESPACE "USERS" ;
--------------------------------------------------------
--  DDL for Table CARRERA
--------------------------------------------------------

  CREATE TABLE "SOCIALDUOC"."CARRERA" 
   (	"ID_CARRERA" NUMBER(*,0), 
	"NOM_CARRERA" VARCHAR2(100 BYTE)
   ) SEGMENT CREATION IMMEDIATE 
  PCTFREE 10 PCTUSED 40 INITRANS 1 MAXTRANS 255 
 NOCOMPRESS LOGGING
  STORAGE(INITIAL 65536 NEXT 1048576 MINEXTENTS 1 MAXEXTENTS 2147483645
  PCTINCREASE 0 FREELISTS 1 FREELIST GROUPS 1
  BUFFER_POOL DEFAULT FLASH_CACHE DEFAULT CELL_FLASH_CACHE DEFAULT)
  TABLESPACE "USERS" ;
--------------------------------------------------------
--  DDL for Table CARRERA_SEDE
--------------------------------------------------------

  CREATE TABLE "SOCIALDUOC"."CARRERA_SEDE" 
   (	"ID_CARRERA" NUMBER(*,0), 
	"ID_SEDE" NUMBER(*,0)
   ) SEGMENT CREATION IMMEDIATE 
  PCTFREE 10 PCTUSED 40 INITRANS 1 MAXTRANS 255 
 NOCOMPRESS LOGGING
  STORAGE(INITIAL 65536 NEXT 1048576 MINEXTENTS 1 MAXEXTENTS 2147483645
  PCTINCREASE 0 FREELISTS 1 FREELIST GROUPS 1
  BUFFER_POOL DEFAULT FLASH_CACHE DEFAULT CELL_FLASH_CACHE DEFAULT)
  TABLESPACE "USERS" ;
--------------------------------------------------------
--  DDL for Table COMENTARIO
--------------------------------------------------------

  CREATE TABLE "SOCIALDUOC"."COMENTARIO" 
   (	"ID_COMENT" NUMBER(*,0), 
	"COMENTARIO" VARCHAR2(500 BYTE), 
	"ID_PUBLI" NUMBER(*,0), 
	"ID_USUARIO" NUMBER(*,0)
   ) SEGMENT CREATION IMMEDIATE 
  PCTFREE 10 PCTUSED 40 INITRANS 1 MAXTRANS 255 
 NOCOMPRESS LOGGING
  STORAGE(INITIAL 65536 NEXT 1048576 MINEXTENTS 1 MAXEXTENTS 2147483645
  PCTINCREASE 0 FREELISTS 1 FREELIST GROUPS 1
  BUFFER_POOL DEFAULT FLASH_CACHE DEFAULT CELL_FLASH_CACHE DEFAULT)
  TABLESPACE "USERS" ;
--------------------------------------------------------
--  DDL for Table COMUNA
--------------------------------------------------------

  CREATE TABLE "SOCIALDUOC"."COMUNA" 
   (	"ID_COMU" NUMBER(*,0), 
	"NOM_COMUNA" VARCHAR2(20 BYTE), 
	"ID_REGION" NUMBER(*,0)
   ) SEGMENT CREATION IMMEDIATE 
  PCTFREE 10 PCTUSED 40 INITRANS 1 MAXTRANS 255 
 NOCOMPRESS LOGGING
  STORAGE(INITIAL 65536 NEXT 1048576 MINEXTENTS 1 MAXEXTENTS 2147483645
  PCTINCREASE 0 FREELISTS 1 FREELIST GROUPS 1
  BUFFER_POOL DEFAULT FLASH_CACHE DEFAULT CELL_FLASH_CACHE DEFAULT)
  TABLESPACE "USERS" ;
--------------------------------------------------------
--  DDL for Table COORDINADOR
--------------------------------------------------------

  CREATE TABLE "SOCIALDUOC"."COORDINADOR" 
   (	"ID_USUARIO" NUMBER(*,0), 
	"ID_CARRERA" NUMBER(*,0)
   ) SEGMENT CREATION IMMEDIATE 
  PCTFREE 10 PCTUSED 40 INITRANS 1 MAXTRANS 255 
 NOCOMPRESS LOGGING
  STORAGE(INITIAL 65536 NEXT 1048576 MINEXTENTS 1 MAXEXTENTS 2147483645
  PCTINCREASE 0 FREELISTS 1 FREELIST GROUPS 1
  BUFFER_POOL DEFAULT FLASH_CACHE DEFAULT CELL_FLASH_CACHE DEFAULT)
  TABLESPACE "USERS" ;
--------------------------------------------------------
--  DDL for Table DIRECTOR
--------------------------------------------------------

  CREATE TABLE "SOCIALDUOC"."DIRECTOR" 
   (	"ID_USUARIO" NUMBER(*,0), 
	"ID_CARRERA" NUMBER(*,0)
   ) SEGMENT CREATION IMMEDIATE 
  PCTFREE 10 PCTUSED 40 INITRANS 1 MAXTRANS 255 
 NOCOMPRESS LOGGING
  STORAGE(INITIAL 65536 NEXT 1048576 MINEXTENTS 1 MAXEXTENTS 2147483645
  PCTINCREASE 0 FREELISTS 1 FREELIST GROUPS 1
  BUFFER_POOL DEFAULT FLASH_CACHE DEFAULT CELL_FLASH_CACHE DEFAULT)
  TABLESPACE "USERS" ;
--------------------------------------------------------
--  DDL for Table DJANGO_ADMIN_LOG
--------------------------------------------------------

  CREATE TABLE "SOCIALDUOC"."DJANGO_ADMIN_LOG" 
   (	"ID" NUMBER(11,0) GENERATED BY DEFAULT ON NULL AS IDENTITY MINVALUE 1 MAXVALUE 9999999999999999999999999999 INCREMENT BY 1 START WITH 1 CACHE 20 NOORDER  NOCYCLE  NOKEEP  NOSCALE , 
	"ACTION_TIME" TIMESTAMP (6), 
	"OBJECT_ID" NCLOB, 
	"OBJECT_REPR" NVARCHAR2(200), 
	"ACTION_FLAG" NUMBER(11,0), 
	"CHANGE_MESSAGE" NCLOB, 
	"CONTENT_TYPE_ID" NUMBER(11,0), 
	"USER_ID" NUMBER(11,0)
   ) SEGMENT CREATION IMMEDIATE 
  PCTFREE 10 PCTUSED 40 INITRANS 1 MAXTRANS 255 
 NOCOMPRESS LOGGING
  STORAGE(INITIAL 65536 NEXT 1048576 MINEXTENTS 1 MAXEXTENTS 2147483645
  PCTINCREASE 0 FREELISTS 1 FREELIST GROUPS 1
  BUFFER_POOL DEFAULT FLASH_CACHE DEFAULT CELL_FLASH_CACHE DEFAULT)
  TABLESPACE "USERS" 
 LOB ("OBJECT_ID") STORE AS SECUREFILE (
  TABLESPACE "USERS" ENABLE STORAGE IN ROW 4000 CHUNK 8192
  NOCACHE LOGGING  NOCOMPRESS  KEEP_DUPLICATES 
  STORAGE(INITIAL 262144 NEXT 1048576 MINEXTENTS 1 MAXEXTENTS 2147483645
  PCTINCREASE 0
  BUFFER_POOL DEFAULT FLASH_CACHE DEFAULT CELL_FLASH_CACHE DEFAULT)) 
 LOB ("CHANGE_MESSAGE") STORE AS SECUREFILE (
  TABLESPACE "USERS" ENABLE STORAGE IN ROW 4000 CHUNK 8192
  NOCACHE LOGGING  NOCOMPRESS  KEEP_DUPLICATES 
  STORAGE(INITIAL 262144 NEXT 1048576 MINEXTENTS 1 MAXEXTENTS 2147483645
  PCTINCREASE 0
  BUFFER_POOL DEFAULT FLASH_CACHE DEFAULT CELL_FLASH_CACHE DEFAULT)) ;
--------------------------------------------------------
--  DDL for Table DJANGO_CONTENT_TYPE
--------------------------------------------------------

  CREATE TABLE "SOCIALDUOC"."DJANGO_CONTENT_TYPE" 
   (	"ID" NUMBER(11,0) GENERATED BY DEFAULT ON NULL AS IDENTITY MINVALUE 1 MAXVALUE 9999999999999999999999999999 INCREMENT BY 1 START WITH 1 CACHE 20 NOORDER  NOCYCLE  NOKEEP  NOSCALE , 
	"APP_LABEL" NVARCHAR2(100), 
	"MODEL" NVARCHAR2(100)
   ) SEGMENT CREATION IMMEDIATE 
  PCTFREE 10 PCTUSED 40 INITRANS 1 MAXTRANS 255 
 NOCOMPRESS LOGGING
  STORAGE(INITIAL 65536 NEXT 1048576 MINEXTENTS 1 MAXEXTENTS 2147483645
  PCTINCREASE 0 FREELISTS 1 FREELIST GROUPS 1
  BUFFER_POOL DEFAULT FLASH_CACHE DEFAULT CELL_FLASH_CACHE DEFAULT)
  TABLESPACE "USERS" ;
--------------------------------------------------------
--  DDL for Table DJANGO_MIGRATIONS
--------------------------------------------------------

  CREATE TABLE "SOCIALDUOC"."DJANGO_MIGRATIONS" 
   (	"ID" NUMBER(19,0) GENERATED BY DEFAULT ON NULL AS IDENTITY MINVALUE 1 MAXVALUE 9999999999999999999999999999 INCREMENT BY 1 START WITH 1 CACHE 20 NOORDER  NOCYCLE  NOKEEP  NOSCALE , 
	"APP" NVARCHAR2(255), 
	"NAME" NVARCHAR2(255), 
	"APPLIED" TIMESTAMP (6)
   ) SEGMENT CREATION IMMEDIATE 
  PCTFREE 10 PCTUSED 40 INITRANS 1 MAXTRANS 255 
 NOCOMPRESS LOGGING
  STORAGE(INITIAL 65536 NEXT 1048576 MINEXTENTS 1 MAXEXTENTS 2147483645
  PCTINCREASE 0 FREELISTS 1 FREELIST GROUPS 1
  BUFFER_POOL DEFAULT FLASH_CACHE DEFAULT CELL_FLASH_CACHE DEFAULT)
  TABLESPACE "USERS" ;
--------------------------------------------------------
--  DDL for Table DJANGO_SESSION
--------------------------------------------------------

  CREATE TABLE "SOCIALDUOC"."DJANGO_SESSION" 
   (	"SESSION_KEY" NVARCHAR2(40), 
	"SESSION_DATA" NCLOB, 
	"EXPIRE_DATE" TIMESTAMP (6)
   ) SEGMENT CREATION IMMEDIATE 
  PCTFREE 10 PCTUSED 40 INITRANS 1 MAXTRANS 255 
 NOCOMPRESS LOGGING
  STORAGE(INITIAL 65536 NEXT 1048576 MINEXTENTS 1 MAXEXTENTS 2147483645
  PCTINCREASE 0 FREELISTS 1 FREELIST GROUPS 1
  BUFFER_POOL DEFAULT FLASH_CACHE DEFAULT CELL_FLASH_CACHE DEFAULT)
  TABLESPACE "USERS" 
 LOB ("SESSION_DATA") STORE AS SECUREFILE (
  TABLESPACE "USERS" ENABLE STORAGE IN ROW 4000 CHUNK 8192
  NOCACHE LOGGING  NOCOMPRESS  KEEP_DUPLICATES 
  STORAGE(INITIAL 262144 NEXT 1048576 MINEXTENTS 1 MAXEXTENTS 2147483645
  PCTINCREASE 0
  BUFFER_POOL DEFAULT FLASH_CACHE DEFAULT CELL_FLASH_CACHE DEFAULT)) ;
--------------------------------------------------------
--  DDL for Table DOCENTE
--------------------------------------------------------

  CREATE TABLE "SOCIALDUOC"."DOCENTE" 
   (	"ID_USUARIO" NUMBER(*,0), 
	"ID_CARRERA" NUMBER(*,0)
   ) SEGMENT CREATION IMMEDIATE 
  PCTFREE 10 PCTUSED 40 INITRANS 1 MAXTRANS 255 
 NOCOMPRESS LOGGING
  STORAGE(INITIAL 65536 NEXT 1048576 MINEXTENTS 1 MAXEXTENTS 2147483645
  PCTINCREASE 0 FREELISTS 1 FREELIST GROUPS 1
  BUFFER_POOL DEFAULT FLASH_CACHE DEFAULT CELL_FLASH_CACHE DEFAULT)
  TABLESPACE "USERS" ;
--------------------------------------------------------
--  DDL for Table ENCUESTA
--------------------------------------------------------

  CREATE TABLE "SOCIALDUOC"."ENCUESTA" 
   (	"TITULO" VARCHAR2(100 BYTE), 
	"PREGUNTA" VARCHAR2(100 BYTE), 
	"DESCRIP" VARCHAR2(100 BYTE), 
	"FECHA" DATE, 
	"ESTADO" NUMBER(*,0), 
	"ID_ENCU" NUMBER(*,0), 
	"LINK" VARCHAR2(150 BYTE), 
	"ID_USUARIO" NUMBER(*,0), 
	"FECHAFIN" DATE, 
	"RESPUESTA_UNO" VARCHAR2(20 BYTE), 
	"RESPUESTA_DOS" VARCHAR2(20 BYTE)
   ) SEGMENT CREATION IMMEDIATE 
  PCTFREE 10 PCTUSED 40 INITRANS 1 MAXTRANS 255 
 NOCOMPRESS LOGGING
  STORAGE(INITIAL 65536 NEXT 1048576 MINEXTENTS 1 MAXEXTENTS 2147483645
  PCTINCREASE 0 FREELISTS 1 FREELIST GROUPS 1
  BUFFER_POOL DEFAULT FLASH_CACHE DEFAULT CELL_FLASH_CACHE DEFAULT)
  TABLESPACE "USERS" ;
--------------------------------------------------------
--  DDL for Table ESTADO_PERFIL
--------------------------------------------------------

  CREATE TABLE "SOCIALDUOC"."ESTADO_PERFIL" 
   (	"ID_ESTADO" NUMBER(*,0), 
	"NOM_EST" VARCHAR2(15 BYTE)
   ) SEGMENT CREATION IMMEDIATE 
  PCTFREE 10 PCTUSED 40 INITRANS 1 MAXTRANS 255 
 NOCOMPRESS LOGGING
  STORAGE(INITIAL 65536 NEXT 1048576 MINEXTENTS 1 MAXEXTENTS 2147483645
  PCTINCREASE 0 FREELISTS 1 FREELIST GROUPS 1
  BUFFER_POOL DEFAULT FLASH_CACHE DEFAULT CELL_FLASH_CACHE DEFAULT)
  TABLESPACE "USERS" ;
--------------------------------------------------------
--  DDL for Table EVENTO_AGENDADO
--------------------------------------------------------

  CREATE TABLE "SOCIALDUOC"."EVENTO_AGENDADO" 
   (	"ID_EVENTO" NUMBER(*,0), 
	"NOM_EVEN" VARCHAR2(30 BYTE), 
	"FECHA" DATE, 
	"DESCRIP" VARCHAR2(150 BYTE), 
	"ESTADO" NUMBER(*,0), 
	"ID_USUARIO" NUMBER(*,0), 
	"FECHAFIN" DATE
   ) SEGMENT CREATION IMMEDIATE 
  PCTFREE 10 PCTUSED 40 INITRANS 1 MAXTRANS 255 
 NOCOMPRESS LOGGING
  STORAGE(INITIAL 65536 NEXT 1048576 MINEXTENTS 1 MAXEXTENTS 2147483645
  PCTINCREASE 0 FREELISTS 1 FREELIST GROUPS 1
  BUFFER_POOL DEFAULT FLASH_CACHE DEFAULT CELL_FLASH_CACHE DEFAULT)
  TABLESPACE "USERS" ;
--------------------------------------------------------
--  DDL for Table FCM_DJANGO_FCMDEVICE
--------------------------------------------------------

  CREATE TABLE "SOCIALDUOC"."FCM_DJANGO_FCMDEVICE" 
   (	"ID" NUMBER(11,0) GENERATED BY DEFAULT ON NULL AS IDENTITY MINVALUE 1 MAXVALUE 9999999999999999999999999999 INCREMENT BY 1 START WITH 1 CACHE 20 NOORDER  NOCYCLE  NOKEEP  NOSCALE , 
	"NAME" NVARCHAR2(255), 
	"ACTIVE" NUMBER(1,0), 
	"DATE_CREATED" TIMESTAMP (6), 
	"DEVICE_ID" NVARCHAR2(255), 
	"REGISTRATION_ID" NCLOB, 
	"TYPE" NVARCHAR2(10), 
	"USER_ID" NUMBER(11,0)
   ) SEGMENT CREATION IMMEDIATE 
  PCTFREE 10 PCTUSED 40 INITRANS 1 MAXTRANS 255 
 NOCOMPRESS LOGGING
  STORAGE(INITIAL 65536 NEXT 1048576 MINEXTENTS 1 MAXEXTENTS 2147483645
  PCTINCREASE 0 FREELISTS 1 FREELIST GROUPS 1
  BUFFER_POOL DEFAULT FLASH_CACHE DEFAULT CELL_FLASH_CACHE DEFAULT)
  TABLESPACE "USERS" 
 LOB ("REGISTRATION_ID") STORE AS SECUREFILE (
  TABLESPACE "USERS" ENABLE STORAGE IN ROW 4000 CHUNK 8192
  NOCACHE LOGGING  NOCOMPRESS  KEEP_DUPLICATES 
  STORAGE(INITIAL 262144 NEXT 1048576 MINEXTENTS 1 MAXEXTENTS 2147483645
  PCTINCREASE 0
  BUFFER_POOL DEFAULT FLASH_CACHE DEFAULT CELL_FLASH_CACHE DEFAULT)) ;
--------------------------------------------------------
--  DDL for Table GENERO
--------------------------------------------------------

  CREATE TABLE "SOCIALDUOC"."GENERO" 
   (	"ID_GEN" NUMBER(*,0), 
	"NOM_GEN" VARCHAR2(30 BYTE)
   ) SEGMENT CREATION IMMEDIATE 
  PCTFREE 10 PCTUSED 40 INITRANS 1 MAXTRANS 255 
 NOCOMPRESS LOGGING
  STORAGE(INITIAL 65536 NEXT 1048576 MINEXTENTS 1 MAXEXTENTS 2147483645
  PCTINCREASE 0 FREELISTS 1 FREELIST GROUPS 1
  BUFFER_POOL DEFAULT FLASH_CACHE DEFAULT CELL_FLASH_CACHE DEFAULT)
  TABLESPACE "USERS" ;
--------------------------------------------------------
--  DDL for Table INSTITUCION
--------------------------------------------------------

  CREATE TABLE "SOCIALDUOC"."INSTITUCION" 
   (	"USUARIO_ID_USUARIO" NUMBER(*,0), 
	"ID_SEDE" NUMBER(*,0)
   ) SEGMENT CREATION IMMEDIATE 
  PCTFREE 10 PCTUSED 40 INITRANS 1 MAXTRANS 255 
 NOCOMPRESS LOGGING
  STORAGE(INITIAL 65536 NEXT 1048576 MINEXTENTS 1 MAXEXTENTS 2147483645
  PCTINCREASE 0 FREELISTS 1 FREELIST GROUPS 1
  BUFFER_POOL DEFAULT FLASH_CACHE DEFAULT CELL_FLASH_CACHE DEFAULT)
  TABLESPACE "USERS" ;
--------------------------------------------------------
--  DDL for Table MENSAJE
--------------------------------------------------------

  CREATE TABLE "SOCIALDUOC"."MENSAJE" 
   (	"ID_MENSAJE" NUMBER(*,0), 
	"MENSAJE" VARCHAR2(500 BYTE), 
	"ARCHIVO" BLOB, 
	"USU_RECEP" NUMBER(*,0), 
	"USU_ORIGEN" NUMBER, 
	"ID_CHAT" NUMBER, 
	"FECHA" DATE, 
	"TIPO" NUMBER
   ) SEGMENT CREATION IMMEDIATE 
  PCTFREE 10 PCTUSED 40 INITRANS 1 MAXTRANS 255 
 NOCOMPRESS LOGGING
  STORAGE(INITIAL 65536 NEXT 1048576 MINEXTENTS 1 MAXEXTENTS 2147483645
  PCTINCREASE 0 FREELISTS 1 FREELIST GROUPS 1
  BUFFER_POOL DEFAULT FLASH_CACHE DEFAULT CELL_FLASH_CACHE DEFAULT)
  TABLESPACE "USERS" 
 LOB ("ARCHIVO") STORE AS SECUREFILE (
  TABLESPACE "USERS" ENABLE STORAGE IN ROW 4000 CHUNK 8192
  NOCACHE LOGGING  NOCOMPRESS  KEEP_DUPLICATES 
  STORAGE(INITIAL 262144 NEXT 1048576 MINEXTENTS 1 MAXEXTENTS 2147483645
  PCTINCREASE 0
  BUFFER_POOL DEFAULT FLASH_CACHE DEFAULT CELL_FLASH_CACHE DEFAULT)) ;
--------------------------------------------------------
--  DDL for Table ME_GUSTA
--------------------------------------------------------

  CREATE TABLE "SOCIALDUOC"."ME_GUSTA" 
   (	"ID_ME_GUSTA" NUMBER(*,0), 
	"ID_PUBLI" NUMBER(*,0), 
	"TIPO_LIKE" NUMBER, 
	"ID_USUARIO" NUMBER(*,0)
   ) SEGMENT CREATION IMMEDIATE 
  PCTFREE 10 PCTUSED 40 INITRANS 1 MAXTRANS 255 
 NOCOMPRESS LOGGING
  STORAGE(INITIAL 65536 NEXT 1048576 MINEXTENTS 1 MAXEXTENTS 2147483645
  PCTINCREASE 0 FREELISTS 1 FREELIST GROUPS 1
  BUFFER_POOL DEFAULT FLASH_CACHE DEFAULT CELL_FLASH_CACHE DEFAULT)
  TABLESPACE "USERS" ;
--------------------------------------------------------
--  DDL for Table MY_ADMIN
--------------------------------------------------------

  CREATE TABLE "SOCIALDUOC"."MY_ADMIN" 
   (	"ID_ADMIN" NUMBER(*,0), 
	"NOMBRE" VARCHAR2(20 BYTE), 
	"CONTRASENIA" VARCHAR2(20 BYTE), 
	"USUARIO" VARCHAR2(20 BYTE)
   ) SEGMENT CREATION IMMEDIATE 
  PCTFREE 10 PCTUSED 40 INITRANS 1 MAXTRANS 255 
 NOCOMPRESS LOGGING
  STORAGE(INITIAL 65536 NEXT 1048576 MINEXTENTS 1 MAXEXTENTS 2147483645
  PCTINCREASE 0 FREELISTS 1 FREELIST GROUPS 1
  BUFFER_POOL DEFAULT FLASH_CACHE DEFAULT CELL_FLASH_CACHE DEFAULT)
  TABLESPACE "USERS" ;
--------------------------------------------------------
--  DDL for Table PARTICIPANTES
--------------------------------------------------------

  CREATE TABLE "SOCIALDUOC"."PARTICIPANTES" 
   (	"ID_PARTI" NUMBER(*,0), 
	"ID_EVENTO" NUMBER(*,0), 
	"ID_USUARIO" NUMBER(*,0)
   ) SEGMENT CREATION IMMEDIATE 
  PCTFREE 10 PCTUSED 40 INITRANS 1 MAXTRANS 255 
 NOCOMPRESS LOGGING
  STORAGE(INITIAL 65536 NEXT 1048576 MINEXTENTS 1 MAXEXTENTS 2147483645
  PCTINCREASE 0 FREELISTS 1 FREELIST GROUPS 1
  BUFFER_POOL DEFAULT FLASH_CACHE DEFAULT CELL_FLASH_CACHE DEFAULT)
  TABLESPACE "USERS" ;
--------------------------------------------------------
--  DDL for Table PUBLICACION
--------------------------------------------------------

  CREATE TABLE "SOCIALDUOC"."PUBLICACION" 
   (	"ID_PUBLI" NUMBER(*,0), 
	"FECHA" DATE, 
	"DESCRIP" VARCHAR2(1500 BYTE), 
	"ESTADO" NUMBER(*,0), 
	"ID_USUARIO" NUMBER(*,0), 
	"FOTOS" BLOB, 
	"ID_SEDE" NUMBER
   ) SEGMENT CREATION IMMEDIATE 
  PCTFREE 10 PCTUSED 40 INITRANS 1 MAXTRANS 255 
 NOCOMPRESS LOGGING
  STORAGE(INITIAL 65536 NEXT 1048576 MINEXTENTS 1 MAXEXTENTS 2147483645
  PCTINCREASE 0 FREELISTS 1 FREELIST GROUPS 1
  BUFFER_POOL DEFAULT FLASH_CACHE DEFAULT CELL_FLASH_CACHE DEFAULT)
  TABLESPACE "USERS" 
 LOB ("FOTOS") STORE AS SECUREFILE (
  TABLESPACE "USERS" ENABLE STORAGE IN ROW 4000 CHUNK 8192
  NOCACHE LOGGING  NOCOMPRESS  KEEP_DUPLICATES 
  STORAGE(INITIAL 262144 NEXT 1048576 MINEXTENTS 1 MAXEXTENTS 2147483645
  PCTINCREASE 0
  BUFFER_POOL DEFAULT FLASH_CACHE DEFAULT CELL_FLASH_CACHE DEFAULT)) ;
--------------------------------------------------------
--  DDL for Table RAMO
--------------------------------------------------------

  CREATE TABLE "SOCIALDUOC"."RAMO" 
   (	"ID_RAMO" NUMBER(*,0), 
	"NOM_RAMO" VARCHAR2(100 BYTE), 
	"ID_CARRERA" NUMBER(*,0)
   ) SEGMENT CREATION IMMEDIATE 
  PCTFREE 10 PCTUSED 40 INITRANS 1 MAXTRANS 255 
 NOCOMPRESS LOGGING
  STORAGE(INITIAL 65536 NEXT 1048576 MINEXTENTS 1 MAXEXTENTS 2147483645
  PCTINCREASE 0 FREELISTS 1 FREELIST GROUPS 1
  BUFFER_POOL DEFAULT FLASH_CACHE DEFAULT CELL_FLASH_CACHE DEFAULT)
  TABLESPACE "USERS" ;
--------------------------------------------------------
--  DDL for Table RAMO_DOC
--------------------------------------------------------

  CREATE TABLE "SOCIALDUOC"."RAMO_DOC" 
   (	"DOCENTE_ID_USUARIO" NUMBER(*,0), 
	"ID_RAMO" NUMBER(*,0)
   ) SEGMENT CREATION IMMEDIATE 
  PCTFREE 10 PCTUSED 40 INITRANS 1 MAXTRANS 255 
 NOCOMPRESS LOGGING
  STORAGE(INITIAL 65536 NEXT 1048576 MINEXTENTS 1 MAXEXTENTS 2147483645
  PCTINCREASE 0 FREELISTS 1 FREELIST GROUPS 1
  BUFFER_POOL DEFAULT FLASH_CACHE DEFAULT CELL_FLASH_CACHE DEFAULT)
  TABLESPACE "USERS" ;
--------------------------------------------------------
--  DDL for Table REGION
--------------------------------------------------------

  CREATE TABLE "SOCIALDUOC"."REGION" 
   (	"ID_REGION" NUMBER(*,0), 
	"NOM_REGION" VARCHAR2(30 BYTE)
   ) SEGMENT CREATION IMMEDIATE 
  PCTFREE 10 PCTUSED 40 INITRANS 1 MAXTRANS 255 
 NOCOMPRESS LOGGING
  STORAGE(INITIAL 65536 NEXT 1048576 MINEXTENTS 1 MAXEXTENTS 2147483645
  PCTINCREASE 0 FREELISTS 1 FREELIST GROUPS 1
  BUFFER_POOL DEFAULT FLASH_CACHE DEFAULT CELL_FLASH_CACHE DEFAULT)
  TABLESPACE "USERS" ;
--------------------------------------------------------
--  DDL for Table RESP_ENCUE
--------------------------------------------------------

  CREATE TABLE "SOCIALDUOC"."RESP_ENCUE" 
   (	"ID_RESP" NUMBER(*,0), 
	"RESPUESTA" VARCHAR2(150 BYTE), 
	"ID_ENCU" NUMBER(*,0), 
	"ID_USUARIO" NUMBER(*,0)
   ) SEGMENT CREATION IMMEDIATE 
  PCTFREE 10 PCTUSED 40 INITRANS 1 MAXTRANS 255 
 NOCOMPRESS LOGGING
  STORAGE(INITIAL 65536 NEXT 1048576 MINEXTENTS 1 MAXEXTENTS 2147483645
  PCTINCREASE 0 FREELISTS 1 FREELIST GROUPS 1
  BUFFER_POOL DEFAULT FLASH_CACHE DEFAULT CELL_FLASH_CACHE DEFAULT)
  TABLESPACE "USERS" ;
--------------------------------------------------------
--  DDL for Table SECCION
--------------------------------------------------------

  CREATE TABLE "SOCIALDUOC"."SECCION" 
   (	"ID_SECC" NUMBER(*,0), 
	"NOM_SECCION" VARCHAR2(15 BYTE), 
	"ID_RAMO" NUMBER(*,0)
   ) SEGMENT CREATION IMMEDIATE 
  PCTFREE 10 PCTUSED 40 INITRANS 1 MAXTRANS 255 
 NOCOMPRESS LOGGING
  STORAGE(INITIAL 65536 NEXT 1048576 MINEXTENTS 1 MAXEXTENTS 2147483645
  PCTINCREASE 0 FREELISTS 1 FREELIST GROUPS 1
  BUFFER_POOL DEFAULT FLASH_CACHE DEFAULT CELL_FLASH_CACHE DEFAULT)
  TABLESPACE "USERS" ;
--------------------------------------------------------
--  DDL for Table SECCION_ALU_DOC
--------------------------------------------------------

  CREATE TABLE "SOCIALDUOC"."SECCION_ALU_DOC" 
   (	"SECCION_ID_SECC" NUMBER(*,0), 
	"DOCE_USU_ID_USUARIO" NUMBER(*,0), 
	"ALUM_USU_ID_USUARIO" NUMBER(*,0)
   ) SEGMENT CREATION IMMEDIATE 
  PCTFREE 10 PCTUSED 40 INITRANS 1 MAXTRANS 255 
 NOCOMPRESS LOGGING
  STORAGE(INITIAL 65536 NEXT 1048576 MINEXTENTS 1 MAXEXTENTS 2147483645
  PCTINCREASE 0 FREELISTS 1 FREELIST GROUPS 1
  BUFFER_POOL DEFAULT FLASH_CACHE DEFAULT CELL_FLASH_CACHE DEFAULT)
  TABLESPACE "USERS" ;
--------------------------------------------------------
--  DDL for Table SECCION_USUARIO
--------------------------------------------------------

  CREATE TABLE "SOCIALDUOC"."SECCION_USUARIO" 
   (	"ID_SEC_USER" NUMBER, 
	"ID_USUARIO" NUMBER, 
	"ID_SECCION" NUMBER
   ) SEGMENT CREATION IMMEDIATE 
  PCTFREE 10 PCTUSED 40 INITRANS 1 MAXTRANS 255 
 NOCOMPRESS LOGGING
  STORAGE(INITIAL 65536 NEXT 1048576 MINEXTENTS 1 MAXEXTENTS 2147483645
  PCTINCREASE 0 FREELISTS 1 FREELIST GROUPS 1
  BUFFER_POOL DEFAULT FLASH_CACHE DEFAULT CELL_FLASH_CACHE DEFAULT)
  TABLESPACE "USERS" ;
--------------------------------------------------------
--  DDL for Table SEDE
--------------------------------------------------------

  CREATE TABLE "SOCIALDUOC"."SEDE" 
   (	"ID_SEDE" NUMBER(*,0), 
	"NOM_SEDE" VARCHAR2(30 BYTE)
   ) SEGMENT CREATION IMMEDIATE 
  PCTFREE 10 PCTUSED 40 INITRANS 1 MAXTRANS 255 
 NOCOMPRESS LOGGING
  STORAGE(INITIAL 65536 NEXT 1048576 MINEXTENTS 1 MAXEXTENTS 2147483645
  PCTINCREASE 0 FREELISTS 1 FREELIST GROUPS 1
  BUFFER_POOL DEFAULT FLASH_CACHE DEFAULT CELL_FLASH_CACHE DEFAULT)
  TABLESPACE "USERS" ;
--------------------------------------------------------
--  DDL for Table SOCIALDUOC_CHATROOM
--------------------------------------------------------

  CREATE TABLE "SOCIALDUOC"."SOCIALDUOC_CHATROOM" 
   (	"ID" NUMBER(19,0) GENERATED BY DEFAULT ON NULL AS IDENTITY MINVALUE 1 MAXVALUE 9999999999999999999999999999 INCREMENT BY 1 START WITH 1 CACHE 20 NOORDER  NOCYCLE  NOKEEP  NOSCALE , 
	"TITLE" NVARCHAR2(255)
   ) SEGMENT CREATION IMMEDIATE 
  PCTFREE 10 PCTUSED 40 INITRANS 1 MAXTRANS 255 
 NOCOMPRESS LOGGING
  STORAGE(INITIAL 65536 NEXT 1048576 MINEXTENTS 1 MAXEXTENTS 2147483645
  PCTINCREASE 0 FREELISTS 1 FREELIST GROUPS 1
  BUFFER_POOL DEFAULT FLASH_CACHE DEFAULT CELL_FLASH_CACHE DEFAULT)
  TABLESPACE "USERS" ;
--------------------------------------------------------
--  DDL for Table SOCIALDUOC_CHATROOM_USERS
--------------------------------------------------------

  CREATE TABLE "SOCIALDUOC"."SOCIALDUOC_CHATROOM_USERS" 
   (	"ID" NUMBER(19,0) GENERATED BY DEFAULT ON NULL AS IDENTITY MINVALUE 1 MAXVALUE 9999999999999999999999999999 INCREMENT BY 1 START WITH 1 CACHE 20 NOORDER  NOCYCLE  NOKEEP  NOSCALE , 
	"CHATROOM_ID" NUMBER(19,0), 
	"USER_ID" NUMBER(11,0)
   ) SEGMENT CREATION IMMEDIATE 
  PCTFREE 10 PCTUSED 40 INITRANS 1 MAXTRANS 255 
 NOCOMPRESS LOGGING
  STORAGE(INITIAL 65536 NEXT 1048576 MINEXTENTS 1 MAXEXTENTS 2147483645
  PCTINCREASE 0 FREELISTS 1 FREELIST GROUPS 1
  BUFFER_POOL DEFAULT FLASH_CACHE DEFAULT CELL_FLASH_CACHE DEFAULT)
  TABLESPACE "USERS" ;
--------------------------------------------------------
--  DDL for Table SOCIALDUOC_CONTENIDO
--------------------------------------------------------

  CREATE TABLE "SOCIALDUOC"."SOCIALDUOC_CONTENIDO" 
   (	"ID_PUBLICACION" NUMBER(11,0) GENERATED BY DEFAULT ON NULL AS IDENTITY MINVALUE 1 MAXVALUE 9999999999999999999999999999 INCREMENT BY 1 START WITH 1 CACHE 20 NOORDER  NOCYCLE  NOKEEP  NOSCALE , 
	"TIPO" NVARCHAR2(30), 
	"TITULO" NVARCHAR2(255), 
	"FECHA" DATE, 
	"FECHA_FIN" DATE, 
	"NOMBRE_USUARIO" NVARCHAR2(30), 
	"DESCRIPCION" NCLOB, 
	"PREGUNTA" NCLOB, 
	"LINK" NVARCHAR2(200), 
	"RESPUESTA_UNO" NCLOB, 
	"RESPUESTA_DOS" NCLOB, 
	"LIKE_COUNT" NUMBER(11,0), 
	"ID_USUARIO" NUMBER(11,0), 
	"FOTO_USUARIO" BLOB, 
	"FOTO_PUBLICACION" BLOB, 
	"SEDE" NCLOB, 
	"USUARIO" NCLOB
   ) SEGMENT CREATION DEFERRED 
  PCTFREE 10 PCTUSED 40 INITRANS 1 MAXTRANS 255 
 NOCOMPRESS LOGGING
  TABLESPACE "USERS" 
 LOB ("DESCRIPCION") STORE AS SECUREFILE (
  TABLESPACE "USERS" ENABLE STORAGE IN ROW 4000 CHUNK 8192
  NOCACHE LOGGING  NOCOMPRESS  KEEP_DUPLICATES ) 
 LOB ("PREGUNTA") STORE AS SECUREFILE (
  TABLESPACE "USERS" ENABLE STORAGE IN ROW 4000 CHUNK 8192
  NOCACHE LOGGING  NOCOMPRESS  KEEP_DUPLICATES ) 
 LOB ("RESPUESTA_UNO") STORE AS SECUREFILE (
  TABLESPACE "USERS" ENABLE STORAGE IN ROW 4000 CHUNK 8192
  NOCACHE LOGGING  NOCOMPRESS  KEEP_DUPLICATES ) 
 LOB ("RESPUESTA_DOS") STORE AS SECUREFILE (
  TABLESPACE "USERS" ENABLE STORAGE IN ROW 4000 CHUNK 8192
  NOCACHE LOGGING  NOCOMPRESS  KEEP_DUPLICATES ) 
 LOB ("FOTO_USUARIO") STORE AS SECUREFILE (
  TABLESPACE "USERS" ENABLE STORAGE IN ROW 4000 CHUNK 8192
  NOCACHE LOGGING  NOCOMPRESS  KEEP_DUPLICATES ) 
 LOB ("FOTO_PUBLICACION") STORE AS SECUREFILE (
  TABLESPACE "USERS" ENABLE STORAGE IN ROW 4000 CHUNK 8192
  NOCACHE LOGGING  NOCOMPRESS  KEEP_DUPLICATES ) 
 LOB ("SEDE") STORE AS SECUREFILE (
  TABLESPACE "USERS" ENABLE STORAGE IN ROW 4000 CHUNK 8192
  NOCACHE LOGGING  NOCOMPRESS  KEEP_DUPLICATES ) 
 LOB ("USUARIO") STORE AS SECUREFILE (
  TABLESPACE "USERS" ENABLE STORAGE IN ROW 4000 CHUNK 8192
  NOCACHE LOGGING  NOCOMPRESS  KEEP_DUPLICATES ) ;
--------------------------------------------------------
--  DDL for Table SOCIALDUOC_ONETIMETOKEN
--------------------------------------------------------

  CREATE TABLE "SOCIALDUOC"."SOCIALDUOC_ONETIMETOKEN" 
   (	"ID" NUMBER(19,0) GENERATED BY DEFAULT ON NULL AS IDENTITY MINVALUE 1 MAXVALUE 9999999999999999999999999999 INCREMENT BY 1 START WITH 1 CACHE 20 NOORDER  NOCYCLE  NOKEEP  NOSCALE , 
	"TOKEN" NVARCHAR2(100), 
	"CREATED_AT" TIMESTAMP (6)
   ) SEGMENT CREATION DEFERRED 
  PCTFREE 10 PCTUSED 40 INITRANS 1 MAXTRANS 255 
 NOCOMPRESS LOGGING
  TABLESPACE "USERS" ;
--------------------------------------------------------
--  DDL for Table SOCIALDUOC_ROOMCHATMESSAGE
--------------------------------------------------------

  CREATE TABLE "SOCIALDUOC"."SOCIALDUOC_ROOMCHATMESSAGE" 
   (	"ID" NUMBER(19,0) GENERATED BY DEFAULT ON NULL AS IDENTITY MINVALUE 1 MAXVALUE 9999999999999999999999999999 INCREMENT BY 1 START WITH 1 CACHE 20 NOORDER  NOCYCLE  NOKEEP  NOSCALE , 
	"TIMESTAMP" TIMESTAMP (6), 
	"CONTENT" NCLOB, 
	"ROOM_ID" NUMBER(19,0), 
	"USER_ID" NUMBER(11,0)
   ) SEGMENT CREATION DEFERRED 
  PCTFREE 10 PCTUSED 40 INITRANS 1 MAXTRANS 255 
 NOCOMPRESS LOGGING
  TABLESPACE "USERS" 
 LOB ("CONTENT") STORE AS SECUREFILE (
  TABLESPACE "USERS" ENABLE STORAGE IN ROW 4000 CHUNK 8192
  NOCACHE LOGGING  NOCOMPRESS  KEEP_DUPLICATES ) ;
--------------------------------------------------------
--  DDL for Table TIPO_USUARIO
--------------------------------------------------------

  CREATE TABLE "SOCIALDUOC"."TIPO_USUARIO" 
   (	"ID_TIPO" NUMBER(*,0), 
	"NOM_TIPO" VARCHAR2(20 BYTE)
   ) SEGMENT CREATION IMMEDIATE 
  PCTFREE 10 PCTUSED 40 INITRANS 1 MAXTRANS 255 
 NOCOMPRESS LOGGING
  STORAGE(INITIAL 65536 NEXT 1048576 MINEXTENTS 1 MAXEXTENTS 2147483645
  PCTINCREASE 0 FREELISTS 1 FREELIST GROUPS 1
  BUFFER_POOL DEFAULT FLASH_CACHE DEFAULT CELL_FLASH_CACHE DEFAULT)
  TABLESPACE "USERS" ;
--------------------------------------------------------
--  DDL for Table TOKENS
--------------------------------------------------------

  CREATE TABLE "SOCIALDUOC"."TOKENS" 
   (	"ID" NUMBER, 
	"TOKEN" VARCHAR2(500 BYTE), 
	"ID_USUARIO" NUMBER
   ) SEGMENT CREATION IMMEDIATE 
  PCTFREE 10 PCTUSED 40 INITRANS 1 MAXTRANS 255 
 NOCOMPRESS LOGGING
  STORAGE(INITIAL 65536 NEXT 1048576 MINEXTENTS 1 MAXEXTENTS 2147483645
  PCTINCREASE 0 FREELISTS 1 FREELIST GROUPS 1
  BUFFER_POOL DEFAULT FLASH_CACHE DEFAULT CELL_FLASH_CACHE DEFAULT)
  TABLESPACE "USERS" ;
--------------------------------------------------------
--  DDL for Table USUARIO
--------------------------------------------------------

  CREATE TABLE "SOCIALDUOC"."USUARIO" 
   (	"ID_USUARIO" NUMBER(*,0), 
	"RUT" NUMBER(*,0), 
	"DV" VARCHAR2(1 BYTE), 
	"NOMBRE" VARCHAR2(30 BYTE), 
	"AP_PATER" VARCHAR2(30 BYTE), 
	"AP_MATER" VARCHAR2(30 BYTE), 
	"USUARIO" VARCHAR2(30 BYTE), 
	"FOTO" BLOB, 
	"CORREO" VARCHAR2(50 BYTE), 
	"CONTRASENIA" VARCHAR2(50 BYTE), 
	"CORREO_PERSONAL" VARCHAR2(50 BYTE), 
	"TELEFONO" VARCHAR2(9 BYTE), 
	"ID_COMU" NUMBER(*,0), 
	"ID_GEN" NUMBER(*,0), 
	"ID_ESTADO" NUMBER(*,0), 
	"ID_TIPO" NUMBER(*,0), 
	"ID_SEDE" NUMBER(*,0)
   ) SEGMENT CREATION IMMEDIATE 
  PCTFREE 10 PCTUSED 40 INITRANS 1 MAXTRANS 255 
 NOCOMPRESS LOGGING
  STORAGE(INITIAL 65536 NEXT 1048576 MINEXTENTS 1 MAXEXTENTS 2147483645
  PCTINCREASE 0 FREELISTS 1 FREELIST GROUPS 1
  BUFFER_POOL DEFAULT FLASH_CACHE DEFAULT CELL_FLASH_CACHE DEFAULT)
  TABLESPACE "USERS" 
 LOB ("FOTO") STORE AS SECUREFILE (
  TABLESPACE "USERS" ENABLE STORAGE IN ROW 4000 CHUNK 8192
  NOCACHE LOGGING  NOCOMPRESS  KEEP_DUPLICATES 
  STORAGE(INITIAL 262144 NEXT 1048576 MINEXTENTS 1 MAXEXTENTS 2147483645
  PCTINCREASE 0
  BUFFER_POOL DEFAULT FLASH_CACHE DEFAULT CELL_FLASH_CACHE DEFAULT)) ;
--------------------------------------------------------
--  DDL for Table USUARIO_CHAT
--------------------------------------------------------

  CREATE TABLE "SOCIALDUOC"."USUARIO_CHAT" 
   (	"ID_CHAT" NUMBER(*,0), 
	"ID_USUARIO" NUMBER(*,0), 
	"ID_USUARIO2" NUMBER
   ) SEGMENT CREATION IMMEDIATE 
  PCTFREE 10 PCTUSED 40 INITRANS 1 MAXTRANS 255 
 NOCOMPRESS LOGGING
  STORAGE(INITIAL 65536 NEXT 1048576 MINEXTENTS 1 MAXEXTENTS 2147483645
  PCTINCREASE 0 FREELISTS 1 FREELIST GROUPS 1
  BUFFER_POOL DEFAULT FLASH_CACHE DEFAULT CELL_FLASH_CACHE DEFAULT)
  TABLESPACE "USERS" ;
--------------------------------------------------------
--  DDL for View VISTA_CHATS
--------------------------------------------------------

  CREATE OR REPLACE FORCE NONEDITIONABLE VIEW "SOCIALDUOC"."VISTA_CHATS" ("ID_CHAT", "NOMBRE_ORIGEN", "NOMBRE_RECEPTOR", "ID_USUARIO_ORIGEN", "ID_RECEPTOR", "FECHA", "TIPO_CHAT") AS 
  SELECT 
    seccion_usuario.id_sec_user as id_chat,
    uo.NOMBRE || ' ' || uo.AP_PATER || ' ' || uo.AP_MATER AS nombre_origen,
    ramo.nom_ramo || ' ' || seccion.nom_seccion AS nombre_receptor,
    uo.id_usuario as id_usuario_origen,  -- Convertir BLOB a VARCHAR2
    seccion.id_secc as id_receptor,
    TO_DATE('3099-10-10 00:00:00', 'YYYY-MM-DD HH24:MI:SS') AS fecha,
    2 as tipo_chat
FROM Usuario uo
JOIN tipo_usuario ON tipo_usuario.id_tipo = uo.id_tipo
JOIN SECCION_USUARIO ON uo.id_usuario = seccion_usuario.id_usuario
JOIN SECCION ON seccion_usuario.id_seccion = seccion.id_secc
JOIN ramo ON seccion.id_ramo = ramo.id_ramo
JOIN carrera ON carrera.id_carrera = ramo.id_carrera


UNION

-- Segunda parte de la consulta
SELECT 
    c.id_chat as id_chat,
    uo.NOMBRE || ' ' || uo.AP_PATER || ' ' || uo.AP_MATER AS nombre_origen,
    ur.NOMBRE || ' ' || ur.AP_PATER || ' ' || ur.AP_MATER AS nombre_receptor, 
    uo.id_usuario as id_usuario_origen, 
    ur.id_usuario as id_receptor,
    COALESCE(sub.mensaje_fecha, TO_DATE('1000-10-10 00:00:00', 'YYYY-MM-DD HH24:MI:SS')) AS fecha,
    1 as tipo_chat
FROM usuario_chat c
JOIN USUARIO ur ON Ur.id_usuario = c.id_usuario2
JOIN USUARIO uo ON Uo.id_usuario = c.id_usuario
LEFT JOIN (
    SELECT id_chat, MAX(FECHA) AS mensaje_fecha
    FROM mensaje
    GROUP BY id_chat
) sub ON c.id_chat = sub.id_chat
;
--------------------------------------------------------
--  DDL for View VISTA_PAGINA_HOME
--------------------------------------------------------

  CREATE OR REPLACE FORCE NONEDITIONABLE VIEW "SOCIALDUOC"."VISTA_PAGINA_HOME" ("TIPO", "ID", "TITULO", "FECHA", "FECHA_FIN", "NOMBRE_USUARIO", "DESCRIPCION", "PREGUNTA", "LINK", "RESPUESTA_UNO", "RESPUESTA_DOS", "LIKE_COUNT", "ID_USUARIO", "FOTO_USUARIO", "FOTO_PUBLICACION", "SEDE", "USUARIO") AS 
  SELECT
    '3' AS tipo,
    ev.id_evento AS id,
    ev.NOM_EVEN AS titulo,
    TO_CHAR(TO_DATE(ev.fecha), 'DD/MM/YYYY') AS fecha,
    TO_CHAR(TO_DATE(ev.fechafin), 'DD/MM/YYYY') AS fecha_fin,
    U.NOMBRE || ' ' || U.AP_PATER AS nombre_usuario,
    ev.DESCRIP AS descripcion,
    NULL AS pregunta,
    NULL AS link,
    NULL AS respuesta_uno,
    NULL AS respuesta_dos,
    NULL AS like_count,
    ev.id_usuario,
    U.foto AS foto_usuario,
    NULL AS foto_publicacion, -- Agregada la columna foto_publicacion con valor NULL
    NULL AS SEDE,
    u.usuario AS USUARIO
FROM
    EVENTO_AGENDADO ev
JOIN usuario u ON u.id_usuario = ev.id_usuario
WHERE ev.estado = 1

UNION ALL

SELECT
    '2' AS tipo,
    e.id_encu AS id,
    e.titulo,
    TO_CHAR(TO_DATE(e.fecha), 'DD/MM/YYYY') AS fecha,
    TO_CHAR(TO_DATE(e.fechafin), 'DD/MM/YYYY') AS fecha_fin,
    U.NOMBRE || ' ' || U.AP_PATER AS nombre_usuario,
    e.descrip AS descripcion,
    e.pregunta,
    e.link,
    e.respuesta_uno,
    e.respuesta_dos,
    NULL AS like_count,
    e.id_usuario,
    U.foto AS foto_usuario,
    NULL AS foto_publicacion, -- Agregada la columna foto_publicacion con valor NULL
    NULL AS SEDE,
    u.usuario AS USUARIO
FROM ENCUESTA e
FULL JOIN usuario u ON u.id_usuario = e.id_usuario
WHERE e.estado = 1

UNION ALL

SELECT
    '1' AS tipo,
    p.id_publi AS id,
    NULL AS titulo,
    TO_CHAR(TO_DATE(p.fecha), 'DD/MM/YYYY') AS fecha,
    NULL AS fecha_fin,
    U.NOMBRE || ' ' || U.AP_PATER AS nombre_usuario,
    p.descrip AS descripcion,
    NULL AS pregunta,
    NULL AS link,
    NULL AS respuesta_uno,
    NULL AS respuesta_dos,
    NVL((
        SELECT SUM(NVL(m.tipo_like, 0))
        FROM ME_GUSTA m
        WHERE m.ID_PUBLI = p.id_publi
    ), 0) AS like_count,
    p.id_usuario,
    U.foto AS foto_usuario,
    p.fotos AS foto_publicacion,
    s.nom_sede AS SEDE,
    u.usuario AS USUARIO
FROM PUBLICACION p
JOIN USUARIO U ON U.id_usuario = p.id_usuario
JOIN SEDE S ON S.id_sede = p.id_sede
WHERE p.estado = 1
;
REM INSERTING into SOCIALDUOC.ALUMNO
SET DEFINE OFF;
Insert into SOCIALDUOC.ALUMNO (MATRICULA,ID_USUARIO,ID_CARRERA) values (4563,9,1);
Insert into SOCIALDUOC.ALUMNO (MATRICULA,ID_USUARIO,ID_CARRERA) values (4564,10,2);
Insert into SOCIALDUOC.ALUMNO (MATRICULA,ID_USUARIO,ID_CARRERA) values (4565,11,4);
Insert into SOCIALDUOC.ALUMNO (MATRICULA,ID_USUARIO,ID_CARRERA) values (4566,12,4);
Insert into SOCIALDUOC.ALUMNO (MATRICULA,ID_USUARIO,ID_CARRERA) values (4567,13,1);
Insert into SOCIALDUOC.ALUMNO (MATRICULA,ID_USUARIO,ID_CARRERA) values (4568,14,3);
Insert into SOCIALDUOC.ALUMNO (MATRICULA,ID_USUARIO,ID_CARRERA) values (4569,15,1);
Insert into SOCIALDUOC.ALUMNO (MATRICULA,ID_USUARIO,ID_CARRERA) values (45610,16,2);
Insert into SOCIALDUOC.ALUMNO (MATRICULA,ID_USUARIO,ID_CARRERA) values (45611,17,1);
Insert into SOCIALDUOC.ALUMNO (MATRICULA,ID_USUARIO,ID_CARRERA) values (45612,18,1);
Insert into SOCIALDUOC.ALUMNO (MATRICULA,ID_USUARIO,ID_CARRERA) values (45613,19,6);
Insert into SOCIALDUOC.ALUMNO (MATRICULA,ID_USUARIO,ID_CARRERA) values (45614,20,1);
Insert into SOCIALDUOC.ALUMNO (MATRICULA,ID_USUARIO,ID_CARRERA) values (456141,21,1);
Insert into SOCIALDUOC.ALUMNO (MATRICULA,ID_USUARIO,ID_CARRERA) values (456142,22,2);
Insert into SOCIALDUOC.ALUMNO (MATRICULA,ID_USUARIO,ID_CARRERA) values (456133,23,1);
Insert into SOCIALDUOC.ALUMNO (MATRICULA,ID_USUARIO,ID_CARRERA) values (456144,24,3);
Insert into SOCIALDUOC.ALUMNO (MATRICULA,ID_USUARIO,ID_CARRERA) values (456145,25,1);
Insert into SOCIALDUOC.ALUMNO (MATRICULA,ID_USUARIO,ID_CARRERA) values (1213,4,1);
Insert into SOCIALDUOC.ALUMNO (MATRICULA,ID_USUARIO,ID_CARRERA) values (1214,5,1);
Insert into SOCIALDUOC.ALUMNO (MATRICULA,ID_USUARIO,ID_CARRERA) values (1215,6,1);
Insert into SOCIALDUOC.ALUMNO (MATRICULA,ID_USUARIO,ID_CARRERA) values (1216,7,1);
Insert into SOCIALDUOC.ALUMNO (MATRICULA,ID_USUARIO,ID_CARRERA) values (1217,8,1);
REM INSERTING into SOCIALDUOC.AMIGO
SET DEFINE OFF;
Insert into SOCIALDUOC.AMIGO (ID_AMISTAD,ID_AMIGO,ID_USUARIO) values (1,2,1);
Insert into SOCIALDUOC.AMIGO (ID_AMISTAD,ID_AMIGO,ID_USUARIO) values (2,1,2);
REM INSERTING into SOCIALDUOC.AUTH_GROUP
SET DEFINE OFF;
REM INSERTING into SOCIALDUOC.AUTH_GROUP_PERMISSIONS
SET DEFINE OFF;
REM INSERTING into SOCIALDUOC.AUTH_PERMISSION
SET DEFINE OFF;
Insert into SOCIALDUOC.AUTH_PERMISSION (ID,NAME,CONTENT_TYPE_ID,CODENAME) values (41,'Can add amigo',21,'add_amigo');
Insert into SOCIALDUOC.AUTH_PERMISSION (ID,NAME,CONTENT_TYPE_ID,CODENAME) values (42,'Can change amigo',21,'change_amigo');
Insert into SOCIALDUOC.AUTH_PERMISSION (ID,NAME,CONTENT_TYPE_ID,CODENAME) values (43,'Can delete amigo',21,'delete_amigo');
Insert into SOCIALDUOC.AUTH_PERMISSION (ID,NAME,CONTENT_TYPE_ID,CODENAME) values (44,'Can view amigo',21,'view_amigo');
Insert into SOCIALDUOC.AUTH_PERMISSION (ID,NAME,CONTENT_TYPE_ID,CODENAME) values (45,'Can add auth group',22,'add_authgroup');
Insert into SOCIALDUOC.AUTH_PERMISSION (ID,NAME,CONTENT_TYPE_ID,CODENAME) values (46,'Can change auth group',22,'change_authgroup');
Insert into SOCIALDUOC.AUTH_PERMISSION (ID,NAME,CONTENT_TYPE_ID,CODENAME) values (47,'Can delete auth group',22,'delete_authgroup');
Insert into SOCIALDUOC.AUTH_PERMISSION (ID,NAME,CONTENT_TYPE_ID,CODENAME) values (48,'Can view auth group',22,'view_authgroup');
Insert into SOCIALDUOC.AUTH_PERMISSION (ID,NAME,CONTENT_TYPE_ID,CODENAME) values (49,'Can add auth group permissions',23,'add_authgrouppermissions');
Insert into SOCIALDUOC.AUTH_PERMISSION (ID,NAME,CONTENT_TYPE_ID,CODENAME) values (50,'Can change auth group permissions',23,'change_authgrouppermissions');
Insert into SOCIALDUOC.AUTH_PERMISSION (ID,NAME,CONTENT_TYPE_ID,CODENAME) values (51,'Can delete auth group permissions',23,'delete_authgrouppermissions');
Insert into SOCIALDUOC.AUTH_PERMISSION (ID,NAME,CONTENT_TYPE_ID,CODENAME) values (52,'Can view auth group permissions',23,'view_authgrouppermissions');
Insert into SOCIALDUOC.AUTH_PERMISSION (ID,NAME,CONTENT_TYPE_ID,CODENAME) values (53,'Can add auth permission',24,'add_authpermission');
Insert into SOCIALDUOC.AUTH_PERMISSION (ID,NAME,CONTENT_TYPE_ID,CODENAME) values (54,'Can change auth permission',24,'change_authpermission');
Insert into SOCIALDUOC.AUTH_PERMISSION (ID,NAME,CONTENT_TYPE_ID,CODENAME) values (55,'Can delete auth permission',24,'delete_authpermission');
Insert into SOCIALDUOC.AUTH_PERMISSION (ID,NAME,CONTENT_TYPE_ID,CODENAME) values (56,'Can view auth permission',24,'view_authpermission');
Insert into SOCIALDUOC.AUTH_PERMISSION (ID,NAME,CONTENT_TYPE_ID,CODENAME) values (57,'Can add auth user',25,'add_authuser');
Insert into SOCIALDUOC.AUTH_PERMISSION (ID,NAME,CONTENT_TYPE_ID,CODENAME) values (58,'Can change auth user',25,'change_authuser');
Insert into SOCIALDUOC.AUTH_PERMISSION (ID,NAME,CONTENT_TYPE_ID,CODENAME) values (59,'Can delete auth user',25,'delete_authuser');
Insert into SOCIALDUOC.AUTH_PERMISSION (ID,NAME,CONTENT_TYPE_ID,CODENAME) values (60,'Can view auth user',25,'view_authuser');
Insert into SOCIALDUOC.AUTH_PERMISSION (ID,NAME,CONTENT_TYPE_ID,CODENAME) values (61,'Can add auth user groups',26,'add_authusergroups');
Insert into SOCIALDUOC.AUTH_PERMISSION (ID,NAME,CONTENT_TYPE_ID,CODENAME) values (62,'Can change auth user groups',26,'change_authusergroups');
Insert into SOCIALDUOC.AUTH_PERMISSION (ID,NAME,CONTENT_TYPE_ID,CODENAME) values (63,'Can delete auth user groups',26,'delete_authusergroups');
Insert into SOCIALDUOC.AUTH_PERMISSION (ID,NAME,CONTENT_TYPE_ID,CODENAME) values (64,'Can view auth user groups',26,'view_authusergroups');
Insert into SOCIALDUOC.AUTH_PERMISSION (ID,NAME,CONTENT_TYPE_ID,CODENAME) values (65,'Can add auth user user permissions',27,'add_authuseruserpermissions');
Insert into SOCIALDUOC.AUTH_PERMISSION (ID,NAME,CONTENT_TYPE_ID,CODENAME) values (66,'Can change auth user user permissions',27,'change_authuseruserpermissions');
Insert into SOCIALDUOC.AUTH_PERMISSION (ID,NAME,CONTENT_TYPE_ID,CODENAME) values (67,'Can delete auth user user permissions',27,'delete_authuseruserpermissions');
Insert into SOCIALDUOC.AUTH_PERMISSION (ID,NAME,CONTENT_TYPE_ID,CODENAME) values (68,'Can view auth user user permissions',27,'view_authuseruserpermissions');
Insert into SOCIALDUOC.AUTH_PERMISSION (ID,NAME,CONTENT_TYPE_ID,CODENAME) values (69,'Can add carrera',28,'add_carrera');
Insert into SOCIALDUOC.AUTH_PERMISSION (ID,NAME,CONTENT_TYPE_ID,CODENAME) values (70,'Can change carrera',28,'change_carrera');
Insert into SOCIALDUOC.AUTH_PERMISSION (ID,NAME,CONTENT_TYPE_ID,CODENAME) values (71,'Can delete carrera',28,'delete_carrera');
Insert into SOCIALDUOC.AUTH_PERMISSION (ID,NAME,CONTENT_TYPE_ID,CODENAME) values (72,'Can view carrera',28,'view_carrera');
Insert into SOCIALDUOC.AUTH_PERMISSION (ID,NAME,CONTENT_TYPE_ID,CODENAME) values (73,'Can add carrera sede',29,'add_carrerasede');
Insert into SOCIALDUOC.AUTH_PERMISSION (ID,NAME,CONTENT_TYPE_ID,CODENAME) values (74,'Can change carrera sede',29,'change_carrerasede');
Insert into SOCIALDUOC.AUTH_PERMISSION (ID,NAME,CONTENT_TYPE_ID,CODENAME) values (75,'Can delete carrera sede',29,'delete_carrerasede');
Insert into SOCIALDUOC.AUTH_PERMISSION (ID,NAME,CONTENT_TYPE_ID,CODENAME) values (76,'Can view carrera sede',29,'view_carrerasede');
Insert into SOCIALDUOC.AUTH_PERMISSION (ID,NAME,CONTENT_TYPE_ID,CODENAME) values (77,'Can add comentario',30,'add_comentario');
Insert into SOCIALDUOC.AUTH_PERMISSION (ID,NAME,CONTENT_TYPE_ID,CODENAME) values (78,'Can change comentario',30,'change_comentario');
Insert into SOCIALDUOC.AUTH_PERMISSION (ID,NAME,CONTENT_TYPE_ID,CODENAME) values (79,'Can delete comentario',30,'delete_comentario');
Insert into SOCIALDUOC.AUTH_PERMISSION (ID,NAME,CONTENT_TYPE_ID,CODENAME) values (80,'Can view comentario',30,'view_comentario');
Insert into SOCIALDUOC.AUTH_PERMISSION (ID,NAME,CONTENT_TYPE_ID,CODENAME) values (81,'Can add comuna',31,'add_comuna');
Insert into SOCIALDUOC.AUTH_PERMISSION (ID,NAME,CONTENT_TYPE_ID,CODENAME) values (82,'Can change comuna',31,'change_comuna');
Insert into SOCIALDUOC.AUTH_PERMISSION (ID,NAME,CONTENT_TYPE_ID,CODENAME) values (83,'Can delete comuna',31,'delete_comuna');
Insert into SOCIALDUOC.AUTH_PERMISSION (ID,NAME,CONTENT_TYPE_ID,CODENAME) values (84,'Can view comuna',31,'view_comuna');
Insert into SOCIALDUOC.AUTH_PERMISSION (ID,NAME,CONTENT_TYPE_ID,CODENAME) values (85,'Can add django admin log',32,'add_djangoadminlog');
Insert into SOCIALDUOC.AUTH_PERMISSION (ID,NAME,CONTENT_TYPE_ID,CODENAME) values (86,'Can change django admin log',32,'change_djangoadminlog');
Insert into SOCIALDUOC.AUTH_PERMISSION (ID,NAME,CONTENT_TYPE_ID,CODENAME) values (87,'Can delete django admin log',32,'delete_djangoadminlog');
Insert into SOCIALDUOC.AUTH_PERMISSION (ID,NAME,CONTENT_TYPE_ID,CODENAME) values (88,'Can view django admin log',32,'view_djangoadminlog');
Insert into SOCIALDUOC.AUTH_PERMISSION (ID,NAME,CONTENT_TYPE_ID,CODENAME) values (89,'Can add django content type',33,'add_djangocontenttype');
Insert into SOCIALDUOC.AUTH_PERMISSION (ID,NAME,CONTENT_TYPE_ID,CODENAME) values (90,'Can change django content type',33,'change_djangocontenttype');
Insert into SOCIALDUOC.AUTH_PERMISSION (ID,NAME,CONTENT_TYPE_ID,CODENAME) values (91,'Can delete django content type',33,'delete_djangocontenttype');
Insert into SOCIALDUOC.AUTH_PERMISSION (ID,NAME,CONTENT_TYPE_ID,CODENAME) values (92,'Can view django content type',33,'view_djangocontenttype');
Insert into SOCIALDUOC.AUTH_PERMISSION (ID,NAME,CONTENT_TYPE_ID,CODENAME) values (93,'Can add django migrations',34,'add_djangomigrations');
Insert into SOCIALDUOC.AUTH_PERMISSION (ID,NAME,CONTENT_TYPE_ID,CODENAME) values (94,'Can change django migrations',34,'change_djangomigrations');
Insert into SOCIALDUOC.AUTH_PERMISSION (ID,NAME,CONTENT_TYPE_ID,CODENAME) values (95,'Can delete django migrations',34,'delete_djangomigrations');
Insert into SOCIALDUOC.AUTH_PERMISSION (ID,NAME,CONTENT_TYPE_ID,CODENAME) values (96,'Can view django migrations',34,'view_djangomigrations');
Insert into SOCIALDUOC.AUTH_PERMISSION (ID,NAME,CONTENT_TYPE_ID,CODENAME) values (97,'Can add django session',35,'add_djangosession');
Insert into SOCIALDUOC.AUTH_PERMISSION (ID,NAME,CONTENT_TYPE_ID,CODENAME) values (98,'Can change django session',35,'change_djangosession');
Insert into SOCIALDUOC.AUTH_PERMISSION (ID,NAME,CONTENT_TYPE_ID,CODENAME) values (99,'Can delete django session',35,'delete_djangosession');
Insert into SOCIALDUOC.AUTH_PERMISSION (ID,NAME,CONTENT_TYPE_ID,CODENAME) values (100,'Can view django session',35,'view_djangosession');
Insert into SOCIALDUOC.AUTH_PERMISSION (ID,NAME,CONTENT_TYPE_ID,CODENAME) values (101,'Can add encuesta',36,'add_encuesta');
Insert into SOCIALDUOC.AUTH_PERMISSION (ID,NAME,CONTENT_TYPE_ID,CODENAME) values (102,'Can change encuesta',36,'change_encuesta');
Insert into SOCIALDUOC.AUTH_PERMISSION (ID,NAME,CONTENT_TYPE_ID,CODENAME) values (103,'Can delete encuesta',36,'delete_encuesta');
Insert into SOCIALDUOC.AUTH_PERMISSION (ID,NAME,CONTENT_TYPE_ID,CODENAME) values (104,'Can view encuesta',36,'view_encuesta');
Insert into SOCIALDUOC.AUTH_PERMISSION (ID,NAME,CONTENT_TYPE_ID,CODENAME) values (105,'Can add estado perfil',37,'add_estadoperfil');
Insert into SOCIALDUOC.AUTH_PERMISSION (ID,NAME,CONTENT_TYPE_ID,CODENAME) values (106,'Can change estado perfil',37,'change_estadoperfil');
Insert into SOCIALDUOC.AUTH_PERMISSION (ID,NAME,CONTENT_TYPE_ID,CODENAME) values (107,'Can delete estado perfil',37,'delete_estadoperfil');
Insert into SOCIALDUOC.AUTH_PERMISSION (ID,NAME,CONTENT_TYPE_ID,CODENAME) values (108,'Can view estado perfil',37,'view_estadoperfil');
Insert into SOCIALDUOC.AUTH_PERMISSION (ID,NAME,CONTENT_TYPE_ID,CODENAME) values (109,'Can add evento agendado',38,'add_eventoagendado');
Insert into SOCIALDUOC.AUTH_PERMISSION (ID,NAME,CONTENT_TYPE_ID,CODENAME) values (110,'Can change evento agendado',38,'change_eventoagendado');
Insert into SOCIALDUOC.AUTH_PERMISSION (ID,NAME,CONTENT_TYPE_ID,CODENAME) values (111,'Can delete evento agendado',38,'delete_eventoagendado');
Insert into SOCIALDUOC.AUTH_PERMISSION (ID,NAME,CONTENT_TYPE_ID,CODENAME) values (112,'Can view evento agendado',38,'view_eventoagendado');
Insert into SOCIALDUOC.AUTH_PERMISSION (ID,NAME,CONTENT_TYPE_ID,CODENAME) values (113,'Can add genero',39,'add_genero');
Insert into SOCIALDUOC.AUTH_PERMISSION (ID,NAME,CONTENT_TYPE_ID,CODENAME) values (114,'Can change genero',39,'change_genero');
Insert into SOCIALDUOC.AUTH_PERMISSION (ID,NAME,CONTENT_TYPE_ID,CODENAME) values (115,'Can delete genero',39,'delete_genero');
Insert into SOCIALDUOC.AUTH_PERMISSION (ID,NAME,CONTENT_TYPE_ID,CODENAME) values (116,'Can view genero',39,'view_genero');
Insert into SOCIALDUOC.AUTH_PERMISSION (ID,NAME,CONTENT_TYPE_ID,CODENAME) values (117,'Can add me gusta',40,'add_megusta');
Insert into SOCIALDUOC.AUTH_PERMISSION (ID,NAME,CONTENT_TYPE_ID,CODENAME) values (118,'Can change me gusta',40,'change_megusta');
Insert into SOCIALDUOC.AUTH_PERMISSION (ID,NAME,CONTENT_TYPE_ID,CODENAME) values (119,'Can delete me gusta',40,'delete_megusta');
Insert into SOCIALDUOC.AUTH_PERMISSION (ID,NAME,CONTENT_TYPE_ID,CODENAME) values (120,'Can view me gusta',40,'view_megusta');
Insert into SOCIALDUOC.AUTH_PERMISSION (ID,NAME,CONTENT_TYPE_ID,CODENAME) values (121,'Can add my admin',41,'add_myadmin');
Insert into SOCIALDUOC.AUTH_PERMISSION (ID,NAME,CONTENT_TYPE_ID,CODENAME) values (122,'Can change my admin',41,'change_myadmin');
Insert into SOCIALDUOC.AUTH_PERMISSION (ID,NAME,CONTENT_TYPE_ID,CODENAME) values (123,'Can delete my admin',41,'delete_myadmin');
Insert into SOCIALDUOC.AUTH_PERMISSION (ID,NAME,CONTENT_TYPE_ID,CODENAME) values (124,'Can view my admin',41,'view_myadmin');
Insert into SOCIALDUOC.AUTH_PERMISSION (ID,NAME,CONTENT_TYPE_ID,CODENAME) values (125,'Can add participantes',42,'add_participantes');
Insert into SOCIALDUOC.AUTH_PERMISSION (ID,NAME,CONTENT_TYPE_ID,CODENAME) values (126,'Can change participantes',42,'change_participantes');
Insert into SOCIALDUOC.AUTH_PERMISSION (ID,NAME,CONTENT_TYPE_ID,CODENAME) values (127,'Can delete participantes',42,'delete_participantes');
Insert into SOCIALDUOC.AUTH_PERMISSION (ID,NAME,CONTENT_TYPE_ID,CODENAME) values (128,'Can view participantes',42,'view_participantes');
Insert into SOCIALDUOC.AUTH_PERMISSION (ID,NAME,CONTENT_TYPE_ID,CODENAME) values (129,'Can add publicacion',43,'add_publicacion');
Insert into SOCIALDUOC.AUTH_PERMISSION (ID,NAME,CONTENT_TYPE_ID,CODENAME) values (130,'Can change publicacion',43,'change_publicacion');
Insert into SOCIALDUOC.AUTH_PERMISSION (ID,NAME,CONTENT_TYPE_ID,CODENAME) values (131,'Can delete publicacion',43,'delete_publicacion');
Insert into SOCIALDUOC.AUTH_PERMISSION (ID,NAME,CONTENT_TYPE_ID,CODENAME) values (132,'Can view publicacion',43,'view_publicacion');
Insert into SOCIALDUOC.AUTH_PERMISSION (ID,NAME,CONTENT_TYPE_ID,CODENAME) values (133,'Can add ramo',44,'add_ramo');
Insert into SOCIALDUOC.AUTH_PERMISSION (ID,NAME,CONTENT_TYPE_ID,CODENAME) values (134,'Can change ramo',44,'change_ramo');
Insert into SOCIALDUOC.AUTH_PERMISSION (ID,NAME,CONTENT_TYPE_ID,CODENAME) values (135,'Can delete ramo',44,'delete_ramo');
Insert into SOCIALDUOC.AUTH_PERMISSION (ID,NAME,CONTENT_TYPE_ID,CODENAME) values (136,'Can view ramo',44,'view_ramo');
Insert into SOCIALDUOC.AUTH_PERMISSION (ID,NAME,CONTENT_TYPE_ID,CODENAME) values (137,'Can add region',45,'add_region');
Insert into SOCIALDUOC.AUTH_PERMISSION (ID,NAME,CONTENT_TYPE_ID,CODENAME) values (138,'Can change region',45,'change_region');
Insert into SOCIALDUOC.AUTH_PERMISSION (ID,NAME,CONTENT_TYPE_ID,CODENAME) values (139,'Can delete region',45,'delete_region');
Insert into SOCIALDUOC.AUTH_PERMISSION (ID,NAME,CONTENT_TYPE_ID,CODENAME) values (140,'Can view region',45,'view_region');
Insert into SOCIALDUOC.AUTH_PERMISSION (ID,NAME,CONTENT_TYPE_ID,CODENAME) values (141,'Can add sede',46,'add_sede');
Insert into SOCIALDUOC.AUTH_PERMISSION (ID,NAME,CONTENT_TYPE_ID,CODENAME) values (142,'Can change sede',46,'change_sede');
Insert into SOCIALDUOC.AUTH_PERMISSION (ID,NAME,CONTENT_TYPE_ID,CODENAME) values (143,'Can delete sede',46,'delete_sede');
Insert into SOCIALDUOC.AUTH_PERMISSION (ID,NAME,CONTENT_TYPE_ID,CODENAME) values (144,'Can view sede',46,'view_sede');
Insert into SOCIALDUOC.AUTH_PERMISSION (ID,NAME,CONTENT_TYPE_ID,CODENAME) values (145,'Can add tipo usuario',47,'add_tipousuario');
Insert into SOCIALDUOC.AUTH_PERMISSION (ID,NAME,CONTENT_TYPE_ID,CODENAME) values (146,'Can change tipo usuario',47,'change_tipousuario');
Insert into SOCIALDUOC.AUTH_PERMISSION (ID,NAME,CONTENT_TYPE_ID,CODENAME) values (147,'Can delete tipo usuario',47,'delete_tipousuario');
Insert into SOCIALDUOC.AUTH_PERMISSION (ID,NAME,CONTENT_TYPE_ID,CODENAME) values (148,'Can view tipo usuario',47,'view_tipousuario');
Insert into SOCIALDUOC.AUTH_PERMISSION (ID,NAME,CONTENT_TYPE_ID,CODENAME) values (149,'Can add seccion alu doc',48,'add_seccionaludoc');
Insert into SOCIALDUOC.AUTH_PERMISSION (ID,NAME,CONTENT_TYPE_ID,CODENAME) values (150,'Can change seccion alu doc',48,'change_seccionaludoc');
Insert into SOCIALDUOC.AUTH_PERMISSION (ID,NAME,CONTENT_TYPE_ID,CODENAME) values (151,'Can delete seccion alu doc',48,'delete_seccionaludoc');
Insert into SOCIALDUOC.AUTH_PERMISSION (ID,NAME,CONTENT_TYPE_ID,CODENAME) values (152,'Can view seccion alu doc',48,'view_seccionaludoc');
Insert into SOCIALDUOC.AUTH_PERMISSION (ID,NAME,CONTENT_TYPE_ID,CODENAME) values (153,'Can add seccion',49,'add_seccion');
Insert into SOCIALDUOC.AUTH_PERMISSION (ID,NAME,CONTENT_TYPE_ID,CODENAME) values (154,'Can change seccion',49,'change_seccion');
Insert into SOCIALDUOC.AUTH_PERMISSION (ID,NAME,CONTENT_TYPE_ID,CODENAME) values (155,'Can delete seccion',49,'delete_seccion');
Insert into SOCIALDUOC.AUTH_PERMISSION (ID,NAME,CONTENT_TYPE_ID,CODENAME) values (156,'Can view seccion',49,'view_seccion');
Insert into SOCIALDUOC.AUTH_PERMISSION (ID,NAME,CONTENT_TYPE_ID,CODENAME) values (157,'Can add chat',50,'add_chat');
Insert into SOCIALDUOC.AUTH_PERMISSION (ID,NAME,CONTENT_TYPE_ID,CODENAME) values (158,'Can change chat',50,'change_chat');
Insert into SOCIALDUOC.AUTH_PERMISSION (ID,NAME,CONTENT_TYPE_ID,CODENAME) values (159,'Can delete chat',50,'delete_chat');
Insert into SOCIALDUOC.AUTH_PERMISSION (ID,NAME,CONTENT_TYPE_ID,CODENAME) values (160,'Can view chat',50,'view_chat');
Insert into SOCIALDUOC.AUTH_PERMISSION (ID,NAME,CONTENT_TYPE_ID,CODENAME) values (161,'Can add usuario chat',51,'add_usuariochat');
Insert into SOCIALDUOC.AUTH_PERMISSION (ID,NAME,CONTENT_TYPE_ID,CODENAME) values (162,'Can change usuario chat',51,'change_usuariochat');
Insert into SOCIALDUOC.AUTH_PERMISSION (ID,NAME,CONTENT_TYPE_ID,CODENAME) values (163,'Can delete usuario chat',51,'delete_usuariochat');
Insert into SOCIALDUOC.AUTH_PERMISSION (ID,NAME,CONTENT_TYPE_ID,CODENAME) values (164,'Can view usuario chat',51,'view_usuariochat');
Insert into SOCIALDUOC.AUTH_PERMISSION (ID,NAME,CONTENT_TYPE_ID,CODENAME) values (165,'Can add institucion',52,'add_institucion');
Insert into SOCIALDUOC.AUTH_PERMISSION (ID,NAME,CONTENT_TYPE_ID,CODENAME) values (166,'Can change institucion',52,'change_institucion');
Insert into SOCIALDUOC.AUTH_PERMISSION (ID,NAME,CONTENT_TYPE_ID,CODENAME) values (167,'Can delete institucion',52,'delete_institucion');
Insert into SOCIALDUOC.AUTH_PERMISSION (ID,NAME,CONTENT_TYPE_ID,CODENAME) values (168,'Can view institucion',52,'view_institucion');
Insert into SOCIALDUOC.AUTH_PERMISSION (ID,NAME,CONTENT_TYPE_ID,CODENAME) values (169,'Can add coordinador',53,'add_coordinador');
Insert into SOCIALDUOC.AUTH_PERMISSION (ID,NAME,CONTENT_TYPE_ID,CODENAME) values (170,'Can change coordinador',53,'change_coordinador');
Insert into SOCIALDUOC.AUTH_PERMISSION (ID,NAME,CONTENT_TYPE_ID,CODENAME) values (171,'Can delete coordinador',53,'delete_coordinador');
Insert into SOCIALDUOC.AUTH_PERMISSION (ID,NAME,CONTENT_TYPE_ID,CODENAME) values (172,'Can view coordinador',53,'view_coordinador');
Insert into SOCIALDUOC.AUTH_PERMISSION (ID,NAME,CONTENT_TYPE_ID,CODENAME) values (173,'Can add usuario',54,'add_usuario');
Insert into SOCIALDUOC.AUTH_PERMISSION (ID,NAME,CONTENT_TYPE_ID,CODENAME) values (174,'Can change usuario',54,'change_usuario');
Insert into SOCIALDUOC.AUTH_PERMISSION (ID,NAME,CONTENT_TYPE_ID,CODENAME) values (175,'Can delete usuario',54,'delete_usuario');
Insert into SOCIALDUOC.AUTH_PERMISSION (ID,NAME,CONTENT_TYPE_ID,CODENAME) values (176,'Can view usuario',54,'view_usuario');
Insert into SOCIALDUOC.AUTH_PERMISSION (ID,NAME,CONTENT_TYPE_ID,CODENAME) values (177,'Can add docente',55,'add_docente');
Insert into SOCIALDUOC.AUTH_PERMISSION (ID,NAME,CONTENT_TYPE_ID,CODENAME) values (178,'Can change docente',55,'change_docente');
Insert into SOCIALDUOC.AUTH_PERMISSION (ID,NAME,CONTENT_TYPE_ID,CODENAME) values (179,'Can delete docente',55,'delete_docente');
Insert into SOCIALDUOC.AUTH_PERMISSION (ID,NAME,CONTENT_TYPE_ID,CODENAME) values (180,'Can view docente',55,'view_docente');
Insert into SOCIALDUOC.AUTH_PERMISSION (ID,NAME,CONTENT_TYPE_ID,CODENAME) values (181,'Can add director',56,'add_director');
Insert into SOCIALDUOC.AUTH_PERMISSION (ID,NAME,CONTENT_TYPE_ID,CODENAME) values (182,'Can change director',56,'change_director');
Insert into SOCIALDUOC.AUTH_PERMISSION (ID,NAME,CONTENT_TYPE_ID,CODENAME) values (183,'Can delete director',56,'delete_director');
Insert into SOCIALDUOC.AUTH_PERMISSION (ID,NAME,CONTENT_TYPE_ID,CODENAME) values (184,'Can view director',56,'view_director');
Insert into SOCIALDUOC.AUTH_PERMISSION (ID,NAME,CONTENT_TYPE_ID,CODENAME) values (185,'Can add alumno',57,'add_alumno');
Insert into SOCIALDUOC.AUTH_PERMISSION (ID,NAME,CONTENT_TYPE_ID,CODENAME) values (186,'Can change alumno',57,'change_alumno');
Insert into SOCIALDUOC.AUTH_PERMISSION (ID,NAME,CONTENT_TYPE_ID,CODENAME) values (187,'Can delete alumno',57,'delete_alumno');
Insert into SOCIALDUOC.AUTH_PERMISSION (ID,NAME,CONTENT_TYPE_ID,CODENAME) values (188,'Can view alumno',57,'view_alumno');
Insert into SOCIALDUOC.AUTH_PERMISSION (ID,NAME,CONTENT_TYPE_ID,CODENAME) values (189,'Can add ramo doc',58,'add_ramodoc');
Insert into SOCIALDUOC.AUTH_PERMISSION (ID,NAME,CONTENT_TYPE_ID,CODENAME) values (190,'Can change ramo doc',58,'change_ramodoc');
Insert into SOCIALDUOC.AUTH_PERMISSION (ID,NAME,CONTENT_TYPE_ID,CODENAME) values (191,'Can delete ramo doc',58,'delete_ramodoc');
Insert into SOCIALDUOC.AUTH_PERMISSION (ID,NAME,CONTENT_TYPE_ID,CODENAME) values (192,'Can view ramo doc',58,'view_ramodoc');
Insert into SOCIALDUOC.AUTH_PERMISSION (ID,NAME,CONTENT_TYPE_ID,CODENAME) values (193,'Can add room chat message',59,'add_roomchatmessage');
Insert into SOCIALDUOC.AUTH_PERMISSION (ID,NAME,CONTENT_TYPE_ID,CODENAME) values (194,'Can change room chat message',59,'change_roomchatmessage');
Insert into SOCIALDUOC.AUTH_PERMISSION (ID,NAME,CONTENT_TYPE_ID,CODENAME) values (195,'Can delete room chat message',59,'delete_roomchatmessage');
Insert into SOCIALDUOC.AUTH_PERMISSION (ID,NAME,CONTENT_TYPE_ID,CODENAME) values (196,'Can view room chat message',59,'view_roomchatmessage');
Insert into SOCIALDUOC.AUTH_PERMISSION (ID,NAME,CONTENT_TYPE_ID,CODENAME) values (197,'Can add chat room',60,'add_chatroom');
Insert into SOCIALDUOC.AUTH_PERMISSION (ID,NAME,CONTENT_TYPE_ID,CODENAME) values (198,'Can change chat room',60,'change_chatroom');
Insert into SOCIALDUOC.AUTH_PERMISSION (ID,NAME,CONTENT_TYPE_ID,CODENAME) values (199,'Can delete chat room',60,'delete_chatroom');
Insert into SOCIALDUOC.AUTH_PERMISSION (ID,NAME,CONTENT_TYPE_ID,CODENAME) values (200,'Can view chat room',60,'view_chatroom');
Insert into SOCIALDUOC.AUTH_PERMISSION (ID,NAME,CONTENT_TYPE_ID,CODENAME) values (201,'Can add contenido',62,'add_contenido');
Insert into SOCIALDUOC.AUTH_PERMISSION (ID,NAME,CONTENT_TYPE_ID,CODENAME) values (202,'Can change contenido',62,'change_contenido');
Insert into SOCIALDUOC.AUTH_PERMISSION (ID,NAME,CONTENT_TYPE_ID,CODENAME) values (203,'Can delete contenido',62,'delete_contenido');
Insert into SOCIALDUOC.AUTH_PERMISSION (ID,NAME,CONTENT_TYPE_ID,CODENAME) values (204,'Can view contenido',62,'view_contenido');
Insert into SOCIALDUOC.AUTH_PERMISSION (ID,NAME,CONTENT_TYPE_ID,CODENAME) values (205,'Can add one time token',63,'add_onetimetoken');
Insert into SOCIALDUOC.AUTH_PERMISSION (ID,NAME,CONTENT_TYPE_ID,CODENAME) values (206,'Can change one time token',63,'change_onetimetoken');
Insert into SOCIALDUOC.AUTH_PERMISSION (ID,NAME,CONTENT_TYPE_ID,CODENAME) values (207,'Can delete one time token',63,'delete_onetimetoken');
Insert into SOCIALDUOC.AUTH_PERMISSION (ID,NAME,CONTENT_TYPE_ID,CODENAME) values (208,'Can view one time token',63,'view_onetimetoken');
Insert into SOCIALDUOC.AUTH_PERMISSION (ID,NAME,CONTENT_TYPE_ID,CODENAME) values (209,'Can add FCM device',61,'add_fcmdevice');
Insert into SOCIALDUOC.AUTH_PERMISSION (ID,NAME,CONTENT_TYPE_ID,CODENAME) values (210,'Can change FCM device',61,'change_fcmdevice');
Insert into SOCIALDUOC.AUTH_PERMISSION (ID,NAME,CONTENT_TYPE_ID,CODENAME) values (211,'Can delete FCM device',61,'delete_fcmdevice');
Insert into SOCIALDUOC.AUTH_PERMISSION (ID,NAME,CONTENT_TYPE_ID,CODENAME) values (212,'Can view FCM device',61,'view_fcmdevice');
Insert into SOCIALDUOC.AUTH_PERMISSION (ID,NAME,CONTENT_TYPE_ID,CODENAME) values (1,'Can add log entry',1,'add_logentry');
Insert into SOCIALDUOC.AUTH_PERMISSION (ID,NAME,CONTENT_TYPE_ID,CODENAME) values (2,'Can change log entry',1,'change_logentry');
Insert into SOCIALDUOC.AUTH_PERMISSION (ID,NAME,CONTENT_TYPE_ID,CODENAME) values (3,'Can delete log entry',1,'delete_logentry');
Insert into SOCIALDUOC.AUTH_PERMISSION (ID,NAME,CONTENT_TYPE_ID,CODENAME) values (4,'Can view log entry',1,'view_logentry');
Insert into SOCIALDUOC.AUTH_PERMISSION (ID,NAME,CONTENT_TYPE_ID,CODENAME) values (5,'Can add permission',2,'add_permission');
Insert into SOCIALDUOC.AUTH_PERMISSION (ID,NAME,CONTENT_TYPE_ID,CODENAME) values (6,'Can change permission',2,'change_permission');
Insert into SOCIALDUOC.AUTH_PERMISSION (ID,NAME,CONTENT_TYPE_ID,CODENAME) values (7,'Can delete permission',2,'delete_permission');
Insert into SOCIALDUOC.AUTH_PERMISSION (ID,NAME,CONTENT_TYPE_ID,CODENAME) values (8,'Can view permission',2,'view_permission');
Insert into SOCIALDUOC.AUTH_PERMISSION (ID,NAME,CONTENT_TYPE_ID,CODENAME) values (9,'Can add group',3,'add_group');
Insert into SOCIALDUOC.AUTH_PERMISSION (ID,NAME,CONTENT_TYPE_ID,CODENAME) values (10,'Can change group',3,'change_group');
Insert into SOCIALDUOC.AUTH_PERMISSION (ID,NAME,CONTENT_TYPE_ID,CODENAME) values (11,'Can delete group',3,'delete_group');
Insert into SOCIALDUOC.AUTH_PERMISSION (ID,NAME,CONTENT_TYPE_ID,CODENAME) values (12,'Can view group',3,'view_group');
Insert into SOCIALDUOC.AUTH_PERMISSION (ID,NAME,CONTENT_TYPE_ID,CODENAME) values (13,'Can add user',4,'add_user');
Insert into SOCIALDUOC.AUTH_PERMISSION (ID,NAME,CONTENT_TYPE_ID,CODENAME) values (14,'Can change user',4,'change_user');
Insert into SOCIALDUOC.AUTH_PERMISSION (ID,NAME,CONTENT_TYPE_ID,CODENAME) values (15,'Can delete user',4,'delete_user');
Insert into SOCIALDUOC.AUTH_PERMISSION (ID,NAME,CONTENT_TYPE_ID,CODENAME) values (16,'Can view user',4,'view_user');
Insert into SOCIALDUOC.AUTH_PERMISSION (ID,NAME,CONTENT_TYPE_ID,CODENAME) values (17,'Can add content type',5,'add_contenttype');
Insert into SOCIALDUOC.AUTH_PERMISSION (ID,NAME,CONTENT_TYPE_ID,CODENAME) values (18,'Can change content type',5,'change_contenttype');
Insert into SOCIALDUOC.AUTH_PERMISSION (ID,NAME,CONTENT_TYPE_ID,CODENAME) values (19,'Can delete content type',5,'delete_contenttype');
Insert into SOCIALDUOC.AUTH_PERMISSION (ID,NAME,CONTENT_TYPE_ID,CODENAME) values (20,'Can view content type',5,'view_contenttype');
Insert into SOCIALDUOC.AUTH_PERMISSION (ID,NAME,CONTENT_TYPE_ID,CODENAME) values (21,'Can add session',6,'add_session');
Insert into SOCIALDUOC.AUTH_PERMISSION (ID,NAME,CONTENT_TYPE_ID,CODENAME) values (22,'Can change session',6,'change_session');
Insert into SOCIALDUOC.AUTH_PERMISSION (ID,NAME,CONTENT_TYPE_ID,CODENAME) values (23,'Can delete session',6,'delete_session');
Insert into SOCIALDUOC.AUTH_PERMISSION (ID,NAME,CONTENT_TYPE_ID,CODENAME) values (24,'Can view session',6,'view_session');
REM INSERTING into SOCIALDUOC.AUTH_USER
SET DEFINE OFF;
Insert into SOCIALDUOC.AUTH_USER (ID,PASSWORD,LAST_LOGIN,IS_SUPERUSER,USERNAME,FIRST_NAME,LAST_NAME,EMAIL,IS_STAFF,IS_ACTIVE,DATE_JOINED) values (42,'pbkdf2_sha256$600000$64aXOisCAtOFznGqCXXDrd$43BcKWmOWj1QqFui3wkDdzM/9tYOgnynKcmjFQCvGJw=',to_timestamp('14-DEC-23 12.58.58.988672000 AM','DD-MON-RR HH.MI.SSXFF AM'),1,'admin2',null,null,null,1,1,to_timestamp('14-DEC-23 12.58.14.494488000 AM','DD-MON-RR HH.MI.SSXFF AM'));
Insert into SOCIALDUOC.AUTH_USER (ID,PASSWORD,LAST_LOGIN,IS_SUPERUSER,USERNAME,FIRST_NAME,LAST_NAME,EMAIL,IS_STAFF,IS_ACTIVE,DATE_JOINED) values (2,'pbkdf2_sha256$600000$nQsET9jzU86L6LuJbzHd2r$JuQDgPsiK2V2GbbGAHRu1HEYo5zz6gFnoN+qndC0zi8=',to_timestamp('18-DEC-23 02.29.59.112027000 AM','DD-MON-RR HH.MI.SSXFF AM'),1,'maria',null,null,null,1,1,to_timestamp('23-OCT-23 01.17.40.588498000 AM','DD-MON-RR HH.MI.SSXFF AM'));
Insert into SOCIALDUOC.AUTH_USER (ID,PASSWORD,LAST_LOGIN,IS_SUPERUSER,USERNAME,FIRST_NAME,LAST_NAME,EMAIL,IS_STAFF,IS_ACTIVE,DATE_JOINED) values (1,'pbkdf2_sha256$600000$opPkFE1Nd3goHDYyKN3TOc$0jPOammSuvUlA+ZFOKd65gItbJeagDLKH0SrloNDCJA=',to_timestamp('24-DEC-23 02.07.44.573809000 AM','DD-MON-RR HH.MI.SSXFF AM'),1,'admin',null,null,'jorgevillagrafredes@gmail.com',1,1,to_timestamp('18-OCT-23 12.55.07.077610000 AM','DD-MON-RR HH.MI.SSXFF AM'));
REM INSERTING into SOCIALDUOC.AUTH_USER_GROUPS
SET DEFINE OFF;
REM INSERTING into SOCIALDUOC.AUTH_USER_USER_PERMISSIONS
SET DEFINE OFF;
REM INSERTING into SOCIALDUOC.CARRERA
SET DEFINE OFF;
Insert into SOCIALDUOC.CARRERA (ID_CARRERA,NOM_CARRERA) values (1,'Ingeniera Comercial');
Insert into SOCIALDUOC.CARRERA (ID_CARRERA,NOM_CARRERA) values (2,'Medicina');
Insert into SOCIALDUOC.CARRERA (ID_CARRERA,NOM_CARRERA) values (3,'Derecho');
Insert into SOCIALDUOC.CARRERA (ID_CARRERA,NOM_CARRERA) values (4,'Arquitectura');
Insert into SOCIALDUOC.CARRERA (ID_CARRERA,NOM_CARRERA) values (5,'Psicologa');
Insert into SOCIALDUOC.CARRERA (ID_CARRERA,NOM_CARRERA) values (6,'Enfermera');
Insert into SOCIALDUOC.CARRERA (ID_CARRERA,NOM_CARRERA) values (7,'Pedadogia en Educacin Bsica');
Insert into SOCIALDUOC.CARRERA (ID_CARRERA,NOM_CARRERA) values (8,'Ingeniera Civil');
Insert into SOCIALDUOC.CARRERA (ID_CARRERA,NOM_CARRERA) values (9,'Odontologa');
Insert into SOCIALDUOC.CARRERA (ID_CARRERA,NOM_CARRERA) values (10,'Psicopedagoga');
Insert into SOCIALDUOC.CARRERA (ID_CARRERA,NOM_CARRERA) values (11,'Diseo Grfico');
Insert into SOCIALDUOC.CARRERA (ID_CARRERA,NOM_CARRERA) values (12,'Trabajo Social');
Insert into SOCIALDUOC.CARRERA (ID_CARRERA,NOM_CARRERA) values (13,'Periodismo');
Insert into SOCIALDUOC.CARRERA (ID_CARRERA,NOM_CARRERA) values (14,'Contador Pblico y Auditor');
Insert into SOCIALDUOC.CARRERA (ID_CARRERA,NOM_CARRERA) values (15,'Pedagoga en Educacin Media');
Insert into SOCIALDUOC.CARRERA (ID_CARRERA,NOM_CARRERA) values (16,'Nutricin y Diettica');
Insert into SOCIALDUOC.CARRERA (ID_CARRERA,NOM_CARRERA) values (17,'Kinesiologa');
Insert into SOCIALDUOC.CARRERA (ID_CARRERA,NOM_CARRERA) values (18,'Psicologa Educativa');
Insert into SOCIALDUOC.CARRERA (ID_CARRERA,NOM_CARRERA) values (19,'Ingeniera en Informtica');
Insert into SOCIALDUOC.CARRERA (ID_CARRERA,NOM_CARRERA) values (20,'Publicidad');
REM INSERTING into SOCIALDUOC.CARRERA_SEDE
SET DEFINE OFF;
Insert into SOCIALDUOC.CARRERA_SEDE (ID_CARRERA,ID_SEDE) values (1,1);
Insert into SOCIALDUOC.CARRERA_SEDE (ID_CARRERA,ID_SEDE) values (1,2);
Insert into SOCIALDUOC.CARRERA_SEDE (ID_CARRERA,ID_SEDE) values (1,3);
Insert into SOCIALDUOC.CARRERA_SEDE (ID_CARRERA,ID_SEDE) values (2,4);
Insert into SOCIALDUOC.CARRERA_SEDE (ID_CARRERA,ID_SEDE) values (2,5);
Insert into SOCIALDUOC.CARRERA_SEDE (ID_CARRERA,ID_SEDE) values (2,6);
Insert into SOCIALDUOC.CARRERA_SEDE (ID_CARRERA,ID_SEDE) values (3,7);
Insert into SOCIALDUOC.CARRERA_SEDE (ID_CARRERA,ID_SEDE) values (3,8);
Insert into SOCIALDUOC.CARRERA_SEDE (ID_CARRERA,ID_SEDE) values (3,9);
Insert into SOCIALDUOC.CARRERA_SEDE (ID_CARRERA,ID_SEDE) values (4,10);
Insert into SOCIALDUOC.CARRERA_SEDE (ID_CARRERA,ID_SEDE) values (4,12);
Insert into SOCIALDUOC.CARRERA_SEDE (ID_CARRERA,ID_SEDE) values (4,11);
Insert into SOCIALDUOC.CARRERA_SEDE (ID_CARRERA,ID_SEDE) values (5,13);
Insert into SOCIALDUOC.CARRERA_SEDE (ID_CARRERA,ID_SEDE) values (5,14);
Insert into SOCIALDUOC.CARRERA_SEDE (ID_CARRERA,ID_SEDE) values (5,15);
Insert into SOCIALDUOC.CARRERA_SEDE (ID_CARRERA,ID_SEDE) values (6,16);
Insert into SOCIALDUOC.CARRERA_SEDE (ID_CARRERA,ID_SEDE) values (6,17);
Insert into SOCIALDUOC.CARRERA_SEDE (ID_CARRERA,ID_SEDE) values (6,18);
Insert into SOCIALDUOC.CARRERA_SEDE (ID_CARRERA,ID_SEDE) values (7,19);
Insert into SOCIALDUOC.CARRERA_SEDE (ID_CARRERA,ID_SEDE) values (7,20);
Insert into SOCIALDUOC.CARRERA_SEDE (ID_CARRERA,ID_SEDE) values (7,21);
Insert into SOCIALDUOC.CARRERA_SEDE (ID_CARRERA,ID_SEDE) values (8,7);
Insert into SOCIALDUOC.CARRERA_SEDE (ID_CARRERA,ID_SEDE) values (8,8);
Insert into SOCIALDUOC.CARRERA_SEDE (ID_CARRERA,ID_SEDE) values (8,9);
Insert into SOCIALDUOC.CARRERA_SEDE (ID_CARRERA,ID_SEDE) values (9,10);
Insert into SOCIALDUOC.CARRERA_SEDE (ID_CARRERA,ID_SEDE) values (9,12);
Insert into SOCIALDUOC.CARRERA_SEDE (ID_CARRERA,ID_SEDE) values (9,11);
Insert into SOCIALDUOC.CARRERA_SEDE (ID_CARRERA,ID_SEDE) values (10,13);
Insert into SOCIALDUOC.CARRERA_SEDE (ID_CARRERA,ID_SEDE) values (10,14);
Insert into SOCIALDUOC.CARRERA_SEDE (ID_CARRERA,ID_SEDE) values (10,15);
Insert into SOCIALDUOC.CARRERA_SEDE (ID_CARRERA,ID_SEDE) values (11,1);
Insert into SOCIALDUOC.CARRERA_SEDE (ID_CARRERA,ID_SEDE) values (11,2);
Insert into SOCIALDUOC.CARRERA_SEDE (ID_CARRERA,ID_SEDE) values (11,3);
Insert into SOCIALDUOC.CARRERA_SEDE (ID_CARRERA,ID_SEDE) values (12,4);
Insert into SOCIALDUOC.CARRERA_SEDE (ID_CARRERA,ID_SEDE) values (12,5);
Insert into SOCIALDUOC.CARRERA_SEDE (ID_CARRERA,ID_SEDE) values (12,6);
Insert into SOCIALDUOC.CARRERA_SEDE (ID_CARRERA,ID_SEDE) values (13,7);
Insert into SOCIALDUOC.CARRERA_SEDE (ID_CARRERA,ID_SEDE) values (13,8);
Insert into SOCIALDUOC.CARRERA_SEDE (ID_CARRERA,ID_SEDE) values (13,9);
Insert into SOCIALDUOC.CARRERA_SEDE (ID_CARRERA,ID_SEDE) values (14,10);
Insert into SOCIALDUOC.CARRERA_SEDE (ID_CARRERA,ID_SEDE) values (14,12);
Insert into SOCIALDUOC.CARRERA_SEDE (ID_CARRERA,ID_SEDE) values (14,11);
Insert into SOCIALDUOC.CARRERA_SEDE (ID_CARRERA,ID_SEDE) values (15,13);
Insert into SOCIALDUOC.CARRERA_SEDE (ID_CARRERA,ID_SEDE) values (15,14);
Insert into SOCIALDUOC.CARRERA_SEDE (ID_CARRERA,ID_SEDE) values (15,15);
Insert into SOCIALDUOC.CARRERA_SEDE (ID_CARRERA,ID_SEDE) values (16,16);
Insert into SOCIALDUOC.CARRERA_SEDE (ID_CARRERA,ID_SEDE) values (16,17);
Insert into SOCIALDUOC.CARRERA_SEDE (ID_CARRERA,ID_SEDE) values (16,18);
Insert into SOCIALDUOC.CARRERA_SEDE (ID_CARRERA,ID_SEDE) values (17,19);
Insert into SOCIALDUOC.CARRERA_SEDE (ID_CARRERA,ID_SEDE) values (17,20);
Insert into SOCIALDUOC.CARRERA_SEDE (ID_CARRERA,ID_SEDE) values (17,21);
Insert into SOCIALDUOC.CARRERA_SEDE (ID_CARRERA,ID_SEDE) values (18,7);
Insert into SOCIALDUOC.CARRERA_SEDE (ID_CARRERA,ID_SEDE) values (18,8);
Insert into SOCIALDUOC.CARRERA_SEDE (ID_CARRERA,ID_SEDE) values (18,9);
Insert into SOCIALDUOC.CARRERA_SEDE (ID_CARRERA,ID_SEDE) values (19,10);
Insert into SOCIALDUOC.CARRERA_SEDE (ID_CARRERA,ID_SEDE) values (19,12);
Insert into SOCIALDUOC.CARRERA_SEDE (ID_CARRERA,ID_SEDE) values (19,11);
Insert into SOCIALDUOC.CARRERA_SEDE (ID_CARRERA,ID_SEDE) values (20,13);
Insert into SOCIALDUOC.CARRERA_SEDE (ID_CARRERA,ID_SEDE) values (20,14);
Insert into SOCIALDUOC.CARRERA_SEDE (ID_CARRERA,ID_SEDE) values (20,15);
Insert into SOCIALDUOC.CARRERA_SEDE (ID_CARRERA,ID_SEDE) values (1,1);
Insert into SOCIALDUOC.CARRERA_SEDE (ID_CARRERA,ID_SEDE) values (1,2);
Insert into SOCIALDUOC.CARRERA_SEDE (ID_CARRERA,ID_SEDE) values (1,3);
Insert into SOCIALDUOC.CARRERA_SEDE (ID_CARRERA,ID_SEDE) values (2,4);
Insert into SOCIALDUOC.CARRERA_SEDE (ID_CARRERA,ID_SEDE) values (2,5);
Insert into SOCIALDUOC.CARRERA_SEDE (ID_CARRERA,ID_SEDE) values (2,6);
Insert into SOCIALDUOC.CARRERA_SEDE (ID_CARRERA,ID_SEDE) values (3,7);
Insert into SOCIALDUOC.CARRERA_SEDE (ID_CARRERA,ID_SEDE) values (3,8);
Insert into SOCIALDUOC.CARRERA_SEDE (ID_CARRERA,ID_SEDE) values (3,9);
Insert into SOCIALDUOC.CARRERA_SEDE (ID_CARRERA,ID_SEDE) values (4,10);
Insert into SOCIALDUOC.CARRERA_SEDE (ID_CARRERA,ID_SEDE) values (4,12);
Insert into SOCIALDUOC.CARRERA_SEDE (ID_CARRERA,ID_SEDE) values (4,11);
Insert into SOCIALDUOC.CARRERA_SEDE (ID_CARRERA,ID_SEDE) values (5,13);
Insert into SOCIALDUOC.CARRERA_SEDE (ID_CARRERA,ID_SEDE) values (5,14);
Insert into SOCIALDUOC.CARRERA_SEDE (ID_CARRERA,ID_SEDE) values (5,15);
Insert into SOCIALDUOC.CARRERA_SEDE (ID_CARRERA,ID_SEDE) values (6,16);
Insert into SOCIALDUOC.CARRERA_SEDE (ID_CARRERA,ID_SEDE) values (6,17);
Insert into SOCIALDUOC.CARRERA_SEDE (ID_CARRERA,ID_SEDE) values (6,18);
Insert into SOCIALDUOC.CARRERA_SEDE (ID_CARRERA,ID_SEDE) values (7,19);
Insert into SOCIALDUOC.CARRERA_SEDE (ID_CARRERA,ID_SEDE) values (7,20);
Insert into SOCIALDUOC.CARRERA_SEDE (ID_CARRERA,ID_SEDE) values (7,21);
Insert into SOCIALDUOC.CARRERA_SEDE (ID_CARRERA,ID_SEDE) values (8,7);
Insert into SOCIALDUOC.CARRERA_SEDE (ID_CARRERA,ID_SEDE) values (8,8);
Insert into SOCIALDUOC.CARRERA_SEDE (ID_CARRERA,ID_SEDE) values (8,9);
Insert into SOCIALDUOC.CARRERA_SEDE (ID_CARRERA,ID_SEDE) values (9,10);
Insert into SOCIALDUOC.CARRERA_SEDE (ID_CARRERA,ID_SEDE) values (9,12);
Insert into SOCIALDUOC.CARRERA_SEDE (ID_CARRERA,ID_SEDE) values (9,11);
Insert into SOCIALDUOC.CARRERA_SEDE (ID_CARRERA,ID_SEDE) values (10,13);
Insert into SOCIALDUOC.CARRERA_SEDE (ID_CARRERA,ID_SEDE) values (10,14);
Insert into SOCIALDUOC.CARRERA_SEDE (ID_CARRERA,ID_SEDE) values (10,15);
Insert into SOCIALDUOC.CARRERA_SEDE (ID_CARRERA,ID_SEDE) values (11,1);
Insert into SOCIALDUOC.CARRERA_SEDE (ID_CARRERA,ID_SEDE) values (11,2);
Insert into SOCIALDUOC.CARRERA_SEDE (ID_CARRERA,ID_SEDE) values (11,3);
Insert into SOCIALDUOC.CARRERA_SEDE (ID_CARRERA,ID_SEDE) values (12,4);
Insert into SOCIALDUOC.CARRERA_SEDE (ID_CARRERA,ID_SEDE) values (12,5);
Insert into SOCIALDUOC.CARRERA_SEDE (ID_CARRERA,ID_SEDE) values (12,6);
Insert into SOCIALDUOC.CARRERA_SEDE (ID_CARRERA,ID_SEDE) values (13,7);
Insert into SOCIALDUOC.CARRERA_SEDE (ID_CARRERA,ID_SEDE) values (13,8);
Insert into SOCIALDUOC.CARRERA_SEDE (ID_CARRERA,ID_SEDE) values (13,9);
Insert into SOCIALDUOC.CARRERA_SEDE (ID_CARRERA,ID_SEDE) values (14,10);
Insert into SOCIALDUOC.CARRERA_SEDE (ID_CARRERA,ID_SEDE) values (14,12);
Insert into SOCIALDUOC.CARRERA_SEDE (ID_CARRERA,ID_SEDE) values (14,11);
Insert into SOCIALDUOC.CARRERA_SEDE (ID_CARRERA,ID_SEDE) values (15,13);
Insert into SOCIALDUOC.CARRERA_SEDE (ID_CARRERA,ID_SEDE) values (15,14);
Insert into SOCIALDUOC.CARRERA_SEDE (ID_CARRERA,ID_SEDE) values (15,15);
Insert into SOCIALDUOC.CARRERA_SEDE (ID_CARRERA,ID_SEDE) values (16,16);
Insert into SOCIALDUOC.CARRERA_SEDE (ID_CARRERA,ID_SEDE) values (16,17);
Insert into SOCIALDUOC.CARRERA_SEDE (ID_CARRERA,ID_SEDE) values (16,18);
Insert into SOCIALDUOC.CARRERA_SEDE (ID_CARRERA,ID_SEDE) values (17,19);
Insert into SOCIALDUOC.CARRERA_SEDE (ID_CARRERA,ID_SEDE) values (17,20);
Insert into SOCIALDUOC.CARRERA_SEDE (ID_CARRERA,ID_SEDE) values (17,21);
Insert into SOCIALDUOC.CARRERA_SEDE (ID_CARRERA,ID_SEDE) values (18,7);
Insert into SOCIALDUOC.CARRERA_SEDE (ID_CARRERA,ID_SEDE) values (18,8);
Insert into SOCIALDUOC.CARRERA_SEDE (ID_CARRERA,ID_SEDE) values (18,9);
Insert into SOCIALDUOC.CARRERA_SEDE (ID_CARRERA,ID_SEDE) values (19,10);
Insert into SOCIALDUOC.CARRERA_SEDE (ID_CARRERA,ID_SEDE) values (19,12);
Insert into SOCIALDUOC.CARRERA_SEDE (ID_CARRERA,ID_SEDE) values (19,11);
Insert into SOCIALDUOC.CARRERA_SEDE (ID_CARRERA,ID_SEDE) values (20,13);
Insert into SOCIALDUOC.CARRERA_SEDE (ID_CARRERA,ID_SEDE) values (20,14);
Insert into SOCIALDUOC.CARRERA_SEDE (ID_CARRERA,ID_SEDE) values (20,15);
REM INSERTING into SOCIALDUOC.COMENTARIO
SET DEFINE OFF;
Insert into SOCIALDUOC.COMENTARIO (ID_COMENT,COMENTARIO,ID_PUBLI,ID_USUARIO) values (452,'ESE WN ME ROBO EL TELEFONO',390,2);
Insert into SOCIALDUOC.COMENTARIO (ID_COMENT,COMENTARIO,ID_PUBLI,ID_USUARIO) values (514,'aa',430,1);
REM INSERTING into SOCIALDUOC.COMUNA
SET DEFINE OFF;
Insert into SOCIALDUOC.COMUNA (ID_COMU,NOM_COMUNA,ID_REGION) values (1,'Arica',1);
Insert into SOCIALDUOC.COMUNA (ID_COMU,NOM_COMUNA,ID_REGION) values (2,'Putre ',1);
Insert into SOCIALDUOC.COMUNA (ID_COMU,NOM_COMUNA,ID_REGION) values (3,'Camarones ',1);
Insert into SOCIALDUOC.COMUNA (ID_COMU,NOM_COMUNA,ID_REGION) values (4,'Iquique ',2);
Insert into SOCIALDUOC.COMUNA (ID_COMU,NOM_COMUNA,ID_REGION) values (5,'Alto Hospicio ',2);
Insert into SOCIALDUOC.COMUNA (ID_COMU,NOM_COMUNA,ID_REGION) values (6,'Pozo Almonte ',2);
Insert into SOCIALDUOC.COMUNA (ID_COMU,NOM_COMUNA,ID_REGION) values (7,'Antofagasta ',3);
Insert into SOCIALDUOC.COMUNA (ID_COMU,NOM_COMUNA,ID_REGION) values (8,'Calama ',3);
Insert into SOCIALDUOC.COMUNA (ID_COMU,NOM_COMUNA,ID_REGION) values (9,'Tocopilla ',3);
Insert into SOCIALDUOC.COMUNA (ID_COMU,NOM_COMUNA,ID_REGION) values (10,'Copiapo ',4);
Insert into SOCIALDUOC.COMUNA (ID_COMU,NOM_COMUNA,ID_REGION) values (11,'Vallenar ',4);
Insert into SOCIALDUOC.COMUNA (ID_COMU,NOM_COMUNA,ID_REGION) values (12,'Caldera ',4);
Insert into SOCIALDUOC.COMUNA (ID_COMU,NOM_COMUNA,ID_REGION) values (13,'La serena ',5);
Insert into SOCIALDUOC.COMUNA (ID_COMU,NOM_COMUNA,ID_REGION) values (14,'Coquimbo ',5);
Insert into SOCIALDUOC.COMUNA (ID_COMU,NOM_COMUNA,ID_REGION) values (15,'Ovalle ',5);
Insert into SOCIALDUOC.COMUNA (ID_COMU,NOM_COMUNA,ID_REGION) values (16,'Valaparaiso ',6);
Insert into SOCIALDUOC.COMUNA (ID_COMU,NOM_COMUNA,ID_REGION) values (17,'Via del mar ',6);
Insert into SOCIALDUOC.COMUNA (ID_COMU,NOM_COMUNA,ID_REGION) values (18,'Quilpue ',6);
Insert into SOCIALDUOC.COMUNA (ID_COMU,NOM_COMUNA,ID_REGION) values (19,'Santiago ',7);
Insert into SOCIALDUOC.COMUNA (ID_COMU,NOM_COMUNA,ID_REGION) values (20,'Las condes ',7);
Insert into SOCIALDUOC.COMUNA (ID_COMU,NOM_COMUNA,ID_REGION) values (21,'Maipu ',7);
Insert into SOCIALDUOC.COMUNA (ID_COMU,NOM_COMUNA,ID_REGION) values (22,'Rancagua ',8);
Insert into SOCIALDUOC.COMUNA (ID_COMU,NOM_COMUNA,ID_REGION) values (23,'San fernando ',8);
Insert into SOCIALDUOC.COMUNA (ID_COMU,NOM_COMUNA,ID_REGION) values (24,'Machali ',8);
Insert into SOCIALDUOC.COMUNA (ID_COMU,NOM_COMUNA,ID_REGION) values (25,'Talca ',9);
Insert into SOCIALDUOC.COMUNA (ID_COMU,NOM_COMUNA,ID_REGION) values (26,'Curico ',9);
Insert into SOCIALDUOC.COMUNA (ID_COMU,NOM_COMUNA,ID_REGION) values (27,'Linares ',9);
Insert into SOCIALDUOC.COMUNA (ID_COMU,NOM_COMUNA,ID_REGION) values (28,'Chillan ',10);
Insert into SOCIALDUOC.COMUNA (ID_COMU,NOM_COMUNA,ID_REGION) values (29,'San carlos ',10);
Insert into SOCIALDUOC.COMUNA (ID_COMU,NOM_COMUNA,ID_REGION) values (30,'Bulnes ',10);
Insert into SOCIALDUOC.COMUNA (ID_COMU,NOM_COMUNA,ID_REGION) values (31,'Concepcion ',11);
Insert into SOCIALDUOC.COMUNA (ID_COMU,NOM_COMUNA,ID_REGION) values (32,'Talcahuano ',11);
Insert into SOCIALDUOC.COMUNA (ID_COMU,NOM_COMUNA,ID_REGION) values (33,'Coronel ',11);
Insert into SOCIALDUOC.COMUNA (ID_COMU,NOM_COMUNA,ID_REGION) values (34,'Temuco ',12);
Insert into SOCIALDUOC.COMUNA (ID_COMU,NOM_COMUNA,ID_REGION) values (35,'Padre las casas ',12);
Insert into SOCIALDUOC.COMUNA (ID_COMU,NOM_COMUNA,ID_REGION) values (36,'Villarrica ',12);
Insert into SOCIALDUOC.COMUNA (ID_COMU,NOM_COMUNA,ID_REGION) values (37,'Valdivia ',13);
Insert into SOCIALDUOC.COMUNA (ID_COMU,NOM_COMUNA,ID_REGION) values (38,'La union ',13);
Insert into SOCIALDUOC.COMUNA (ID_COMU,NOM_COMUNA,ID_REGION) values (39,'Los lagos ',13);
Insert into SOCIALDUOC.COMUNA (ID_COMU,NOM_COMUNA,ID_REGION) values (40,'Puerto montt ',14);
Insert into SOCIALDUOC.COMUNA (ID_COMU,NOM_COMUNA,ID_REGION) values (41,'Osorno ',14);
Insert into SOCIALDUOC.COMUNA (ID_COMU,NOM_COMUNA,ID_REGION) values (42,'Castro ',14);
Insert into SOCIALDUOC.COMUNA (ID_COMU,NOM_COMUNA,ID_REGION) values (43,'Coyhaique ',15);
Insert into SOCIALDUOC.COMUNA (ID_COMU,NOM_COMUNA,ID_REGION) values (44,'Aysen ',15);
Insert into SOCIALDUOC.COMUNA (ID_COMU,NOM_COMUNA,ID_REGION) values (45,'Chile Chico ',15);
Insert into SOCIALDUOC.COMUNA (ID_COMU,NOM_COMUNA,ID_REGION) values (46,'Punta arenas ',16);
Insert into SOCIALDUOC.COMUNA (ID_COMU,NOM_COMUNA,ID_REGION) values (47,'Puerto Natales ',16);
Insert into SOCIALDUOC.COMUNA (ID_COMU,NOM_COMUNA,ID_REGION) values (48,'Porvenir ',16);
REM INSERTING into SOCIALDUOC.COORDINADOR
SET DEFINE OFF;
Insert into SOCIALDUOC.COORDINADOR (ID_USUARIO,ID_CARRERA) values (2,8);
Insert into SOCIALDUOC.COORDINADOR (ID_USUARIO,ID_CARRERA) values (3,19);
Insert into SOCIALDUOC.COORDINADOR (ID_USUARIO,ID_CARRERA) values (4,2);
Insert into SOCIALDUOC.COORDINADOR (ID_USUARIO,ID_CARRERA) values (21,8);
Insert into SOCIALDUOC.COORDINADOR (ID_USUARIO,ID_CARRERA) values (22,19);
Insert into SOCIALDUOC.COORDINADOR (ID_USUARIO,ID_CARRERA) values (23,2);
Insert into SOCIALDUOC.COORDINADOR (ID_USUARIO,ID_CARRERA) values (24,8);
Insert into SOCIALDUOC.COORDINADOR (ID_USUARIO,ID_CARRERA) values (25,19);
Insert into SOCIALDUOC.COORDINADOR (ID_USUARIO,ID_CARRERA) values (1000,1);
Insert into SOCIALDUOC.COORDINADOR (ID_USUARIO,ID_CARRERA) values (1001,2);
Insert into SOCIALDUOC.COORDINADOR (ID_USUARIO,ID_CARRERA) values (1002,3);
Insert into SOCIALDUOC.COORDINADOR (ID_USUARIO,ID_CARRERA) values (1003,4);
Insert into SOCIALDUOC.COORDINADOR (ID_USUARIO,ID_CARRERA) values (1004,5);
Insert into SOCIALDUOC.COORDINADOR (ID_USUARIO,ID_CARRERA) values (1005,6);
Insert into SOCIALDUOC.COORDINADOR (ID_USUARIO,ID_CARRERA) values (1006,7);
Insert into SOCIALDUOC.COORDINADOR (ID_USUARIO,ID_CARRERA) values (1007,8);
Insert into SOCIALDUOC.COORDINADOR (ID_USUARIO,ID_CARRERA) values (1008,9);
Insert into SOCIALDUOC.COORDINADOR (ID_USUARIO,ID_CARRERA) values (1009,10);
Insert into SOCIALDUOC.COORDINADOR (ID_USUARIO,ID_CARRERA) values (1010,11);
Insert into SOCIALDUOC.COORDINADOR (ID_USUARIO,ID_CARRERA) values (1011,12);
Insert into SOCIALDUOC.COORDINADOR (ID_USUARIO,ID_CARRERA) values (1012,13);
Insert into SOCIALDUOC.COORDINADOR (ID_USUARIO,ID_CARRERA) values (1013,14);
Insert into SOCIALDUOC.COORDINADOR (ID_USUARIO,ID_CARRERA) values (1014,15);
Insert into SOCIALDUOC.COORDINADOR (ID_USUARIO,ID_CARRERA) values (1015,16);
Insert into SOCIALDUOC.COORDINADOR (ID_USUARIO,ID_CARRERA) values (1016,17);
Insert into SOCIALDUOC.COORDINADOR (ID_USUARIO,ID_CARRERA) values (1017,18);
Insert into SOCIALDUOC.COORDINADOR (ID_USUARIO,ID_CARRERA) values (1018,19);
Insert into SOCIALDUOC.COORDINADOR (ID_USUARIO,ID_CARRERA) values (1019,20);
Insert into SOCIALDUOC.COORDINADOR (ID_USUARIO,ID_CARRERA) values (1020,14);
REM INSERTING into SOCIALDUOC.DIRECTOR
SET DEFINE OFF;
Insert into SOCIALDUOC.DIRECTOR (ID_USUARIO,ID_CARRERA) values (1,3);
Insert into SOCIALDUOC.DIRECTOR (ID_USUARIO,ID_CARRERA) values (3,3);
Insert into SOCIALDUOC.DIRECTOR (ID_USUARIO,ID_CARRERA) values (104,7);
Insert into SOCIALDUOC.DIRECTOR (ID_USUARIO,ID_CARRERA) values (105,7);
Insert into SOCIALDUOC.DIRECTOR (ID_USUARIO,ID_CARRERA) values (106,3);
Insert into SOCIALDUOC.DIRECTOR (ID_USUARIO,ID_CARRERA) values (107,8);
Insert into SOCIALDUOC.DIRECTOR (ID_USUARIO,ID_CARRERA) values (109,7);
Insert into SOCIALDUOC.DIRECTOR (ID_USUARIO,ID_CARRERA) values (108,7);
REM INSERTING into SOCIALDUOC.DJANGO_ADMIN_LOG
SET DEFINE OFF;
Insert into SOCIALDUOC.DJANGO_ADMIN_LOG (ID,ACTION_TIME,OBJECT_REPR,ACTION_FLAG,CONTENT_TYPE_ID,USER_ID) values (1,to_timestamp('21-OCT-23 08.40.23.039377000 PM','DD-MON-RR HH.MI.SSXFF AM'),'General',1,60,1);
Insert into SOCIALDUOC.DJANGO_ADMIN_LOG (ID,ACTION_TIME,OBJECT_REPR,ACTION_FLAG,CONTENT_TYPE_ID,USER_ID) values (2,to_timestamp('21-OCT-23 08.40.31.040600000 PM','DD-MON-RR HH.MI.SSXFF AM'),'General',3,60,1);
Insert into SOCIALDUOC.DJANGO_ADMIN_LOG (ID,ACTION_TIME,OBJECT_REPR,ACTION_FLAG,CONTENT_TYPE_ID,USER_ID) values (3,to_timestamp('21-OCT-23 08.42.52.806850000 PM','DD-MON-RR HH.MI.SSXFF AM'),'General',1,60,1);
Insert into SOCIALDUOC.DJANGO_ADMIN_LOG (ID,ACTION_TIME,OBJECT_REPR,ACTION_FLAG,CONTENT_TYPE_ID,USER_ID) values (21,to_timestamp('23-OCT-23 01.17.41.071533000 AM','DD-MON-RR HH.MI.SSXFF AM'),'maria',1,4,1);
Insert into SOCIALDUOC.DJANGO_ADMIN_LOG (ID,ACTION_TIME,OBJECT_REPR,ACTION_FLAG,CONTENT_TYPE_ID,USER_ID) values (41,to_timestamp('08-DEC-23 05.11.04.346356000 PM','DD-MON-RR HH.MI.SSXFF AM'),'admin',1,61,1);
REM INSERTING into SOCIALDUOC.DJANGO_CONTENT_TYPE
SET DEFINE OFF;
Insert into SOCIALDUOC.DJANGO_CONTENT_TYPE (ID,APP_LABEL,MODEL) values (21,'socialDuoc','amigo');
Insert into SOCIALDUOC.DJANGO_CONTENT_TYPE (ID,APP_LABEL,MODEL) values (22,'socialDuoc','authgroup');
Insert into SOCIALDUOC.DJANGO_CONTENT_TYPE (ID,APP_LABEL,MODEL) values (23,'socialDuoc','authgrouppermissions');
Insert into SOCIALDUOC.DJANGO_CONTENT_TYPE (ID,APP_LABEL,MODEL) values (24,'socialDuoc','authpermission');
Insert into SOCIALDUOC.DJANGO_CONTENT_TYPE (ID,APP_LABEL,MODEL) values (25,'socialDuoc','authuser');
Insert into SOCIALDUOC.DJANGO_CONTENT_TYPE (ID,APP_LABEL,MODEL) values (26,'socialDuoc','authusergroups');
Insert into SOCIALDUOC.DJANGO_CONTENT_TYPE (ID,APP_LABEL,MODEL) values (27,'socialDuoc','authuseruserpermissions');
Insert into SOCIALDUOC.DJANGO_CONTENT_TYPE (ID,APP_LABEL,MODEL) values (28,'socialDuoc','carrera');
Insert into SOCIALDUOC.DJANGO_CONTENT_TYPE (ID,APP_LABEL,MODEL) values (29,'socialDuoc','carrerasede');
Insert into SOCIALDUOC.DJANGO_CONTENT_TYPE (ID,APP_LABEL,MODEL) values (30,'socialDuoc','comentario');
Insert into SOCIALDUOC.DJANGO_CONTENT_TYPE (ID,APP_LABEL,MODEL) values (31,'socialDuoc','comuna');
Insert into SOCIALDUOC.DJANGO_CONTENT_TYPE (ID,APP_LABEL,MODEL) values (32,'socialDuoc','djangoadminlog');
Insert into SOCIALDUOC.DJANGO_CONTENT_TYPE (ID,APP_LABEL,MODEL) values (33,'socialDuoc','djangocontenttype');
Insert into SOCIALDUOC.DJANGO_CONTENT_TYPE (ID,APP_LABEL,MODEL) values (34,'socialDuoc','djangomigrations');
Insert into SOCIALDUOC.DJANGO_CONTENT_TYPE (ID,APP_LABEL,MODEL) values (35,'socialDuoc','djangosession');
Insert into SOCIALDUOC.DJANGO_CONTENT_TYPE (ID,APP_LABEL,MODEL) values (36,'socialDuoc','encuesta');
Insert into SOCIALDUOC.DJANGO_CONTENT_TYPE (ID,APP_LABEL,MODEL) values (37,'socialDuoc','estadoperfil');
Insert into SOCIALDUOC.DJANGO_CONTENT_TYPE (ID,APP_LABEL,MODEL) values (38,'socialDuoc','eventoagendado');
Insert into SOCIALDUOC.DJANGO_CONTENT_TYPE (ID,APP_LABEL,MODEL) values (39,'socialDuoc','genero');
Insert into SOCIALDUOC.DJANGO_CONTENT_TYPE (ID,APP_LABEL,MODEL) values (40,'socialDuoc','megusta');
Insert into SOCIALDUOC.DJANGO_CONTENT_TYPE (ID,APP_LABEL,MODEL) values (41,'socialDuoc','myadmin');
Insert into SOCIALDUOC.DJANGO_CONTENT_TYPE (ID,APP_LABEL,MODEL) values (42,'socialDuoc','participantes');
Insert into SOCIALDUOC.DJANGO_CONTENT_TYPE (ID,APP_LABEL,MODEL) values (43,'socialDuoc','publicacion');
Insert into SOCIALDUOC.DJANGO_CONTENT_TYPE (ID,APP_LABEL,MODEL) values (44,'socialDuoc','ramo');
Insert into SOCIALDUOC.DJANGO_CONTENT_TYPE (ID,APP_LABEL,MODEL) values (45,'socialDuoc','region');
Insert into SOCIALDUOC.DJANGO_CONTENT_TYPE (ID,APP_LABEL,MODEL) values (46,'socialDuoc','sede');
Insert into SOCIALDUOC.DJANGO_CONTENT_TYPE (ID,APP_LABEL,MODEL) values (47,'socialDuoc','tipousuario');
Insert into SOCIALDUOC.DJANGO_CONTENT_TYPE (ID,APP_LABEL,MODEL) values (48,'socialDuoc','seccionaludoc');
Insert into SOCIALDUOC.DJANGO_CONTENT_TYPE (ID,APP_LABEL,MODEL) values (49,'socialDuoc','seccion');
Insert into SOCIALDUOC.DJANGO_CONTENT_TYPE (ID,APP_LABEL,MODEL) values (50,'socialDuoc','chat');
Insert into SOCIALDUOC.DJANGO_CONTENT_TYPE (ID,APP_LABEL,MODEL) values (51,'socialDuoc','usuariochat');
Insert into SOCIALDUOC.DJANGO_CONTENT_TYPE (ID,APP_LABEL,MODEL) values (52,'socialDuoc','institucion');
Insert into SOCIALDUOC.DJANGO_CONTENT_TYPE (ID,APP_LABEL,MODEL) values (53,'socialDuoc','coordinador');
Insert into SOCIALDUOC.DJANGO_CONTENT_TYPE (ID,APP_LABEL,MODEL) values (54,'socialDuoc','usuario');
Insert into SOCIALDUOC.DJANGO_CONTENT_TYPE (ID,APP_LABEL,MODEL) values (55,'socialDuoc','docente');
Insert into SOCIALDUOC.DJANGO_CONTENT_TYPE (ID,APP_LABEL,MODEL) values (56,'socialDuoc','director');
Insert into SOCIALDUOC.DJANGO_CONTENT_TYPE (ID,APP_LABEL,MODEL) values (57,'socialDuoc','alumno');
Insert into SOCIALDUOC.DJANGO_CONTENT_TYPE (ID,APP_LABEL,MODEL) values (58,'socialDuoc','ramodoc');
Insert into SOCIALDUOC.DJANGO_CONTENT_TYPE (ID,APP_LABEL,MODEL) values (59,'socialDuoc','roomchatmessage');
Insert into SOCIALDUOC.DJANGO_CONTENT_TYPE (ID,APP_LABEL,MODEL) values (60,'socialDuoc','chatroom');
Insert into SOCIALDUOC.DJANGO_CONTENT_TYPE (ID,APP_LABEL,MODEL) values (61,'fcm_django','fcmdevice');
Insert into SOCIALDUOC.DJANGO_CONTENT_TYPE (ID,APP_LABEL,MODEL) values (62,'socialDuoc','contenido');
Insert into SOCIALDUOC.DJANGO_CONTENT_TYPE (ID,APP_LABEL,MODEL) values (63,'socialDuoc','onetimetoken');
Insert into SOCIALDUOC.DJANGO_CONTENT_TYPE (ID,APP_LABEL,MODEL) values (1,'admin','logentry');
Insert into SOCIALDUOC.DJANGO_CONTENT_TYPE (ID,APP_LABEL,MODEL) values (2,'auth','permission');
Insert into SOCIALDUOC.DJANGO_CONTENT_TYPE (ID,APP_LABEL,MODEL) values (3,'auth','group');
Insert into SOCIALDUOC.DJANGO_CONTENT_TYPE (ID,APP_LABEL,MODEL) values (4,'auth','user');
Insert into SOCIALDUOC.DJANGO_CONTENT_TYPE (ID,APP_LABEL,MODEL) values (5,'contenttypes','contenttype');
Insert into SOCIALDUOC.DJANGO_CONTENT_TYPE (ID,APP_LABEL,MODEL) values (6,'sessions','session');
REM INSERTING into SOCIALDUOC.DJANGO_MIGRATIONS
SET DEFINE OFF;
Insert into SOCIALDUOC.DJANGO_MIGRATIONS (ID,APP,NAME,APPLIED) values (21,'socialDuoc','0001_initial',to_timestamp('21-OCT-23 08.38.15.693794000 PM','DD-MON-RR HH.MI.SSXFF AM'));
Insert into SOCIALDUOC.DJANGO_MIGRATIONS (ID,APP,NAME,APPLIED) values (22,'socialDuoc','0002_chatroom',to_timestamp('21-OCT-23 08.38.15.917812000 PM','DD-MON-RR HH.MI.SSXFF AM'));
Insert into SOCIALDUOC.DJANGO_MIGRATIONS (ID,APP,NAME,APPLIED) values (23,'socialDuoc','0003_roomchatmessage',to_timestamp('21-OCT-23 08.38.15.997818000 PM','DD-MON-RR HH.MI.SSXFF AM'));
Insert into SOCIALDUOC.DJANGO_MIGRATIONS (ID,APP,NAME,APPLIED) values (24,'socialDuoc','0004_alter_chatroom_users',to_timestamp('21-OCT-23 08.41.57.815802000 PM','DD-MON-RR HH.MI.SSXFF AM'));
Insert into SOCIALDUOC.DJANGO_MIGRATIONS (ID,APP,NAME,APPLIED) values (50,'fcm_django','0010_unique_registration_id',to_timestamp('08-DEC-23 03.45.28.739928000 PM','DD-MON-RR HH.MI.SSXFF AM'));
Insert into SOCIALDUOC.DJANGO_MIGRATIONS (ID,APP,NAME,APPLIED) values (51,'socialDuoc','0002_contenido_onetimetoken',to_timestamp('08-DEC-23 05.05.05.775122000 PM','DD-MON-RR HH.MI.SSXFF AM'));
Insert into SOCIALDUOC.DJANGO_MIGRATIONS (ID,APP,NAME,APPLIED) values (1,'contenttypes','0001_initial',to_timestamp('13-SEP-23 12.00.43.950377000 AM','DD-MON-RR HH.MI.SSXFF AM'));
Insert into SOCIALDUOC.DJANGO_MIGRATIONS (ID,APP,NAME,APPLIED) values (2,'auth','0001_initial',to_timestamp('13-SEP-23 12.00.44.299155000 AM','DD-MON-RR HH.MI.SSXFF AM'));
Insert into SOCIALDUOC.DJANGO_MIGRATIONS (ID,APP,NAME,APPLIED) values (3,'admin','0001_initial',to_timestamp('13-SEP-23 12.00.44.423153000 AM','DD-MON-RR HH.MI.SSXFF AM'));
Insert into SOCIALDUOC.DJANGO_MIGRATIONS (ID,APP,NAME,APPLIED) values (4,'admin','0002_logentry_remove_auto_add',to_timestamp('13-SEP-23 12.00.44.463300000 AM','DD-MON-RR HH.MI.SSXFF AM'));
Insert into SOCIALDUOC.DJANGO_MIGRATIONS (ID,APP,NAME,APPLIED) values (5,'admin','0003_logentry_add_action_flag_choices',to_timestamp('13-SEP-23 12.00.44.500327000 AM','DD-MON-RR HH.MI.SSXFF AM'));
Insert into SOCIALDUOC.DJANGO_MIGRATIONS (ID,APP,NAME,APPLIED) values (6,'contenttypes','0002_remove_content_type_name',to_timestamp('13-SEP-23 12.00.45.991760000 AM','DD-MON-RR HH.MI.SSXFF AM'));
Insert into SOCIALDUOC.DJANGO_MIGRATIONS (ID,APP,NAME,APPLIED) values (7,'auth','0002_alter_permission_name_max_length',to_timestamp('13-SEP-23 12.00.46.077766000 AM','DD-MON-RR HH.MI.SSXFF AM'));
Insert into SOCIALDUOC.DJANGO_MIGRATIONS (ID,APP,NAME,APPLIED) values (8,'auth','0003_alter_user_email_max_length',to_timestamp('13-SEP-23 12.00.46.125769000 AM','DD-MON-RR HH.MI.SSXFF AM'));
Insert into SOCIALDUOC.DJANGO_MIGRATIONS (ID,APP,NAME,APPLIED) values (9,'auth','0004_alter_user_username_opts',to_timestamp('13-SEP-23 12.00.46.166348000 AM','DD-MON-RR HH.MI.SSXFF AM'));
Insert into SOCIALDUOC.DJANGO_MIGRATIONS (ID,APP,NAME,APPLIED) values (10,'auth','0005_alter_user_last_login_null',to_timestamp('13-SEP-23 12.00.46.221145000 AM','DD-MON-RR HH.MI.SSXFF AM'));
Insert into SOCIALDUOC.DJANGO_MIGRATIONS (ID,APP,NAME,APPLIED) values (11,'auth','0006_require_contenttypes_0002',to_timestamp('13-SEP-23 12.00.46.256148000 AM','DD-MON-RR HH.MI.SSXFF AM'));
Insert into SOCIALDUOC.DJANGO_MIGRATIONS (ID,APP,NAME,APPLIED) values (12,'auth','0007_alter_validators_add_error_messages',to_timestamp('13-SEP-23 12.00.46.296150000 AM','DD-MON-RR HH.MI.SSXFF AM'));
Insert into SOCIALDUOC.DJANGO_MIGRATIONS (ID,APP,NAME,APPLIED) values (13,'auth','0008_alter_user_username_max_length',to_timestamp('13-SEP-23 12.00.46.342924000 AM','DD-MON-RR HH.MI.SSXFF AM'));
Insert into SOCIALDUOC.DJANGO_MIGRATIONS (ID,APP,NAME,APPLIED) values (14,'auth','0009_alter_user_last_name_max_length',to_timestamp('13-SEP-23 12.00.46.391277000 AM','DD-MON-RR HH.MI.SSXFF AM'));
Insert into SOCIALDUOC.DJANGO_MIGRATIONS (ID,APP,NAME,APPLIED) values (15,'auth','0010_alter_group_name_max_length',to_timestamp('13-SEP-23 12.00.46.444280000 AM','DD-MON-RR HH.MI.SSXFF AM'));
Insert into SOCIALDUOC.DJANGO_MIGRATIONS (ID,APP,NAME,APPLIED) values (16,'auth','0011_update_proxy_permissions',to_timestamp('13-SEP-23 12.00.46.488274000 AM','DD-MON-RR HH.MI.SSXFF AM'));
Insert into SOCIALDUOC.DJANGO_MIGRATIONS (ID,APP,NAME,APPLIED) values (17,'auth','0012_alter_user_first_name_max_length',to_timestamp('13-SEP-23 12.00.46.554382000 AM','DD-MON-RR HH.MI.SSXFF AM'));
Insert into SOCIALDUOC.DJANGO_MIGRATIONS (ID,APP,NAME,APPLIED) values (18,'sessions','0001_initial',to_timestamp('13-SEP-23 12.00.46.676390000 AM','DD-MON-RR HH.MI.SSXFF AM'));
Insert into SOCIALDUOC.DJANGO_MIGRATIONS (ID,APP,NAME,APPLIED) values (41,'fcm_django','0001_initial',to_timestamp('08-DEC-23 02.26.05.453869000 PM','DD-MON-RR HH.MI.SSXFF AM'));
Insert into SOCIALDUOC.DJANGO_MIGRATIONS (ID,APP,NAME,APPLIED) values (42,'fcm_django','0002_auto_20160808_1645',to_timestamp('08-DEC-23 02.26.05.538874000 PM','DD-MON-RR HH.MI.SSXFF AM'));
Insert into SOCIALDUOC.DJANGO_MIGRATIONS (ID,APP,NAME,APPLIED) values (43,'fcm_django','0003_auto_20170313_1314',to_timestamp('08-DEC-23 02.26.05.571878000 PM','DD-MON-RR HH.MI.SSXFF AM'));
Insert into SOCIALDUOC.DJANGO_MIGRATIONS (ID,APP,NAME,APPLIED) values (44,'fcm_django','0004_auto_20181128_1642',to_timestamp('08-DEC-23 02.26.05.604880000 PM','DD-MON-RR HH.MI.SSXFF AM'));
Insert into SOCIALDUOC.DJANGO_MIGRATIONS (ID,APP,NAME,APPLIED) values (45,'fcm_django','0005_auto_20170808_1145',to_timestamp('08-DEC-23 02.26.05.636882000 PM','DD-MON-RR HH.MI.SSXFF AM'));
Insert into SOCIALDUOC.DJANGO_MIGRATIONS (ID,APP,NAME,APPLIED) values (46,'fcm_django','0006_auto_20210802_1140',to_timestamp('08-DEC-23 02.26.05.670885000 PM','DD-MON-RR HH.MI.SSXFF AM'));
Insert into SOCIALDUOC.DJANGO_MIGRATIONS (ID,APP,NAME,APPLIED) values (47,'fcm_django','0007_auto_20211001_1440',to_timestamp('08-DEC-23 02.26.05.716890000 PM','DD-MON-RR HH.MI.SSXFF AM'));
Insert into SOCIALDUOC.DJANGO_MIGRATIONS (ID,APP,NAME,APPLIED) values (48,'fcm_django','0008_auto_20211224_1205',to_timestamp('08-DEC-23 02.26.05.752891000 PM','DD-MON-RR HH.MI.SSXFF AM'));
Insert into SOCIALDUOC.DJANGO_MIGRATIONS (ID,APP,NAME,APPLIED) values (49,'fcm_django','0009_alter_fcmdevice_user',to_timestamp('08-DEC-23 02.26.05.783894000 PM','DD-MON-RR HH.MI.SSXFF AM'));
REM INSERTING into SOCIALDUOC.DJANGO_SESSION
SET DEFINE OFF;
Insert into SOCIALDUOC.DJANGO_SESSION (SESSION_KEY,EXPIRE_DATE) values ('00he3wp1nr7o3nxaqb6da3bgllx2338w',to_timestamp('28-DEC-23 01.00.22.277440000 AM','DD-MON-RR HH.MI.SSXFF AM'));
Insert into SOCIALDUOC.DJANGO_SESSION (SESSION_KEY,EXPIRE_DATE) values ('08o65zi4foz2r4jylwn3czw0770v55jc',to_timestamp('09-NOV-23 10.08.23.243179000 PM','DD-MON-RR HH.MI.SSXFF AM'));
Insert into SOCIALDUOC.DJANGO_SESSION (SESSION_KEY,EXPIRE_DATE) values ('0mdtrdbx9i0jpaxo5oi4evh3rl420rs1',to_timestamp('20-DEC-23 03.06.47.185574000 PM','DD-MON-RR HH.MI.SSXFF AM'));
Insert into SOCIALDUOC.DJANGO_SESSION (SESSION_KEY,EXPIRE_DATE) values ('0rvkxswejf3nl40kbwtrqvzy9okj4mgo',to_timestamp('30-NOV-23 11.15.58.002751000 PM','DD-MON-RR HH.MI.SSXFF AM'));
Insert into SOCIALDUOC.DJANGO_SESSION (SESSION_KEY,EXPIRE_DATE) values ('1bjrljbx8ey24dk37q8duiavxgu7dl18',to_timestamp('07-NOV-23 12.46.39.305662000 AM','DD-MON-RR HH.MI.SSXFF AM'));
Insert into SOCIALDUOC.DJANGO_SESSION (SESSION_KEY,EXPIRE_DATE) values ('1ijbw5pqs4t2u37p05csh1fhjidd7uy1',to_timestamp('21-DEC-23 12.56.14.188474000 AM','DD-MON-RR HH.MI.SSXFF AM'));
Insert into SOCIALDUOC.DJANGO_SESSION (SESSION_KEY,EXPIRE_DATE) values ('1r01i6omxui2lo1slc1fv2op80zcluvv',to_timestamp('19-DEC-23 02.10.47.893753000 AM','DD-MON-RR HH.MI.SSXFF AM'));
Insert into SOCIALDUOC.DJANGO_SESSION (SESSION_KEY,EXPIRE_DATE) values ('1shjpzeodd15fcjoezajv1khv9q8nilu',to_timestamp('03-DEC-23 10.43.25.462312000 PM','DD-MON-RR HH.MI.SSXFF AM'));
Insert into SOCIALDUOC.DJANGO_SESSION (SESSION_KEY,EXPIRE_DATE) values ('1y7ca9hzy5arhifkpunkzmds55k34taw',to_timestamp('04-DEC-23 04.44.35.230499000 PM','DD-MON-RR HH.MI.SSXFF AM'));
Insert into SOCIALDUOC.DJANGO_SESSION (SESSION_KEY,EXPIRE_DATE) values ('234ocd8sykzw1rbsp0m5lkgzho2l9s9n',to_timestamp('23-DEC-23 12.55.22.215704000 AM','DD-MON-RR HH.MI.SSXFF AM'));
Insert into SOCIALDUOC.DJANGO_SESSION (SESSION_KEY,EXPIRE_DATE) values ('2grxvvru4gsxpa0y0or1s9vwmdbgccht',to_timestamp('30-NOV-23 11.09.55.963249000 PM','DD-MON-RR HH.MI.SSXFF AM'));
Insert into SOCIALDUOC.DJANGO_SESSION (SESSION_KEY,EXPIRE_DATE) values ('2hfe97a3et54bp4ob0cs03oftswigmgl',to_timestamp('03-DEC-23 11.31.25.968572000 PM','DD-MON-RR HH.MI.SSXFF AM'));
Insert into SOCIALDUOC.DJANGO_SESSION (SESSION_KEY,EXPIRE_DATE) values ('2ifc0np60cp5y1nf0kvl1avqplu8miyl',to_timestamp('23-DEC-23 12.51.16.209567000 AM','DD-MON-RR HH.MI.SSXFF AM'));
Insert into SOCIALDUOC.DJANGO_SESSION (SESSION_KEY,EXPIRE_DATE) values ('2rwsw9krlc59vmjpfns9b69q5gded1fg',to_timestamp('04-DEC-23 04.25.00.895270000 PM','DD-MON-RR HH.MI.SSXFF AM'));
Insert into SOCIALDUOC.DJANGO_SESSION (SESSION_KEY,EXPIRE_DATE) values ('2tm7e9cnxn4vwrd050y420ygc0mgfpb5',to_timestamp('02-DEC-23 08.54.15.889937000 PM','DD-MON-RR HH.MI.SSXFF AM'));
Insert into SOCIALDUOC.DJANGO_SESSION (SESSION_KEY,EXPIRE_DATE) values ('2vlicnahw8zzz3p7ai52aoyos6lypvbo',to_timestamp('08-NOV-23 10.56.30.872034000 PM','DD-MON-RR HH.MI.SSXFF AM'));
Insert into SOCIALDUOC.DJANGO_SESSION (SESSION_KEY,EXPIRE_DATE) values ('2ycelhli72n20jpnfy97p9zmzn5e8cs3',to_timestamp('06-DEC-23 04.00.14.501987000 PM','DD-MON-RR HH.MI.SSXFF AM'));
Insert into SOCIALDUOC.DJANGO_SESSION (SESSION_KEY,EXPIRE_DATE) values ('35mx6b7rm31dhxw13n7bnsgxg78h1zvw',to_timestamp('25-NOV-23 08.26.52.413350000 PM','DD-MON-RR HH.MI.SSXFF AM'));
Insert into SOCIALDUOC.DJANGO_SESSION (SESSION_KEY,EXPIRE_DATE) values ('35wrcik0xd9nlp1z5i0zq6s3dt08uv15',to_timestamp('06-NOV-23 02.31.22.206012000 AM','DD-MON-RR HH.MI.SSXFF AM'));
Insert into SOCIALDUOC.DJANGO_SESSION (SESSION_KEY,EXPIRE_DATE) values ('3as4u1jcit4v1yxnl8of869v90m9xqwq',to_timestamp('11-NOV-23 05.53.11.620106000 PM','DD-MON-RR HH.MI.SSXFF AM'));
Insert into SOCIALDUOC.DJANGO_SESSION (SESSION_KEY,EXPIRE_DATE) values ('48wrisk9hsay0m9f3igh3c2ca5agmfcy',to_timestamp('06-NOV-23 10.19.25.855550000 PM','DD-MON-RR HH.MI.SSXFF AM'));
Insert into SOCIALDUOC.DJANGO_SESSION (SESSION_KEY,EXPIRE_DATE) values ('4jkt93dmh4psjqmlle8ivz6tvockz7bd',to_timestamp('03-DEC-23 10.58.23.708251000 PM','DD-MON-RR HH.MI.SSXFF AM'));
Insert into SOCIALDUOC.DJANGO_SESSION (SESSION_KEY,EXPIRE_DATE) values ('4oc032y7j36r9vichd2bg2udbg7hnhe5',to_timestamp('06-NOV-23 09.18.43.093605000 PM','DD-MON-RR HH.MI.SSXFF AM'));
Insert into SOCIALDUOC.DJANGO_SESSION (SESSION_KEY,EXPIRE_DATE) values ('4to91kps58dspknd3u20w2m0or0agyrz',to_timestamp('22-DEC-23 06.44.11.130639000 PM','DD-MON-RR HH.MI.SSXFF AM'));
Insert into SOCIALDUOC.DJANGO_SESSION (SESSION_KEY,EXPIRE_DATE) values ('4xur0exhvkbnd6my4pu9kbwbrhhdhn2g',to_timestamp('06-DEC-23 09.39.51.534358000 PM','DD-MON-RR HH.MI.SSXFF AM'));
Insert into SOCIALDUOC.DJANGO_SESSION (SESSION_KEY,EXPIRE_DATE) values ('53pcezjgcza6k5e7rzxbth3cjykzlkfd',to_timestamp('03-DEC-23 10.15.08.757913000 PM','DD-MON-RR HH.MI.SSXFF AM'));
Insert into SOCIALDUOC.DJANGO_SESSION (SESSION_KEY,EXPIRE_DATE) values ('5h8j39v98pnpmj7o5x01nqpwlp6brzxw',to_timestamp('08-NOV-23 09.36.50.822414000 PM','DD-MON-RR HH.MI.SSXFF AM'));
Insert into SOCIALDUOC.DJANGO_SESSION (SESSION_KEY,EXPIRE_DATE) values ('5sqx0qhb9waesbgpj3jumdsy1056vxjs',to_timestamp('03-DEC-23 07.22.16.361193000 PM','DD-MON-RR HH.MI.SSXFF AM'));
Insert into SOCIALDUOC.DJANGO_SESSION (SESSION_KEY,EXPIRE_DATE) values ('5zyq0fo4w7aojl8sqhhq67bdjwlywv4u',to_timestamp('23-DEC-23 01.06.32.514575000 AM','DD-MON-RR HH.MI.SSXFF AM'));
Insert into SOCIALDUOC.DJANGO_SESSION (SESSION_KEY,EXPIRE_DATE) values ('62xmi1e7qrrnq8nnwv8nt4d14g7fd1pf',to_timestamp('25-DEC-23 12.48.35.680688000 AM','DD-MON-RR HH.MI.SSXFF AM'));
Insert into SOCIALDUOC.DJANGO_SESSION (SESSION_KEY,EXPIRE_DATE) values ('650qq1i3per27qdlyi1rund4fr17c279',to_timestamp('22-DEC-23 05.42.34.927873000 PM','DD-MON-RR HH.MI.SSXFF AM'));
Insert into SOCIALDUOC.DJANGO_SESSION (SESSION_KEY,EXPIRE_DATE) values ('6cyq6fdr9gyw7ulvpnrl2nzlw7cepx31',to_timestamp('06-NOV-23 06.24.27.829507000 PM','DD-MON-RR HH.MI.SSXFF AM'));
Insert into SOCIALDUOC.DJANGO_SESSION (SESSION_KEY,EXPIRE_DATE) values ('6ivtr8qccsseskhd85mmcbvbuq1b6pci',to_timestamp('24-NOV-23 12.03.52.926022000 AM','DD-MON-RR HH.MI.SSXFF AM'));
Insert into SOCIALDUOC.DJANGO_SESSION (SESSION_KEY,EXPIRE_DATE) values ('6lriwgrmx8idi3oirirn0bdvqd2852ap',to_timestamp('26-NOV-23 12.36.38.094316000 AM','DD-MON-RR HH.MI.SSXFF AM'));
Insert into SOCIALDUOC.DJANGO_SESSION (SESSION_KEY,EXPIRE_DATE) values ('74q3d640mli7pmiys4hynpndr1te8r2o',to_timestamp('03-DEC-23 01.01.56.300690000 AM','DD-MON-RR HH.MI.SSXFF AM'));
Insert into SOCIALDUOC.DJANGO_SESSION (SESSION_KEY,EXPIRE_DATE) values ('7h18wg5hjb6h2kavsq0ryjg04zdhr28d',to_timestamp('23-DEC-23 12.53.29.609258000 AM','DD-MON-RR HH.MI.SSXFF AM'));
Insert into SOCIALDUOC.DJANGO_SESSION (SESSION_KEY,EXPIRE_DATE) values ('7u9tcuolr50q8d8bctle76ffhaifwjjl',to_timestamp('11-NOV-23 01.36.10.661705000 AM','DD-MON-RR HH.MI.SSXFF AM'));
Insert into SOCIALDUOC.DJANGO_SESSION (SESSION_KEY,EXPIRE_DATE) values ('828gjcuimqbn2cck67q2w4co2p5s289b',to_timestamp('23-DEC-23 01.06.39.796434000 AM','DD-MON-RR HH.MI.SSXFF AM'));
Insert into SOCIALDUOC.DJANGO_SESSION (SESSION_KEY,EXPIRE_DATE) values ('8aco78664r10cqf3ppjrbjuio12jagn4',to_timestamp('11-NOV-23 02.40.24.472991000 AM','DD-MON-RR HH.MI.SSXFF AM'));
Insert into SOCIALDUOC.DJANGO_SESSION (SESSION_KEY,EXPIRE_DATE) values ('8dfjp3dkzs60iyf2396aygkbu18w9el9',to_timestamp('04-DEC-23 01.39.06.758921000 AM','DD-MON-RR HH.MI.SSXFF AM'));
Insert into SOCIALDUOC.DJANGO_SESSION (SESSION_KEY,EXPIRE_DATE) values ('8jsnu27l7zr9c7e4jagvzbyrtr0sw0b1',to_timestamp('02-DEC-23 09.49.17.642032000 PM','DD-MON-RR HH.MI.SSXFF AM'));
Insert into SOCIALDUOC.DJANGO_SESSION (SESSION_KEY,EXPIRE_DATE) values ('8k7qrxrq6gahu7qow3ux6agdj202krbe',to_timestamp('24-NOV-23 12.18.37.739832000 AM','DD-MON-RR HH.MI.SSXFF AM'));
Insert into SOCIALDUOC.DJANGO_SESSION (SESSION_KEY,EXPIRE_DATE) values ('91j9jab2suzdsklmfnp0puo54xnqdck8',to_timestamp('01-DEC-23 12.03.06.037973000 AM','DD-MON-RR HH.MI.SSXFF AM'));
Insert into SOCIALDUOC.DJANGO_SESSION (SESSION_KEY,EXPIRE_DATE) values ('962b61yeyr789qt6mn6x0pl7jeyjq581',to_timestamp('03-DEC-23 01.05.00.539315000 AM','DD-MON-RR HH.MI.SSXFF AM'));
Insert into SOCIALDUOC.DJANGO_SESSION (SESSION_KEY,EXPIRE_DATE) values ('9u08rfzbq8hi0hlmnf22jtod1yqw7dud',to_timestamp('06-NOV-23 02.42.21.352878000 PM','DD-MON-RR HH.MI.SSXFF AM'));
Insert into SOCIALDUOC.DJANGO_SESSION (SESSION_KEY,EXPIRE_DATE) values ('9vc1raidoe0em9kvtoaxqlkyoo0bfgl3',to_timestamp('03-DEC-23 04.43.34.987910000 PM','DD-MON-RR HH.MI.SSXFF AM'));
Insert into SOCIALDUOC.DJANGO_SESSION (SESSION_KEY,EXPIRE_DATE) values ('9wcjehmowaynmlt2vpag6kf894oxnc1q',to_timestamp('25-NOV-23 04.20.52.398558000 PM','DD-MON-RR HH.MI.SSXFF AM'));
Insert into SOCIALDUOC.DJANGO_SESSION (SESSION_KEY,EXPIRE_DATE) values ('agin3i9um6ijizgniyhwtdvodb67p0ob',to_timestamp('18-DEC-23 08.08.01.309443000 PM','DD-MON-RR HH.MI.SSXFF AM'));
Insert into SOCIALDUOC.DJANGO_SESSION (SESSION_KEY,EXPIRE_DATE) values ('aj8hum5qz8834krwwrxnd2iv4iynzz5v',to_timestamp('22-DEC-23 05.43.49.490487000 PM','DD-MON-RR HH.MI.SSXFF AM'));
Insert into SOCIALDUOC.DJANGO_SESSION (SESSION_KEY,EXPIRE_DATE) values ('amt8ua49w6g4oanrskwqtxyc9wg1329i',to_timestamp('04-DEC-23 02.12.37.594708000 AM','DD-MON-RR HH.MI.SSXFF AM'));
Insert into SOCIALDUOC.DJANGO_SESSION (SESSION_KEY,EXPIRE_DATE) values ('bjjnpdfhxuko6u3zbcexr17tt8ap0fvj',to_timestamp('04-DEC-23 04.46.12.282333000 PM','DD-MON-RR HH.MI.SSXFF AM'));
Insert into SOCIALDUOC.DJANGO_SESSION (SESSION_KEY,EXPIRE_DATE) values ('bsstk19jda6zn6x4escnjmpm4x51pt0w',to_timestamp('23-DEC-23 12.46.21.111853000 AM','DD-MON-RR HH.MI.SSXFF AM'));
Insert into SOCIALDUOC.DJANGO_SESSION (SESSION_KEY,EXPIRE_DATE) values ('bv8emrgtbhtqxqbor7ugrtdlaf952gdy',to_timestamp('24-DEC-23 10.58.31.137083000 PM','DD-MON-RR HH.MI.SSXFF AM'));
Insert into SOCIALDUOC.DJANGO_SESSION (SESSION_KEY,EXPIRE_DATE) values ('cbhkao3dx24ovz35ov20vtr2ktshy7r4',to_timestamp('25-NOV-23 08.34.21.172293000 PM','DD-MON-RR HH.MI.SSXFF AM'));
Insert into SOCIALDUOC.DJANGO_SESSION (SESSION_KEY,EXPIRE_DATE) values ('ce54o40chl7nkpktrx118ixf3rkfj9z3',to_timestamp('19-DEC-23 01.04.06.378853000 AM','DD-MON-RR HH.MI.SSXFF AM'));
Insert into SOCIALDUOC.DJANGO_SESSION (SESSION_KEY,EXPIRE_DATE) values ('cqaponqk0a3ukhb6bos6xcfjnjumfnp2',to_timestamp('06-NOV-23 06.16.21.578607000 PM','DD-MON-RR HH.MI.SSXFF AM'));
Insert into SOCIALDUOC.DJANGO_SESSION (SESSION_KEY,EXPIRE_DATE) values ('cxdev664yeac26tpbutyp87htltbya59',to_timestamp('03-DEC-23 10.27.53.724432000 PM','DD-MON-RR HH.MI.SSXFF AM'));
Insert into SOCIALDUOC.DJANGO_SESSION (SESSION_KEY,EXPIRE_DATE) values ('d83sb0etumci0id6ym22vgkvjskcyk0q',to_timestamp('07-NOV-23 11.50.06.968598000 PM','DD-MON-RR HH.MI.SSXFF AM'));
Insert into SOCIALDUOC.DJANGO_SESSION (SESSION_KEY,EXPIRE_DATE) values ('dmfq7xxbe4zppuhixp4s280746nxr277',to_timestamp('09-NOV-23 11.28.36.948614000 PM','DD-MON-RR HH.MI.SSXFF AM'));
Insert into SOCIALDUOC.DJANGO_SESSION (SESSION_KEY,EXPIRE_DATE) values ('dn74wnhg18qi9lt49kq33f7jfzpq1jrg',to_timestamp('26-NOV-23 01.18.23.350128000 AM','DD-MON-RR HH.MI.SSXFF AM'));
Insert into SOCIALDUOC.DJANGO_SESSION (SESSION_KEY,EXPIRE_DATE) values ('dsmw11obqe9lj1cyt9399i23kspgvjqm',to_timestamp('01-NOV-23 01.03.41.381608000 AM','DD-MON-RR HH.MI.SSXFF AM'));
Insert into SOCIALDUOC.DJANGO_SESSION (SESSION_KEY,EXPIRE_DATE) values ('e8zhdcb6etxb4m4l7ub7wye2npv97kxo',to_timestamp('04-DEC-23 05.39.03.079285000 PM','DD-MON-RR HH.MI.SSXFF AM'));
Insert into SOCIALDUOC.DJANGO_SESSION (SESSION_KEY,EXPIRE_DATE) values ('edz49se7nuo3ona0roanhbaz7vdhd7wa',to_timestamp('25-NOV-23 08.26.06.023489000 PM','DD-MON-RR HH.MI.SSXFF AM'));
Insert into SOCIALDUOC.DJANGO_SESSION (SESSION_KEY,EXPIRE_DATE) values ('eiol3janlije4toj4jprvl32ra2pmox7',to_timestamp('12-NOV-23 01.07.26.856040000 AM','DD-MON-RR HH.MI.SSXFF AM'));
Insert into SOCIALDUOC.DJANGO_SESSION (SESSION_KEY,EXPIRE_DATE) values ('eoset79x9jojb4qt9rx2nfxqggrw3j1x',to_timestamp('22-DEC-23 06.41.53.471757000 PM','DD-MON-RR HH.MI.SSXFF AM'));
Insert into SOCIALDUOC.DJANGO_SESSION (SESSION_KEY,EXPIRE_DATE) values ('eronolspivykixgcc5mdqasbg913msbn',to_timestamp('25-NOV-23 12.38.33.677415000 AM','DD-MON-RR HH.MI.SSXFF AM'));
Insert into SOCIALDUOC.DJANGO_SESSION (SESSION_KEY,EXPIRE_DATE) values ('frkokc7rk5jsvzsh9tfzbccws2ij5jwi',to_timestamp('19-DEC-23 02.57.28.221503000 PM','DD-MON-RR HH.MI.SSXFF AM'));
Insert into SOCIALDUOC.DJANGO_SESSION (SESSION_KEY,EXPIRE_DATE) values ('frw6r29f6xcxlsgc4gveetmf8o4b5g4g',to_timestamp('05-DEC-23 11.17.34.404044000 PM','DD-MON-RR HH.MI.SSXFF AM'));
Insert into SOCIALDUOC.DJANGO_SESSION (SESSION_KEY,EXPIRE_DATE) values ('fw1amznycasdxdkfp7405boaijv4l5ug',to_timestamp('22-DEC-23 05.45.20.302882000 PM','DD-MON-RR HH.MI.SSXFF AM'));
Insert into SOCIALDUOC.DJANGO_SESSION (SESSION_KEY,EXPIRE_DATE) values ('g0wqt7k140yt0sdenpqixo21gfcdpy93',to_timestamp('22-DEC-23 01.56.13.727981000 AM','DD-MON-RR HH.MI.SSXFF AM'));
Insert into SOCIALDUOC.DJANGO_SESSION (SESSION_KEY,EXPIRE_DATE) values ('g1o3e04w9hu146cv2b0ii2g0rilmfznw',to_timestamp('25-NOV-23 08.21.50.981162000 PM','DD-MON-RR HH.MI.SSXFF AM'));
Insert into SOCIALDUOC.DJANGO_SESSION (SESSION_KEY,EXPIRE_DATE) values ('gfvpamrt2u2q5a680mnrr0t4pp6jssht',to_timestamp('22-DEC-23 06.45.14.196925000 PM','DD-MON-RR HH.MI.SSXFF AM'));
Insert into SOCIALDUOC.DJANGO_SESSION (SESSION_KEY,EXPIRE_DATE) values ('gjlhuld39i2wf07poivalorghzcuepda',to_timestamp('17-DEC-23 10.46.31.780874000 PM','DD-MON-RR HH.MI.SSXFF AM'));
Insert into SOCIALDUOC.DJANGO_SESSION (SESSION_KEY,EXPIRE_DATE) values ('goi7gsa0m0s4kwjo7x6or1zzoops23la',to_timestamp('22-DEC-23 05.40.40.836709000 PM','DD-MON-RR HH.MI.SSXFF AM'));
Insert into SOCIALDUOC.DJANGO_SESSION (SESSION_KEY,EXPIRE_DATE) values ('h7vbeewcdm47d6734izu6u2w3rfl2qco',to_timestamp('06-NOV-23 02.52.04.585069000 PM','DD-MON-RR HH.MI.SSXFF AM'));
Insert into SOCIALDUOC.DJANGO_SESSION (SESSION_KEY,EXPIRE_DATE) values ('hj2h4d7b9py8ceugqcbwmup6jci0eudf',to_timestamp('24-NOV-23 11.54.43.649752000 PM','DD-MON-RR HH.MI.SSXFF AM'));
Insert into SOCIALDUOC.DJANGO_SESSION (SESSION_KEY,EXPIRE_DATE) values ('hvjerq3tftyw5r07i16ayzrhdk8bj7u5',to_timestamp('04-DEC-23 01.38.27.139578000 AM','DD-MON-RR HH.MI.SSXFF AM'));
Insert into SOCIALDUOC.DJANGO_SESSION (SESSION_KEY,EXPIRE_DATE) values ('i9q5u1862mjigw4150hhbuwfjn2422zn',to_timestamp('05-DEC-23 07.37.11.549187000 PM','DD-MON-RR HH.MI.SSXFF AM'));
Insert into SOCIALDUOC.DJANGO_SESSION (SESSION_KEY,EXPIRE_DATE) values ('ibf6li358mqikvq96l5srma8npp2pktd',to_timestamp('11-NOV-23 01.22.24.532225000 AM','DD-MON-RR HH.MI.SSXFF AM'));
Insert into SOCIALDUOC.DJANGO_SESSION (SESSION_KEY,EXPIRE_DATE) values ('ikla0y3gtaj7rjn1jbpgg1nrc6r423m7',to_timestamp('19-DEC-23 02.03.18.868626000 AM','DD-MON-RR HH.MI.SSXFF AM'));
Insert into SOCIALDUOC.DJANGO_SESSION (SESSION_KEY,EXPIRE_DATE) values ('ildid737alb1za0vbh3atocsnnydt0gv',to_timestamp('06-DEC-23 12.09.28.917085000 AM','DD-MON-RR HH.MI.SSXFF AM'));
Insert into SOCIALDUOC.DJANGO_SESSION (SESSION_KEY,EXPIRE_DATE) values ('iqw4o2xofzu1qn4vd4t4ypz26rkynkop',to_timestamp('03-DEC-23 12.12.47.277903000 AM','DD-MON-RR HH.MI.SSXFF AM'));
Insert into SOCIALDUOC.DJANGO_SESSION (SESSION_KEY,EXPIRE_DATE) values ('iwqycs7x7g17zv7i5l7my72561sy9qq4',to_timestamp('02-DEC-23 10.27.23.043494000 PM','DD-MON-RR HH.MI.SSXFF AM'));
Insert into SOCIALDUOC.DJANGO_SESSION (SESSION_KEY,EXPIRE_DATE) values ('izx9stg56oq0x3hn539si07lub4b601b',to_timestamp('05-DEC-23 11.20.00.985440000 PM','DD-MON-RR HH.MI.SSXFF AM'));
Insert into SOCIALDUOC.DJANGO_SESSION (SESSION_KEY,EXPIRE_DATE) values ('jjswyxq3qvwffk0hlfnhxn4qbin5k26s',to_timestamp('01-DEC-23 11.44.22.972498000 PM','DD-MON-RR HH.MI.SSXFF AM'));
Insert into SOCIALDUOC.DJANGO_SESSION (SESSION_KEY,EXPIRE_DATE) values ('jq4fe0ej67s2xvw9qiopjq2cta29htkm',to_timestamp('02-DEC-23 11.17.56.786577000 PM','DD-MON-RR HH.MI.SSXFF AM'));
Insert into SOCIALDUOC.DJANGO_SESSION (SESSION_KEY,EXPIRE_DATE) values ('jtqybgm1rnta9xe43wpmvjdeaozh96m7',to_timestamp('22-DEC-23 05.37.39.510563000 PM','DD-MON-RR HH.MI.SSXFF AM'));
Insert into SOCIALDUOC.DJANGO_SESSION (SESSION_KEY,EXPIRE_DATE) values ('kejbqpengimb6o43qickfhxurqpvel5a',to_timestamp('22-DEC-23 05.34.11.538452000 PM','DD-MON-RR HH.MI.SSXFF AM'));
Insert into SOCIALDUOC.DJANGO_SESSION (SESSION_KEY,EXPIRE_DATE) values ('kgglxgwq5lc8m1dk3xd3hywglougdpjl',to_timestamp('30-NOV-23 11.16.48.775413000 PM','DD-MON-RR HH.MI.SSXFF AM'));
Insert into SOCIALDUOC.DJANGO_SESSION (SESSION_KEY,EXPIRE_DATE) values ('kitu0d3jse1jewmq3uab7tbwj1acnimz',to_timestamp('21-DEC-23 02.45.19.598990000 AM','DD-MON-RR HH.MI.SSXFF AM'));
Insert into SOCIALDUOC.DJANGO_SESSION (SESSION_KEY,EXPIRE_DATE) values ('ksfs6cqcf8evitkyifw03m99oc5sb81e',to_timestamp('25-NOV-23 08.27.14.318676000 PM','DD-MON-RR HH.MI.SSXFF AM'));
Insert into SOCIALDUOC.DJANGO_SESSION (SESSION_KEY,EXPIRE_DATE) values ('kx4wn0ek4r20zozicfvasqlp7vivajo0',to_timestamp('24-NOV-23 11.29.31.145286000 PM','DD-MON-RR HH.MI.SSXFF AM'));
Insert into SOCIALDUOC.DJANGO_SESSION (SESSION_KEY,EXPIRE_DATE) values ('lg6o25q0qw2k48xymrqyqi0jfcf4mtuq',to_timestamp('22-DEC-23 03.19.09.251214000 AM','DD-MON-RR HH.MI.SSXFF AM'));
Insert into SOCIALDUOC.DJANGO_SESSION (SESSION_KEY,EXPIRE_DATE) values ('lhlb33gr5ds0rns2t56m3349zlkx9czq',to_timestamp('19-DEC-23 09.38.57.180351000 PM','DD-MON-RR HH.MI.SSXFF AM'));
Insert into SOCIALDUOC.DJANGO_SESSION (SESSION_KEY,EXPIRE_DATE) values ('lj0r70yo5ascjedvpj7qjy4wrngcpsmi',to_timestamp('22-DEC-23 06.35.14.209105000 PM','DD-MON-RR HH.MI.SSXFF AM'));
Insert into SOCIALDUOC.DJANGO_SESSION (SESSION_KEY,EXPIRE_DATE) values ('lrmfsbz4yb5q77r508gpkh1pcejgz19y',to_timestamp('30-NOV-23 11.37.48.657884000 PM','DD-MON-RR HH.MI.SSXFF AM'));
Insert into SOCIALDUOC.DJANGO_SESSION (SESSION_KEY,EXPIRE_DATE) values ('lz73a14wgk4glkeq4k8tvvlzfc1pniqb',to_timestamp('06-NOV-23 07.39.20.268479000 PM','DD-MON-RR HH.MI.SSXFF AM'));
Insert into SOCIALDUOC.DJANGO_SESSION (SESSION_KEY,EXPIRE_DATE) values ('lzyghzauzpl2s9n5aa77kngwh401sqto',to_timestamp('22-DEC-23 04.08.32.848581000 AM','DD-MON-RR HH.MI.SSXFF AM'));
Insert into SOCIALDUOC.DJANGO_SESSION (SESSION_KEY,EXPIRE_DATE) values ('m17ey00o4kv3p9k0knozqigjel0y7i3c',to_timestamp('23-DEC-23 12.55.43.579055000 AM','DD-MON-RR HH.MI.SSXFF AM'));
Insert into SOCIALDUOC.DJANGO_SESSION (SESSION_KEY,EXPIRE_DATE) values ('me4jpfj34mixvwbbhzd0us1s0pxcsyli',to_timestamp('07-JAN-24 02.07.44.575809000 AM','DD-MON-RR HH.MI.SSXFF AM'));
Insert into SOCIALDUOC.DJANGO_SESSION (SESSION_KEY,EXPIRE_DATE) values ('mggej1mqyzv0yps3v3w5lt4g5us4rei9',to_timestamp('22-DEC-23 06.36.25.129709000 PM','DD-MON-RR HH.MI.SSXFF AM'));
Insert into SOCIALDUOC.DJANGO_SESSION (SESSION_KEY,EXPIRE_DATE) values ('mnyrzncmlkpta1mhtve8mtqoghgwc7fu',to_timestamp('24-NOV-23 01.20.02.916952000 AM','DD-MON-RR HH.MI.SSXFF AM'));
Insert into SOCIALDUOC.DJANGO_SESSION (SESSION_KEY,EXPIRE_DATE) values ('mw57w4yy9bkg8rlw1f9tr49pi1prdges',to_timestamp('25-NOV-23 08.25.37.576349000 PM','DD-MON-RR HH.MI.SSXFF AM'));
Insert into SOCIALDUOC.DJANGO_SESSION (SESSION_KEY,EXPIRE_DATE) values ('mwlagd7jcpq48foh64kefg1m059v50dt',to_timestamp('25-NOV-23 09.04.45.945945000 PM','DD-MON-RR HH.MI.SSXFF AM'));
Insert into SOCIALDUOC.DJANGO_SESSION (SESSION_KEY,EXPIRE_DATE) values ('n53su3mn28koeek5vkeigxtp5wyy8cl9',to_timestamp('22-DEC-23 04.19.35.133535000 AM','DD-MON-RR HH.MI.SSXFF AM'));
Insert into SOCIALDUOC.DJANGO_SESSION (SESSION_KEY,EXPIRE_DATE) values ('n7pwmbanvjw60n2dn0jcy2ie3i338j7m',to_timestamp('22-DEC-23 02.35.07.067905000 AM','DD-MON-RR HH.MI.SSXFF AM'));
Insert into SOCIALDUOC.DJANGO_SESSION (SESSION_KEY,EXPIRE_DATE) values ('naj5in78qba8ytai1l582tm48hf0mfo4',to_timestamp('23-DEC-23 12.42.33.535281000 AM','DD-MON-RR HH.MI.SSXFF AM'));
Insert into SOCIALDUOC.DJANGO_SESSION (SESSION_KEY,EXPIRE_DATE) values ('ocihv5t3myby44z1spr7veg310thhtz7',to_timestamp('06-NOV-23 12.39.12.160738000 AM','DD-MON-RR HH.MI.SSXFF AM'));
Insert into SOCIALDUOC.DJANGO_SESSION (SESSION_KEY,EXPIRE_DATE) values ('olaegcoec7stqrem6817452ndof8dlla',to_timestamp('25-NOV-23 07.15.54.117067000 PM','DD-MON-RR HH.MI.SSXFF AM'));
Insert into SOCIALDUOC.DJANGO_SESSION (SESSION_KEY,EXPIRE_DATE) values ('othrmb5y4irzo919nsia9jfnw8ng94y0',to_timestamp('22-DEC-23 10.48.58.537701000 PM','DD-MON-RR HH.MI.SSXFF AM'));
Insert into SOCIALDUOC.DJANGO_SESSION (SESSION_KEY,EXPIRE_DATE) values ('p8vdaxlv73uisqi9akhihkne094yv0h4',to_timestamp('25-NOV-23 07.52.02.329362000 PM','DD-MON-RR HH.MI.SSXFF AM'));
Insert into SOCIALDUOC.DJANGO_SESSION (SESSION_KEY,EXPIRE_DATE) values ('pdnpfhrze5k50iqey7443i76sz4uvmqx',to_timestamp('06-NOV-23 12.45.22.521360000 PM','DD-MON-RR HH.MI.SSXFF AM'));
Insert into SOCIALDUOC.DJANGO_SESSION (SESSION_KEY,EXPIRE_DATE) values ('ps6edk6tqr1sqmtjiwl9epzx7ofrfkrd',to_timestamp('30-NOV-23 11.12.03.703105000 PM','DD-MON-RR HH.MI.SSXFF AM'));
Insert into SOCIALDUOC.DJANGO_SESSION (SESSION_KEY,EXPIRE_DATE) values ('pte3g4kh4atdx6i1qlkbs1hj7f1kkdis',to_timestamp('23-DEC-23 12.56.57.407887000 AM','DD-MON-RR HH.MI.SSXFF AM'));
Insert into SOCIALDUOC.DJANGO_SESSION (SESSION_KEY,EXPIRE_DATE) values ('q09wukv5ztdnc83fn46y5wmav55bdqod',to_timestamp('02-DEC-23 11.49.09.261385000 PM','DD-MON-RR HH.MI.SSXFF AM'));
Insert into SOCIALDUOC.DJANGO_SESSION (SESSION_KEY,EXPIRE_DATE) values ('q7nme7nk5boimd640nzouczxj73nrakn',to_timestamp('03-DEC-23 01.11.27.581973000 AM','DD-MON-RR HH.MI.SSXFF AM'));
Insert into SOCIALDUOC.DJANGO_SESSION (SESSION_KEY,EXPIRE_DATE) values ('qktec89956l023ebd31532613pug4zw4',to_timestamp('02-DEC-23 09.55.37.110846000 PM','DD-MON-RR HH.MI.SSXFF AM'));
Insert into SOCIALDUOC.DJANGO_SESSION (SESSION_KEY,EXPIRE_DATE) values ('rn5fv3vy1y2krdx11c51yczrs7w7vyri',to_timestamp('04-DEC-23 02.08.43.826105000 AM','DD-MON-RR HH.MI.SSXFF AM'));
Insert into SOCIALDUOC.DJANGO_SESSION (SESSION_KEY,EXPIRE_DATE) values ('ruzz06k64zhblj0ux86e214o3vcgyivl',to_timestamp('23-DEC-23 03.10.32.417238000 AM','DD-MON-RR HH.MI.SSXFF AM'));
Insert into SOCIALDUOC.DJANGO_SESSION (SESSION_KEY,EXPIRE_DATE) values ('rxebebmphfpdi3jgespana8mqs595z3j',to_timestamp('06-DEC-23 09.32.03.815112000 PM','DD-MON-RR HH.MI.SSXFF AM'));
Insert into SOCIALDUOC.DJANGO_SESSION (SESSION_KEY,EXPIRE_DATE) values ('s0vlrs4am33wzzuv5l729n10gk7koezt',to_timestamp('22-DEC-23 10.51.04.355675000 PM','DD-MON-RR HH.MI.SSXFF AM'));
Insert into SOCIALDUOC.DJANGO_SESSION (SESSION_KEY,EXPIRE_DATE) values ('ss9ubfo6vjww0wbzdtrwuhjo2ik7h0u4',to_timestamp('03-DEC-23 01.02.40.897519000 AM','DD-MON-RR HH.MI.SSXFF AM'));
Insert into SOCIALDUOC.DJANGO_SESSION (SESSION_KEY,EXPIRE_DATE) values ('tal2ca369zile1z0q2dltn4k1z9h8euj',to_timestamp('07-NOV-23 11.37.41.786223000 PM','DD-MON-RR HH.MI.SSXFF AM'));
Insert into SOCIALDUOC.DJANGO_SESSION (SESSION_KEY,EXPIRE_DATE) values ('u5mo0tntmjf0zukkjfdfozt58gi36yy8',to_timestamp('03-DEC-23 09.43.25.223905000 PM','DD-MON-RR HH.MI.SSXFF AM'));
Insert into SOCIALDUOC.DJANGO_SESSION (SESSION_KEY,EXPIRE_DATE) values ('u5v69bkq3wgwil41x3w9ntvz9asxxzh7',to_timestamp('03-DEC-23 10.35.25.715651000 PM','DD-MON-RR HH.MI.SSXFF AM'));
Insert into SOCIALDUOC.DJANGO_SESSION (SESSION_KEY,EXPIRE_DATE) values ('uu9ns98r5ty1mnf7xv5p2n10fs2oyoj1',to_timestamp('04-DEC-23 12.40.04.534977000 AM','DD-MON-RR HH.MI.SSXFF AM'));
Insert into SOCIALDUOC.DJANGO_SESSION (SESSION_KEY,EXPIRE_DATE) values ('vbb7sjkkura7t8my1luwjg7goeluzx9n',to_timestamp('07-DEC-23 12.18.12.383838000 AM','DD-MON-RR HH.MI.SSXFF AM'));
Insert into SOCIALDUOC.DJANGO_SESSION (SESSION_KEY,EXPIRE_DATE) values ('vbs976zgh4wvianvv5ec01i2b3heacxc',to_timestamp('03-DEC-23 01.06.07.569594000 AM','DD-MON-RR HH.MI.SSXFF AM'));
Insert into SOCIALDUOC.DJANGO_SESSION (SESSION_KEY,EXPIRE_DATE) values ('vfcd08ydiy8milg6ost7qasf3x4wp6ae',to_timestamp('06-DEC-23 09.17.11.597683000 PM','DD-MON-RR HH.MI.SSXFF AM'));
Insert into SOCIALDUOC.DJANGO_SESSION (SESSION_KEY,EXPIRE_DATE) values ('vm739kmx789ioodwah64nd7urpqigv1d',to_timestamp('22-DEC-23 03.01.34.624021000 PM','DD-MON-RR HH.MI.SSXFF AM'));
Insert into SOCIALDUOC.DJANGO_SESSION (SESSION_KEY,EXPIRE_DATE) values ('vo9tay61rty0mrg0sto9jovmk9owwfsw',to_timestamp('02-DEC-23 11.39.58.884611000 PM','DD-MON-RR HH.MI.SSXFF AM'));
Insert into SOCIALDUOC.DJANGO_SESSION (SESSION_KEY,EXPIRE_DATE) values ('w1f7iq425a45gkyj665gv8zg3de3v71r',to_timestamp('24-NOV-23 01.00.33.673379000 AM','DD-MON-RR HH.MI.SSXFF AM'));
Insert into SOCIALDUOC.DJANGO_SESSION (SESSION_KEY,EXPIRE_DATE) values ('wlg0v07e894unep925jqhx85qhp1amjo',to_timestamp('25-NOV-23 02.34.59.533069000 AM','DD-MON-RR HH.MI.SSXFF AM'));
Insert into SOCIALDUOC.DJANGO_SESSION (SESSION_KEY,EXPIRE_DATE) values ('wyqeko4cvpj8iga87hf0rmc7pnn4w3sl',to_timestamp('26-NOV-23 01.22.10.498821000 AM','DD-MON-RR HH.MI.SSXFF AM'));
Insert into SOCIALDUOC.DJANGO_SESSION (SESSION_KEY,EXPIRE_DATE) values ('xleyniagxdhzp15fmzh27zrmmx8war30',to_timestamp('11-NOV-23 04.58.33.476382000 PM','DD-MON-RR HH.MI.SSXFF AM'));
Insert into SOCIALDUOC.DJANGO_SESSION (SESSION_KEY,EXPIRE_DATE) values ('xr4pb05mb7bolvqdgjzun1oi53xlj6zi',to_timestamp('08-NOV-23 10.42.17.615058000 PM','DD-MON-RR HH.MI.SSXFF AM'));
Insert into SOCIALDUOC.DJANGO_SESSION (SESSION_KEY,EXPIRE_DATE) values ('xuk5ircp7uu50olwfmanx11t0muu01b4',to_timestamp('03-DEC-23 11.29.42.588701000 PM','DD-MON-RR HH.MI.SSXFF AM'));
Insert into SOCIALDUOC.DJANGO_SESSION (SESSION_KEY,EXPIRE_DATE) values ('ya4s1o03b9nca7qykhhwbykgczf8dz37',to_timestamp('02-DEC-23 09.11.45.166675000 PM','DD-MON-RR HH.MI.SSXFF AM'));
Insert into SOCIALDUOC.DJANGO_SESSION (SESSION_KEY,EXPIRE_DATE) values ('ykferfz0eyd8jhpr3h0uo2qwdyv3puxl',to_timestamp('22-DEC-23 05.41.39.335284000 PM','DD-MON-RR HH.MI.SSXFF AM'));
Insert into SOCIALDUOC.DJANGO_SESSION (SESSION_KEY,EXPIRE_DATE) values ('yr3ea8hn80iebt3vdy0xqph0n2deeg6e',to_timestamp('22-DEC-23 05.16.51.432862000 PM','DD-MON-RR HH.MI.SSXFF AM'));
Insert into SOCIALDUOC.DJANGO_SESSION (SESSION_KEY,EXPIRE_DATE) values ('yv32udwvb6coeynsslestt00v5cgx66j',to_timestamp('01-NOV-23 12.55.38.723558000 AM','DD-MON-RR HH.MI.SSXFF AM'));
Insert into SOCIALDUOC.DJANGO_SESSION (SESSION_KEY,EXPIRE_DATE) values ('yvbcmdcwdjaez94o9nkax6ecdlbz57hx',to_timestamp('01-NOV-23 01.04.44.246547000 AM','DD-MON-RR HH.MI.SSXFF AM'));
Insert into SOCIALDUOC.DJANGO_SESSION (SESSION_KEY,EXPIRE_DATE) values ('z8ikmkqbhxmz8md8ph7jrztidb3c1vit',to_timestamp('21-DEC-23 01.04.58.299745000 AM','DD-MON-RR HH.MI.SSXFF AM'));
Insert into SOCIALDUOC.DJANGO_SESSION (SESSION_KEY,EXPIRE_DATE) values ('zmedc874a8isldp9yqd7rcb6fbtck0ie',to_timestamp('25-NOV-23 01.54.30.653757000 AM','DD-MON-RR HH.MI.SSXFF AM'));
Insert into SOCIALDUOC.DJANGO_SESSION (SESSION_KEY,EXPIRE_DATE) values ('zxlr16j8isb8tsaygcwa1u8ayxqaot44',to_timestamp('22-DEC-23 05.42.04.899298000 PM','DD-MON-RR HH.MI.SSXFF AM'));
REM INSERTING into SOCIALDUOC.DOCENTE
SET DEFINE OFF;
Insert into SOCIALDUOC.DOCENTE (ID_USUARIO,ID_CARRERA) values (5,1);
Insert into SOCIALDUOC.DOCENTE (ID_USUARIO,ID_CARRERA) values (6,14);
Insert into SOCIALDUOC.DOCENTE (ID_USUARIO,ID_CARRERA) values (7,1);
Insert into SOCIALDUOC.DOCENTE (ID_USUARIO,ID_CARRERA) values (8,1);
Insert into SOCIALDUOC.DOCENTE (ID_USUARIO,ID_CARRERA) values (1,19);
Insert into SOCIALDUOC.DOCENTE (ID_USUARIO,ID_CARRERA) values (2,15);
REM INSERTING into SOCIALDUOC.ENCUESTA
SET DEFINE OFF;
Insert into SOCIALDUOC.ENCUESTA (TITULO,PREGUNTA,DESCRIP,FECHA,ESTADO,ID_ENCU,LINK,ID_USUARIO,FECHAFIN,RESPUESTA_UNO,RESPUESTA_DOS) values ('encuesta musical','Que musica te gusta mas?','nos gustaria saber que musica te gusta',to_date('19-NOV-23','DD-MON-RR'),2,173,' ',1,to_date('20-NOV-23','DD-MON-RR'),'resp 1','resp 2');
REM INSERTING into SOCIALDUOC.ESTADO_PERFIL
SET DEFINE OFF;
Insert into SOCIALDUOC.ESTADO_PERFIL (ID_ESTADO,NOM_EST) values (1,'Activo');
Insert into SOCIALDUOC.ESTADO_PERFIL (ID_ESTADO,NOM_EST) values (2,'Inactivo');
REM INSERTING into SOCIALDUOC.EVENTO_AGENDADO
SET DEFINE OFF;
Insert into SOCIALDUOC.EVENTO_AGENDADO (ID_EVENTO,NOM_EVEN,FECHA,DESCRIP,ESTADO,ID_USUARIO,FECHAFIN) values (154,'aa',to_date('06-DEC-23','DD-MON-RR'),'aa',2,1,to_date('15-DEC-23','DD-MON-RR'));
Insert into SOCIALDUOC.EVENTO_AGENDADO (ID_EVENTO,NOM_EVEN,FECHA,DESCRIP,ESTADO,ID_USUARIO,FECHAFIN) values (152,'aaa',to_date('06-DEC-23','DD-MON-RR'),'aaa',2,1,to_date('10-DEC-23','DD-MON-RR'));
REM INSERTING into SOCIALDUOC.FCM_DJANGO_FCMDEVICE
SET DEFINE OFF;
Insert into SOCIALDUOC.FCM_DJANGO_FCMDEVICE (ID,NAME,ACTIVE,DATE_CREATED,DEVICE_ID,TYPE,USER_ID) values (3,'admin',1,to_timestamp('08-DEC-23 05.11.04.343356000 PM','DD-MON-RR HH.MI.SSXFF AM'),null,'web',1);
Insert into SOCIALDUOC.FCM_DJANGO_FCMDEVICE (ID,NAME,ACTIVE,DATE_CREATED,DEVICE_ID,TYPE,USER_ID) values (4,null,1,to_timestamp('08-DEC-23 05.16.54.790351000 PM','DD-MON-RR HH.MI.SSXFF AM'),null,null,1);
REM INSERTING into SOCIALDUOC.GENERO
SET DEFINE OFF;
Insert into SOCIALDUOC.GENERO (ID_GEN,NOM_GEN) values (1,'Masculino');
Insert into SOCIALDUOC.GENERO (ID_GEN,NOM_GEN) values (2,'Femenino');
Insert into SOCIALDUOC.GENERO (ID_GEN,NOM_GEN) values (3,'No Binario');
Insert into SOCIALDUOC.GENERO (ID_GEN,NOM_GEN) values (4,'Prefiero no decirlo');
REM INSERTING into SOCIALDUOC.INSTITUCION
SET DEFINE OFF;
Insert into SOCIALDUOC.INSTITUCION (USUARIO_ID_USUARIO,ID_SEDE) values (27,21);
Insert into SOCIALDUOC.INSTITUCION (USUARIO_ID_USUARIO,ID_SEDE) values (26,9);
REM INSERTING into SOCIALDUOC.MENSAJE
SET DEFINE OFF;
Insert into SOCIALDUOC.MENSAJE (ID_MENSAJE,MENSAJE,USU_RECEP,USU_ORIGEN,ID_CHAT,FECHA,TIPO) values (280,'AAAAAAA',1000002,1,220,to_date('22-NOV-23','DD-MON-RR'),2);
Insert into SOCIALDUOC.MENSAJE (ID_MENSAJE,MENSAJE,USU_RECEP,USU_ORIGEN,ID_CHAT,FECHA,TIPO) values (328,'buenas',3,1,227,to_date('05-DEC-23','DD-MON-RR'),1);
Insert into SOCIALDUOC.MENSAJE (ID_MENSAJE,MENSAJE,USU_RECEP,USU_ORIGEN,ID_CHAT,FECHA,TIPO) values (355,'al',2,1,213,to_date('08-DEC-23','DD-MON-RR'),1);
Insert into SOCIALDUOC.MENSAJE (ID_MENSAJE,MENSAJE,USU_RECEP,USU_ORIGEN,ID_CHAT,FECHA,TIPO) values (356,'aaaa',1,2,212,to_date('08-DEC-23','DD-MON-RR'),1);
Insert into SOCIALDUOC.MENSAJE (ID_MENSAJE,MENSAJE,USU_RECEP,USU_ORIGEN,ID_CHAT,FECHA,TIPO) values (358,':D',1,1,228,to_date('08-DEC-23','DD-MON-RR'),1);
Insert into SOCIALDUOC.MENSAJE (ID_MENSAJE,MENSAJE,USU_RECEP,USU_ORIGEN,ID_CHAT,FECHA,TIPO) values (361,'hola',1,2,212,to_date('08-DEC-23','DD-MON-RR'),1);
Insert into SOCIALDUOC.MENSAJE (ID_MENSAJE,MENSAJE,USU_RECEP,USU_ORIGEN,ID_CHAT,FECHA,TIPO) values (363,'aaa',1000002,2,6,to_date('08-DEC-23','DD-MON-RR'),2);
Insert into SOCIALDUOC.MENSAJE (ID_MENSAJE,MENSAJE,USU_RECEP,USU_ORIGEN,ID_CHAT,FECHA,TIPO) values (368,'aaaa',1000004,2,8,to_date('08-DEC-23','DD-MON-RR'),2);
Insert into SOCIALDUOC.MENSAJE (ID_MENSAJE,MENSAJE,USU_RECEP,USU_ORIGEN,ID_CHAT,FECHA,TIPO) values (369,'tgggfgf',1000001,2,176,to_date('08-DEC-23','DD-MON-RR'),2);
Insert into SOCIALDUOC.MENSAJE (ID_MENSAJE,MENSAJE,USU_RECEP,USU_ORIGEN,ID_CHAT,FECHA,TIPO) values (385,'aaaa',2,1,213,to_date('10-DEC-23','DD-MON-RR'),1);
Insert into SOCIALDUOC.MENSAJE (ID_MENSAJE,MENSAJE,USU_RECEP,USU_ORIGEN,ID_CHAT,FECHA,TIPO) values (386,'aaa',2,1,213,to_date('10-DEC-23','DD-MON-RR'),1);
Insert into SOCIALDUOC.MENSAJE (ID_MENSAJE,MENSAJE,USU_RECEP,USU_ORIGEN,ID_CHAT,FECHA,TIPO) values (387,'aaa',2,1,213,to_date('10-DEC-23','DD-MON-RR'),1);
Insert into SOCIALDUOC.MENSAJE (ID_MENSAJE,MENSAJE,USU_RECEP,USU_ORIGEN,ID_CHAT,FECHA,TIPO) values (395,'buenas',1,2,212,to_date('13-DEC-23','DD-MON-RR'),1);
Insert into SOCIALDUOC.MENSAJE (ID_MENSAJE,MENSAJE,USU_RECEP,USU_ORIGEN,ID_CHAT,FECHA,TIPO) values (396,'aa',1000002,2,6,to_date('13-DEC-23','DD-MON-RR'),2);
Insert into SOCIALDUOC.MENSAJE (ID_MENSAJE,MENSAJE,USU_RECEP,USU_ORIGEN,ID_CHAT,FECHA,TIPO) values (399,'aa',1000002,2,6,to_date('13-DEC-23','DD-MON-RR'),2);
Insert into SOCIALDUOC.MENSAJE (ID_MENSAJE,MENSAJE,USU_RECEP,USU_ORIGEN,ID_CHAT,FECHA,TIPO) values (405,'AAA',1,2,212,to_date('13-DEC-23','DD-MON-RR'),1);
Insert into SOCIALDUOC.MENSAJE (ID_MENSAJE,MENSAJE,USU_RECEP,USU_ORIGEN,ID_CHAT,FECHA,TIPO) values (408,'aa',1000001,2,176,to_date('13-DEC-23','DD-MON-RR'),2);
Insert into SOCIALDUOC.MENSAJE (ID_MENSAJE,MENSAJE,USU_RECEP,USU_ORIGEN,ID_CHAT,FECHA,TIPO) values (257,'HOLA CRIATURAS MARINAS LES HABLO DESDE EL MUNDO DE LA MANZANA',1,2,213,to_date('16-NOV-23','DD-MON-RR'),1);
Insert into SOCIALDUOC.MENSAJE (ID_MENSAJE,MENSAJE,USU_RECEP,USU_ORIGEN,ID_CHAT,FECHA,TIPO) values (274,'buenas',2,1,213,to_date('22-NOV-23','DD-MON-RR'),1);
Insert into SOCIALDUOC.MENSAJE (ID_MENSAJE,MENSAJE,USU_RECEP,USU_ORIGEN,ID_CHAT,FECHA,TIPO) values (269,'aa',2,1,213,to_date('22-NOV-23','DD-MON-RR'),1);
Insert into SOCIALDUOC.MENSAJE (ID_MENSAJE,MENSAJE,USU_RECEP,USU_ORIGEN,ID_CHAT,FECHA,TIPO) values (258,'tzsauushnd',2,1,213,to_date('16-NOV-23','DD-MON-RR'),1);
Insert into SOCIALDUOC.MENSAJE (ID_MENSAJE,MENSAJE,USU_RECEP,USU_ORIGEN,ID_CHAT,FECHA,TIPO) values (271,'buenas',2,1,213,to_date('22-NOV-23','DD-MON-RR'),1);
Insert into SOCIALDUOC.MENSAJE (ID_MENSAJE,MENSAJE,USU_RECEP,USU_ORIGEN,ID_CHAT,FECHA,TIPO) values (273,'aaaaaaaaaaaaaaaaaaaaaaaaaaaaaaaaaaaa',2,1,213,to_date('22-NOV-23','DD-MON-RR'),1);
Insert into SOCIALDUOC.MENSAJE (ID_MENSAJE,MENSAJE,USU_RECEP,USU_ORIGEN,ID_CHAT,FECHA,TIPO) values (281,'como estas',1000002,1,220,to_date('22-NOV-23','DD-MON-RR'),2);
Insert into SOCIALDUOC.MENSAJE (ID_MENSAJE,MENSAJE,USU_RECEP,USU_ORIGEN,ID_CHAT,FECHA,TIPO) values (311,'como estas',2,1,213,to_date('22-NOV-23','DD-MON-RR'),1);
Insert into SOCIALDUOC.MENSAJE (ID_MENSAJE,MENSAJE,USU_RECEP,USU_ORIGEN,ID_CHAT,FECHA,TIPO) values (312,'como estas',4,1,215,to_date('22-NOV-23','DD-MON-RR'),1);
Insert into SOCIALDUOC.MENSAJE (ID_MENSAJE,MENSAJE,USU_RECEP,USU_ORIGEN,ID_CHAT,FECHA,TIPO) values (313,'aaaaaaaaaaaaaaaaaaaaaaaaaaaaaaaaaaaa',4,1,215,to_date('22-NOV-23','DD-MON-RR'),1);
Insert into SOCIALDUOC.MENSAJE (ID_MENSAJE,MENSAJE,USU_RECEP,USU_ORIGEN,ID_CHAT,FECHA,TIPO) values (314,'aaaaaaaaaaaaaaaaaaaaaaaaaaaaaaaaaaaa',2,1,213,to_date('22-NOV-23','DD-MON-RR'),1);
Insert into SOCIALDUOC.MENSAJE (ID_MENSAJE,MENSAJE,USU_RECEP,USU_ORIGEN,ID_CHAT,FECHA,TIPO) values (315,'como estas',1000004,1,4,to_date('22-NOV-23','DD-MON-RR'),2);
Insert into SOCIALDUOC.MENSAJE (ID_MENSAJE,MENSAJE,USU_RECEP,USU_ORIGEN,ID_CHAT,FECHA,TIPO) values (316,'como estas',1000001,1,1,to_date('22-NOV-23','DD-MON-RR'),2);
Insert into SOCIALDUOC.MENSAJE (ID_MENSAJE,MENSAJE,USU_RECEP,USU_ORIGEN,ID_CHAT,FECHA,TIPO) values (317,'aaaaaaaaaaaaaaaa',1000002,1,2,to_date('22-NOV-23','DD-MON-RR'),2);
Insert into SOCIALDUOC.MENSAJE (ID_MENSAJE,MENSAJE,USU_RECEP,USU_ORIGEN,ID_CHAT,FECHA,TIPO) values (318,'aaaaaaaaaaaaaaaaaaaaaaaaaaaaaaaaaa',1000004,1,4,to_date('22-NOV-23','DD-MON-RR'),2);
Insert into SOCIALDUOC.MENSAJE (ID_MENSAJE,MENSAJE,USU_RECEP,USU_ORIGEN,ID_CHAT,FECHA,TIPO) values (319,'Nuevo chat iniciado',6,1,225,to_date('22-NOV-23','DD-MON-RR'),1);
Insert into SOCIALDUOC.MENSAJE (ID_MENSAJE,MENSAJE,USU_RECEP,USU_ORIGEN,ID_CHAT,FECHA,TIPO) values (320,'Nuevo chat iniciado',3,1,227,to_date('22-NOV-23','DD-MON-RR'),1);
Insert into SOCIALDUOC.MENSAJE (ID_MENSAJE,MENSAJE,USU_RECEP,USU_ORIGEN,ID_CHAT,FECHA,TIPO) values (321,'como estas',2,1,213,to_date('08-DEC-23','DD-MON-RR'),1);
Insert into SOCIALDUOC.MENSAJE (ID_MENSAJE,MENSAJE,USU_RECEP,USU_ORIGEN,ID_CHAT,FECHA,TIPO) values (309,'como estas',1000001,1,219,to_date('22-NOV-23','DD-MON-RR'),2);
Insert into SOCIALDUOC.MENSAJE (ID_MENSAJE,MENSAJE,USU_RECEP,USU_ORIGEN,ID_CHAT,FECHA,TIPO) values (310,'como estas',1000003,1,221,to_date('22-NOV-23','DD-MON-RR'),2);
Insert into SOCIALDUOC.MENSAJE (ID_MENSAJE,MENSAJE,USU_RECEP,USU_ORIGEN,ID_CHAT,FECHA,TIPO) values (322,'aaaaaaaaaaaaaaaaaaaaaaaaaaaaaaaaaaaa',3,1,227,to_date('22-NOV-23','DD-MON-RR'),1);
Insert into SOCIALDUOC.MENSAJE (ID_MENSAJE,MENSAJE,USU_RECEP,USU_ORIGEN,ID_CHAT,FECHA,TIPO) values (324,'https://docs.google.com/spreadsheets/d/1dDnqkwW88zXnLBMMgCHsuoVKDKCB-WZg/edit#gid=2054447839',1000004,1,4,to_date('22-NOV-23','DD-MON-RR'),2);
Insert into SOCIALDUOC.MENSAJE (ID_MENSAJE,MENSAJE,USU_RECEP,USU_ORIGEN,ID_CHAT,FECHA,TIPO) values (325,'buenas',4,1,215,to_date('22-NOV-23','DD-MON-RR'),1);
Insert into SOCIALDUOC.MENSAJE (ID_MENSAJE,MENSAJE,USU_RECEP,USU_ORIGEN,ID_CHAT,FECHA,TIPO) values (327,'buenas',4,1,215,to_date('05-DEC-23','DD-MON-RR'),1);
Insert into SOCIALDUOC.MENSAJE (ID_MENSAJE,MENSAJE,USU_RECEP,USU_ORIGEN,ID_CHAT,FECHA,TIPO) values (351,'buenas',1000005,1,9,to_date('08-DEC-23','DD-MON-RR'),2);
Insert into SOCIALDUOC.MENSAJE (ID_MENSAJE,MENSAJE,USU_RECEP,USU_ORIGEN,ID_CHAT,FECHA,TIPO) values (357,':p',1,1,228,to_date('08-DEC-23','DD-MON-RR'),1);
Insert into SOCIALDUOC.MENSAJE (ID_MENSAJE,MENSAJE,USU_RECEP,USU_ORIGEN,ID_CHAT,FECHA,TIPO) values (362,'hola',1000002,2,6,to_date('08-DEC-23','DD-MON-RR'),2);
Insert into SOCIALDUOC.MENSAJE (ID_MENSAJE,MENSAJE,USU_RECEP,USU_ORIGEN,ID_CHAT,FECHA,TIPO) values (366,'hola Mara ',2,1,213,to_date('09-DEC-23','DD-MON-RR'),1);
Insert into SOCIALDUOC.MENSAJE (ID_MENSAJE,MENSAJE,USU_RECEP,USU_ORIGEN,ID_CHAT,FECHA,TIPO) values (373,'aaaaa',1000004,2,8,to_date('08-DEC-23','DD-MON-RR'),2);
Insert into SOCIALDUOC.MENSAJE (ID_MENSAJE,MENSAJE,USU_RECEP,USU_ORIGEN,ID_CHAT,FECHA,TIPO) values (374,'aaa',1000001,2,176,to_date('09-DEC-23','DD-MON-RR'),2);
Insert into SOCIALDUOC.MENSAJE (ID_MENSAJE,MENSAJE,USU_RECEP,USU_ORIGEN,ID_CHAT,FECHA,TIPO) values (376,'a',1000001,2,176,to_date('09-DEC-23','DD-MON-RR'),2);
Insert into SOCIALDUOC.MENSAJE (ID_MENSAJE,MENSAJE,USU_RECEP,USU_ORIGEN,ID_CHAT,FECHA,TIPO) values (377,'aaaa',2,1,213,to_date('10-DEC-23','DD-MON-RR'),1);
Insert into SOCIALDUOC.MENSAJE (ID_MENSAJE,MENSAJE,USU_RECEP,USU_ORIGEN,ID_CHAT,FECHA,TIPO) values (378,'aaaa',2,1,213,to_date('10-DEC-23','DD-MON-RR'),1);
Insert into SOCIALDUOC.MENSAJE (ID_MENSAJE,MENSAJE,USU_RECEP,USU_ORIGEN,ID_CHAT,FECHA,TIPO) values (381,'aaa',2,1,213,to_date('10-DEC-23','DD-MON-RR'),1);
Insert into SOCIALDUOC.MENSAJE (ID_MENSAJE,MENSAJE,USU_RECEP,USU_ORIGEN,ID_CHAT,FECHA,TIPO) values (388,'aaaaaaa',2,1,213,to_date('10-DEC-23','DD-MON-RR'),1);
Insert into SOCIALDUOC.MENSAJE (ID_MENSAJE,MENSAJE,USU_RECEP,USU_ORIGEN,ID_CHAT,FECHA,TIPO) values (392,'aaa',2,1,213,to_date('13-DEC-23','DD-MON-RR'),1);
Insert into SOCIALDUOC.MENSAJE (ID_MENSAJE,MENSAJE,USU_RECEP,USU_ORIGEN,ID_CHAT,FECHA,TIPO) values (397,'a',1000002,2,6,to_date('13-DEC-23','DD-MON-RR'),2);
Insert into SOCIALDUOC.MENSAJE (ID_MENSAJE,MENSAJE,USU_RECEP,USU_ORIGEN,ID_CHAT,FECHA,TIPO) values (401,'AAA',1,2,212,to_date('13-DEC-23','DD-MON-RR'),1);
Insert into SOCIALDUOC.MENSAJE (ID_MENSAJE,MENSAJE,USU_RECEP,USU_ORIGEN,ID_CHAT,FECHA,TIPO) values (411,'como estas?',2,1,213,to_date('17-DEC-23','DD-MON-RR'),1);
Insert into SOCIALDUOC.MENSAJE (ID_MENSAJE,MENSAJE,USU_RECEP,USU_ORIGEN,ID_CHAT,FECHA,TIPO) values (326,'hola',5000022,1,179,to_date('04-DEC-23','DD-MON-RR'),2);
Insert into SOCIALDUOC.MENSAJE (ID_MENSAJE,MENSAJE,USU_RECEP,USU_ORIGEN,ID_CHAT,FECHA,TIPO) values (329,'https://cdn.discordapp.com/attachments/936811600277536809/1164451425506558003/319831093_1523555848141823_5852326960355784305_n.jpg?ex=657aa1e6&is=65682ce6&hm=fd08ab294326a1cbf0f4e82566d20d2f514528df0443634b5c9aba4e92d90d91&',1000001,1,168,to_date('06-DEC-23','DD-MON-RR'),2);
Insert into SOCIALDUOC.MENSAJE (ID_MENSAJE,MENSAJE,USU_RECEP,USU_ORIGEN,ID_CHAT,FECHA,TIPO) values (331,'aaa',1000001,1,168,to_date('07-DEC-23','DD-MON-RR'),2);
Insert into SOCIALDUOC.MENSAJE (ID_MENSAJE,MENSAJE,USU_RECEP,USU_ORIGEN,ID_CHAT,FECHA,TIPO) values (364,'buen dia chicos',1000001,2,176,to_date('08-DEC-23','DD-MON-RR'),2);
Insert into SOCIALDUOC.MENSAJE (ID_MENSAJE,MENSAJE,USU_RECEP,USU_ORIGEN,ID_CHAT,FECHA,TIPO) values (384,'aaaa',2,1,213,to_date('10-DEC-23','DD-MON-RR'),1);
Insert into SOCIALDUOC.MENSAJE (ID_MENSAJE,MENSAJE,USU_RECEP,USU_ORIGEN,ID_CHAT,FECHA,TIPO) values (389,'aaaa',1000002,1,164,to_date('10-DEC-23','DD-MON-RR'),2);
Insert into SOCIALDUOC.MENSAJE (ID_MENSAJE,MENSAJE,USU_RECEP,USU_ORIGEN,ID_CHAT,FECHA,TIPO) values (390,'aaaa',1000002,1,164,to_date('10-DEC-23','DD-MON-RR'),2);
Insert into SOCIALDUOC.MENSAJE (ID_MENSAJE,MENSAJE,USU_RECEP,USU_ORIGEN,ID_CHAT,FECHA,TIPO) values (400,'AAA',1,2,212,to_date('13-DEC-23','DD-MON-RR'),1);
Insert into SOCIALDUOC.MENSAJE (ID_MENSAJE,MENSAJE,USU_RECEP,USU_ORIGEN,ID_CHAT,FECHA,TIPO) values (410,'hola',2,1,213,to_date('17-DEC-23','DD-MON-RR'),1);
Insert into SOCIALDUOC.MENSAJE (ID_MENSAJE,MENSAJE,USU_RECEP,USU_ORIGEN,ID_CHAT,FECHA,TIPO) values (412,'Hola, bien y tu que tal?',1,2,212,to_date('17-DEC-23','DD-MON-RR'),1);
Insert into SOCIALDUOC.MENSAJE (ID_MENSAJE,MENSAJE,USU_RECEP,USU_ORIGEN,ID_CHAT,FECHA,TIPO) values (253,'tu nene malo te escupo y el pelo te jalo',1000002,1,213,to_date('11-NOV-23','DD-MON-RR'),2);
Insert into SOCIALDUOC.MENSAJE (ID_MENSAJE,MENSAJE,USU_RECEP,USU_ORIGEN,ID_CHAT,FECHA,TIPO) values (254,'https://www.youtube.com/watch?v=jIQ6UV2onyI&ab_channel=TuNeoTec',1,1000002,212,to_date('11-NOV-23','DD-MON-RR'),2);
Insert into SOCIALDUOC.MENSAJE (ID_MENSAJE,MENSAJE,USU_RECEP,USU_ORIGEN,ID_CHAT,FECHA,TIPO) values (323,'hola ',1000002,2,6,to_date('22-NOV-23','DD-MON-RR'),2);
Insert into SOCIALDUOC.MENSAJE (ID_MENSAJE,MENSAJE,USU_RECEP,USU_ORIGEN,ID_CHAT,FECHA,TIPO) values (256,'intillimani historico',1000002,2,213,to_date('11-NOV-23','DD-MON-RR'),2);
Insert into SOCIALDUOC.MENSAJE (ID_MENSAJE,MENSAJE,USU_RECEP,USU_ORIGEN,ID_CHAT,FECHA,TIPO) values (260,'tulita',2,1,213,to_date('16-NOV-23','DD-MON-RR'),1);
Insert into SOCIALDUOC.MENSAJE (ID_MENSAJE,MENSAJE,USU_RECEP,USU_ORIGEN,ID_CHAT,FECHA,TIPO) values (261,'a',1,2,213,to_date('22-NOV-23','DD-MON-RR'),1);
Insert into SOCIALDUOC.MENSAJE (ID_MENSAJE,MENSAJE,USU_RECEP,USU_ORIGEN,ID_CHAT,FECHA,TIPO) values (330,'aa',1000001,1,168,to_date('06-DEC-23','DD-MON-RR'),2);
Insert into SOCIALDUOC.MENSAJE (ID_MENSAJE,MENSAJE,USU_RECEP,USU_ORIGEN,ID_CHAT,FECHA,TIPO) values (332,'Nuevo chat iniciado',1,1,229,to_date('08-DEC-23','DD-MON-RR'),1);
Insert into SOCIALDUOC.MENSAJE (ID_MENSAJE,MENSAJE,USU_RECEP,USU_ORIGEN,ID_CHAT,FECHA,TIPO) values (333,'buenas',1,1,229,to_date('08-DEC-23','DD-MON-RR'),1);
Insert into SOCIALDUOC.MENSAJE (ID_MENSAJE,MENSAJE,USU_RECEP,USU_ORIGEN,ID_CHAT,FECHA,TIPO) values (334,'aaa',1,1,229,to_date('08-DEC-23','DD-MON-RR'),1);
Insert into SOCIALDUOC.MENSAJE (ID_MENSAJE,MENSAJE,USU_RECEP,USU_ORIGEN,ID_CHAT,FECHA,TIPO) values (335,'hola',1,1,229,to_date('08-DEC-23','DD-MON-RR'),1);
Insert into SOCIALDUOC.MENSAJE (ID_MENSAJE,MENSAJE,USU_RECEP,USU_ORIGEN,ID_CHAT,FECHA,TIPO) values (336,'aa',1,1,229,to_date('08-DEC-23','DD-MON-RR'),1);
Insert into SOCIALDUOC.MENSAJE (ID_MENSAJE,MENSAJE,USU_RECEP,USU_ORIGEN,ID_CHAT,FECHA,TIPO) values (337,'aa',1,1,229,to_date('08-DEC-23','DD-MON-RR'),1);
Insert into SOCIALDUOC.MENSAJE (ID_MENSAJE,MENSAJE,USU_RECEP,USU_ORIGEN,ID_CHAT,FECHA,TIPO) values (251,'nuevo chat iniciado',2,1,213,to_date('11-NOV-23','DD-MON-RR'),1);
Insert into SOCIALDUOC.MENSAJE (ID_MENSAJE,MENSAJE,USU_RECEP,USU_ORIGEN,ID_CHAT,FECHA,TIPO) values (252,'hola',1,1000002,212,to_date('11-NOV-23','DD-MON-RR'),2);
Insert into SOCIALDUOC.MENSAJE (ID_MENSAJE,MENSAJE,USU_RECEP,USU_ORIGEN,ID_CHAT,FECHA,TIPO) values (338,'hola ',1,1,229,to_date('08-DEC-23','DD-MON-RR'),1);
Insert into SOCIALDUOC.MENSAJE (ID_MENSAJE,MENSAJE,USU_RECEP,USU_ORIGEN,ID_CHAT,FECHA,TIPO) values (339,'buen dia jorge ',1,1,229,to_date('08-DEC-23','DD-MON-RR'),1);
Insert into SOCIALDUOC.MENSAJE (ID_MENSAJE,MENSAJE,USU_RECEP,USU_ORIGEN,ID_CHAT,FECHA,TIPO) values (340,'aaa',1,1,229,to_date('08-DEC-23','DD-MON-RR'),1);
Insert into SOCIALDUOC.MENSAJE (ID_MENSAJE,MENSAJE,USU_RECEP,USU_ORIGEN,ID_CHAT,FECHA,TIPO) values (341,'a',1,1,229,to_date('08-DEC-23','DD-MON-RR'),1);
Insert into SOCIALDUOC.MENSAJE (ID_MENSAJE,MENSAJE,USU_RECEP,USU_ORIGEN,ID_CHAT,FECHA,TIPO) values (342,'hola',1,1,229,to_date('08-DEC-23','DD-MON-RR'),1);
Insert into SOCIALDUOC.MENSAJE (ID_MENSAJE,MENSAJE,USU_RECEP,USU_ORIGEN,ID_CHAT,FECHA,TIPO) values (343,'hola',1,1,229,to_date('08-DEC-23','DD-MON-RR'),1);
Insert into SOCIALDUOC.MENSAJE (ID_MENSAJE,MENSAJE,USU_RECEP,USU_ORIGEN,ID_CHAT,FECHA,TIPO) values (344,'como estas',1,1,229,to_date('08-DEC-23','DD-MON-RR'),1);
Insert into SOCIALDUOC.MENSAJE (ID_MENSAJE,MENSAJE,USU_RECEP,USU_ORIGEN,ID_CHAT,FECHA,TIPO) values (345,'aaa',1,1,229,to_date('08-DEC-23','DD-MON-RR'),1);
Insert into SOCIALDUOC.MENSAJE (ID_MENSAJE,MENSAJE,USU_RECEP,USU_ORIGEN,ID_CHAT,FECHA,TIPO) values (347,'hola ',1,1,229,to_date('08-DEC-23','DD-MON-RR'),1);
Insert into SOCIALDUOC.MENSAJE (ID_MENSAJE,MENSAJE,USU_RECEP,USU_ORIGEN,ID_CHAT,FECHA,TIPO) values (348,'aaa',1,1,229,to_date('08-DEC-23','DD-MON-RR'),1);
Insert into SOCIALDUOC.MENSAJE (ID_MENSAJE,MENSAJE,USU_RECEP,USU_ORIGEN,ID_CHAT,FECHA,TIPO) values (349,'hola',1,1,229,to_date('08-DEC-23','DD-MON-RR'),1);
Insert into SOCIALDUOC.MENSAJE (ID_MENSAJE,MENSAJE,USU_RECEP,USU_ORIGEN,ID_CHAT,FECHA,TIPO) values (352,'hola ',1000005,1,9,to_date('08-DEC-23','DD-MON-RR'),2);
Insert into SOCIALDUOC.MENSAJE (ID_MENSAJE,MENSAJE,USU_RECEP,USU_ORIGEN,ID_CHAT,FECHA,TIPO) values (359,':D',2,1,213,to_date('08-DEC-23','DD-MON-RR'),1);
Insert into SOCIALDUOC.MENSAJE (ID_MENSAJE,MENSAJE,USU_RECEP,USU_ORIGEN,ID_CHAT,FECHA,TIPO) values (365,'hola jorge ',1,2,212,to_date('08-DEC-23','DD-MON-RR'),1);
Insert into SOCIALDUOC.MENSAJE (ID_MENSAJE,MENSAJE,USU_RECEP,USU_ORIGEN,ID_CHAT,FECHA,TIPO) values (370,'aaa',1000001,2,176,to_date('08-DEC-23','DD-MON-RR'),2);
Insert into SOCIALDUOC.MENSAJE (ID_MENSAJE,MENSAJE,USU_RECEP,USU_ORIGEN,ID_CHAT,FECHA,TIPO) values (371,'aaa',1000004,2,8,to_date('08-DEC-23','DD-MON-RR'),2);
Insert into SOCIALDUOC.MENSAJE (ID_MENSAJE,MENSAJE,USU_RECEP,USU_ORIGEN,ID_CHAT,FECHA,TIPO) values (382,'aaaa',2,1,213,to_date('10-DEC-23','DD-MON-RR'),1);
Insert into SOCIALDUOC.MENSAJE (ID_MENSAJE,MENSAJE,USU_RECEP,USU_ORIGEN,ID_CHAT,FECHA,TIPO) values (391,'aa',1000002,1,164,to_date('10-DEC-23','DD-MON-RR'),2);
Insert into SOCIALDUOC.MENSAJE (ID_MENSAJE,MENSAJE,USU_RECEP,USU_ORIGEN,ID_CHAT,FECHA,TIPO) values (393,'hola',1,2,212,to_date('10-DEC-23','DD-MON-RR'),1);
Insert into SOCIALDUOC.MENSAJE (ID_MENSAJE,MENSAJE,USU_RECEP,USU_ORIGEN,ID_CHAT,FECHA,TIPO) values (409,'buenas como estas?',1000004,1,165,to_date('17-DEC-23','DD-MON-RR'),2);
Insert into SOCIALDUOC.MENSAJE (ID_MENSAJE,MENSAJE,USU_RECEP,USU_ORIGEN,ID_CHAT,FECHA,TIPO) values (262,'a',2,1,213,to_date('17-NOV-23','DD-MON-RR'),1);
Insert into SOCIALDUOC.MENSAJE (ID_MENSAJE,MENSAJE,USU_RECEP,USU_ORIGEN,ID_CHAT,FECHA,TIPO) values (263,'Nuevo chat iniciado',1000002,3,215,to_date('21-NOV-23','DD-MON-RR'),2);
Insert into SOCIALDUOC.MENSAJE (ID_MENSAJE,MENSAJE,USU_RECEP,USU_ORIGEN,ID_CHAT,FECHA,TIPO) values (264,'buenas',2,1,213,to_date('21-NOV-23','DD-MON-RR'),1);
Insert into SOCIALDUOC.MENSAJE (ID_MENSAJE,MENSAJE,USU_RECEP,USU_ORIGEN,ID_CHAT,FECHA,TIPO) values (265,'hola maria ',2,1,213,to_date('21-NOV-23','DD-MON-RR'),1);
Insert into SOCIALDUOC.MENSAJE (ID_MENSAJE,MENSAJE,USU_RECEP,USU_ORIGEN,ID_CHAT,FECHA,TIPO) values (346,'hola ',1,1,229,to_date('08-DEC-23','DD-MON-RR'),1);
Insert into SOCIALDUOC.MENSAJE (ID_MENSAJE,MENSAJE,USU_RECEP,USU_ORIGEN,ID_CHAT,FECHA,TIPO) values (350,'hola',1000005,1,9,to_date('08-DEC-23','DD-MON-RR'),2);
Insert into SOCIALDUOC.MENSAJE (ID_MENSAJE,MENSAJE,USU_RECEP,USU_ORIGEN,ID_CHAT,FECHA,TIPO) values (353,'buenas ',1000001,2,176,to_date('08-DEC-23','DD-MON-RR'),2);
Insert into SOCIALDUOC.MENSAJE (ID_MENSAJE,MENSAJE,USU_RECEP,USU_ORIGEN,ID_CHAT,FECHA,TIPO) values (354,'hshhs',1,2,212,to_date('08-DEC-23','DD-MON-RR'),1);
Insert into SOCIALDUOC.MENSAJE (ID_MENSAJE,MENSAJE,USU_RECEP,USU_ORIGEN,ID_CHAT,FECHA,TIPO) values (360,'hola',1,2,212,to_date('08-DEC-23','DD-MON-RR'),1);
Insert into SOCIALDUOC.MENSAJE (ID_MENSAJE,MENSAJE,USU_RECEP,USU_ORIGEN,ID_CHAT,FECHA,TIPO) values (367,'hola ',1000005,1,9,to_date('08-DEC-23','DD-MON-RR'),2);
Insert into SOCIALDUOC.MENSAJE (ID_MENSAJE,MENSAJE,USU_RECEP,USU_ORIGEN,ID_CHAT,FECHA,TIPO) values (372,'jsjsj',1,2,212,to_date('08-DEC-23','DD-MON-RR'),1);
Insert into SOCIALDUOC.MENSAJE (ID_MENSAJE,MENSAJE,USU_RECEP,USU_ORIGEN,ID_CHAT,FECHA,TIPO) values (375,'AAA',1,2,212,to_date('10-DEC-23','DD-MON-RR'),1);
Insert into SOCIALDUOC.MENSAJE (ID_MENSAJE,MENSAJE,USU_RECEP,USU_ORIGEN,ID_CHAT,FECHA,TIPO) values (394,'buenas',1000004,2,8,to_date('10-DEC-23','DD-MON-RR'),2);
Insert into SOCIALDUOC.MENSAJE (ID_MENSAJE,MENSAJE,USU_RECEP,USU_ORIGEN,ID_CHAT,FECHA,TIPO) values (402,'AAA',1,2,212,to_date('13-DEC-23','DD-MON-RR'),1);
Insert into SOCIALDUOC.MENSAJE (ID_MENSAJE,MENSAJE,USU_RECEP,USU_ORIGEN,ID_CHAT,FECHA,TIPO) values (403,'AAA',1,2,212,to_date('13-DEC-23','DD-MON-RR'),1);
Insert into SOCIALDUOC.MENSAJE (ID_MENSAJE,MENSAJE,USU_RECEP,USU_ORIGEN,ID_CHAT,FECHA,TIPO) values (404,'aa',1,2,212,to_date('13-DEC-23','DD-MON-RR'),1);
Insert into SOCIALDUOC.MENSAJE (ID_MENSAJE,MENSAJE,USU_RECEP,USU_ORIGEN,ID_CHAT,FECHA,TIPO) values (406,'aa',1,2,212,to_date('17-DEC-23','DD-MON-RR'),1);
Insert into SOCIALDUOC.MENSAJE (ID_MENSAJE,MENSAJE,USU_RECEP,USU_ORIGEN,ID_CHAT,FECHA,TIPO) values (407,'hola',1000002,2,6,to_date('13-DEC-23','DD-MON-RR'),2);
Insert into SOCIALDUOC.MENSAJE (ID_MENSAJE,MENSAJE,USU_RECEP,USU_ORIGEN,ID_CHAT,FECHA,TIPO) values (413,'viste esto? https://www.youtube.com/watch?v=YyJmY2mEzXY&ab_channel=FaridDieck',1,2,212,to_date('17-DEC-23','DD-MON-RR'),1);
REM INSERTING into SOCIALDUOC.ME_GUSTA
SET DEFINE OFF;
Insert into SOCIALDUOC.ME_GUSTA (ID_ME_GUSTA,ID_PUBLI,TIPO_LIKE,ID_USUARIO) values (755,390,1,1);
REM INSERTING into SOCIALDUOC.MY_ADMIN
SET DEFINE OFF;
Insert into SOCIALDUOC.MY_ADMIN (ID_ADMIN,NOMBRE,CONTRASENIA,USUARIO) values (1,'prueba1','prueba1','prueba1');
Insert into SOCIALDUOC.MY_ADMIN (ID_ADMIN,NOMBRE,CONTRASENIA,USUARIO) values (2,'prueba2','prueba2','prueba2');
REM INSERTING into SOCIALDUOC.PARTICIPANTES
SET DEFINE OFF;
Insert into SOCIALDUOC.PARTICIPANTES (ID_PARTI,ID_EVENTO,ID_USUARIO) values (536,152,18);
Insert into SOCIALDUOC.PARTICIPANTES (ID_PARTI,ID_EVENTO,ID_USUARIO) values (537,152,9);
Insert into SOCIALDUOC.PARTICIPANTES (ID_PARTI,ID_EVENTO,ID_USUARIO) values (538,152,20);
Insert into SOCIALDUOC.PARTICIPANTES (ID_PARTI,ID_EVENTO,ID_USUARIO) values (539,152,13);
Insert into SOCIALDUOC.PARTICIPANTES (ID_PARTI,ID_EVENTO,ID_USUARIO) values (540,152,19);
Insert into SOCIALDUOC.PARTICIPANTES (ID_PARTI,ID_EVENTO,ID_USUARIO) values (541,152,16);
REM INSERTING into SOCIALDUOC.PUBLICACION
SET DEFINE OFF;
Insert into SOCIALDUOC.PUBLICACION (ID_PUBLI,FECHA,DESCRIP,ESTADO,ID_USUARIO,ID_SEDE) values (377,to_date('11-NOV-23','DD-MON-RR'),'sabes cual es un temazo? https://open.spotify.com/intl-es/track/7hqlHZIXhwAzpWQxm9KzBd?si=1acdb5078be8417f',1,2,1);
Insert into SOCIALDUOC.PUBLICACION (ID_PUBLI,FECHA,DESCRIP,ESTADO,ID_USUARIO,ID_SEDE) values (390,to_date('16-SEP-23','DD-MON-RR'),'SE BUSCA',2,1,19);
Insert into SOCIALDUOC.PUBLICACION (ID_PUBLI,FECHA,DESCRIP,ESTADO,ID_USUARIO,ID_SEDE) values (370,to_date('09-NOV-23','DD-MON-RR'),'nanomachines son https://www.youtube.com/watch?v=8sOMp9IRxBc&ab_channel=Hemotoksin',1,2,1);
Insert into SOCIALDUOC.PUBLICACION (ID_PUBLI,FECHA,DESCRIP,ESTADO,ID_USUARIO,ID_SEDE) values (430,to_date('05-DEC-23','DD-MON-RR'),'publicacion de prueba https://www.youtube.com/watch?v=e_LixLldD-U&ab_channel=NoirClips',1,1,1);
REM INSERTING into SOCIALDUOC.RAMO
SET DEFINE OFF;
Insert into SOCIALDUOC.RAMO (ID_RAMO,NOM_RAMO,ID_CARRERA) values (1,'Intro a la Economia',1);
Insert into SOCIALDUOC.RAMO (ID_RAMO,NOM_RAMO,ID_CARRERA) values (2,'Contabilidad General',1);
Insert into SOCIALDUOC.RAMO (ID_RAMO,NOM_RAMO,ID_CARRERA) values (3,'Marketing Fundamentals',1);
Insert into SOCIALDUOC.RAMO (ID_RAMO,NOM_RAMO,ID_CARRERA) values (4,'Anatoma Humana',2);
Insert into SOCIALDUOC.RAMO (ID_RAMO,NOM_RAMO,ID_CARRERA) values (5,'Bioqumica Mdica',2);
Insert into SOCIALDUOC.RAMO (ID_RAMO,NOM_RAMO,ID_CARRERA) values (6,'Fisiopatologa',2);
Insert into SOCIALDUOC.RAMO (ID_RAMO,NOM_RAMO,ID_CARRERA) values (7,'Introduccin al Derecho',3);
Insert into SOCIALDUOC.RAMO (ID_RAMO,NOM_RAMO,ID_CARRERA) values (8,'Derecho Civil',3);
Insert into SOCIALDUOC.RAMO (ID_RAMO,NOM_RAMO,ID_CARRERA) values (9,'Derecho Constitucional',3);
Insert into SOCIALDUOC.RAMO (ID_RAMO,NOM_RAMO,ID_CARRERA) values (10,'Dibujo Tcnico',4);
Insert into SOCIALDUOC.RAMO (ID_RAMO,NOM_RAMO,ID_CARRERA) values (11,'Historia de la Arquitectura',4);
Insert into SOCIALDUOC.RAMO (ID_RAMO,NOM_RAMO,ID_CARRERA) values (12,'Diseo Arquitectnico',4);
Insert into SOCIALDUOC.RAMO (ID_RAMO,NOM_RAMO,ID_CARRERA) values (13,'Psicologa General',5);
Insert into SOCIALDUOC.RAMO (ID_RAMO,NOM_RAMO,ID_CARRERA) values (14,'Psicopatologa',5);
Insert into SOCIALDUOC.RAMO (ID_RAMO,NOM_RAMO,ID_CARRERA) values (15,'Psicologa Social',5);
Insert into SOCIALDUOC.RAMO (ID_RAMO,NOM_RAMO,ID_CARRERA) values (16,'Anatoma y Fisiologa',6);
Insert into SOCIALDUOC.RAMO (ID_RAMO,NOM_RAMO,ID_CARRERA) values (17,'Farmacologa',6);
Insert into SOCIALDUOC.RAMO (ID_RAMO,NOM_RAMO,ID_CARRERA) values (18,'Cuidados Bsicos de Enfermera',6);
Insert into SOCIALDUOC.RAMO (ID_RAMO,NOM_RAMO,ID_CARRERA) values (19,'Didctica de la Lengua',7);
Insert into SOCIALDUOC.RAMO (ID_RAMO,NOM_RAMO,ID_CARRERA) values (20,'Didctica de la Matemtica',7);
Insert into SOCIALDUOC.RAMO (ID_RAMO,NOM_RAMO,ID_CARRERA) values (21,'Psicopedagoga en el Aula',7);
Insert into SOCIALDUOC.RAMO (ID_RAMO,NOM_RAMO,ID_CARRERA) values (22,'Clculo Diferencial',8);
Insert into SOCIALDUOC.RAMO (ID_RAMO,NOM_RAMO,ID_CARRERA) values (23,'Mecnica Clsica',8);
Insert into SOCIALDUOC.RAMO (ID_RAMO,NOM_RAMO,ID_CARRERA) values (24,'Dibujo Tcnico',8);
Insert into SOCIALDUOC.RAMO (ID_RAMO,NOM_RAMO,ID_CARRERA) values (25,'Anatoma Dental',9);
Insert into SOCIALDUOC.RAMO (ID_RAMO,NOM_RAMO,ID_CARRERA) values (26,'Radiologa Dental',9);
Insert into SOCIALDUOC.RAMO (ID_RAMO,NOM_RAMO,ID_CARRERA) values (27,'Operatoria Dental',9);
Insert into SOCIALDUOC.RAMO (ID_RAMO,NOM_RAMO,ID_CARRERA) values (28,'Psicologa del Aprendizaje',10);
Insert into SOCIALDUOC.RAMO (ID_RAMO,NOM_RAMO,ID_CARRERA) values (29,'Evaluacin Psicopedaggica',10);
Insert into SOCIALDUOC.RAMO (ID_RAMO,NOM_RAMO,ID_CARRERA) values (30,'Intervencin Psicopedaggica',10);
Insert into SOCIALDUOC.RAMO (ID_RAMO,NOM_RAMO,ID_CARRERA) values (31,'Dibujo y Composicin',11);
Insert into SOCIALDUOC.RAMO (ID_RAMO,NOM_RAMO,ID_CARRERA) values (32,'Diseo Digital',11);
Insert into SOCIALDUOC.RAMO (ID_RAMO,NOM_RAMO,ID_CARRERA) values (33,'Teora del Color',11);
Insert into SOCIALDUOC.RAMO (ID_RAMO,NOM_RAMO,ID_CARRERA) values (34,'Teora del Trabajo Social',12);
Insert into SOCIALDUOC.RAMO (ID_RAMO,NOM_RAMO,ID_CARRERA) values (35,'Derecho y Poltica Social',12);
Insert into SOCIALDUOC.RAMO (ID_RAMO,NOM_RAMO,ID_CARRERA) values (36,'Intervencin Social',12);
Insert into SOCIALDUOC.RAMO (ID_RAMO,NOM_RAMO,ID_CARRERA) values (37,'Redaccin Periodstica',13);
Insert into SOCIALDUOC.RAMO (ID_RAMO,NOM_RAMO,ID_CARRERA) values (38,'tica y Deontologa Periodstica',13);
Insert into SOCIALDUOC.RAMO (ID_RAMO,NOM_RAMO,ID_CARRERA) values (39,'Comunicacin Audiovisual',13);
Insert into SOCIALDUOC.RAMO (ID_RAMO,NOM_RAMO,ID_CARRERA) values (40,'Contabilidad Financiera',14);
Insert into SOCIALDUOC.RAMO (ID_RAMO,NOM_RAMO,ID_CARRERA) values (41,'Auditora',14);
Insert into SOCIALDUOC.RAMO (ID_RAMO,NOM_RAMO,ID_CARRERA) values (42,'Derecho Tributario',14);
Insert into SOCIALDUOC.RAMO (ID_RAMO,NOM_RAMO,ID_CARRERA) values (43,'Didctica Especfica',15);
Insert into SOCIALDUOC.RAMO (ID_RAMO,NOM_RAMO,ID_CARRERA) values (44,'Psicopedagoga en el Aula',15);
Insert into SOCIALDUOC.RAMO (ID_RAMO,NOM_RAMO,ID_CARRERA) values (45,'Evaluacin de Aprendizajes',15);
Insert into SOCIALDUOC.RAMO (ID_RAMO,NOM_RAMO,ID_CARRERA) values (46,'Bioqumica Nutricional',16);
Insert into SOCIALDUOC.RAMO (ID_RAMO,NOM_RAMO,ID_CARRERA) values (47,'Alimentacin y Cultura',16);
Insert into SOCIALDUOC.RAMO (ID_RAMO,NOM_RAMO,ID_CARRERA) values (48,'Planificacin Diettica',16);
Insert into SOCIALDUOC.RAMO (ID_RAMO,NOM_RAMO,ID_CARRERA) values (49,'Anatoma y Biomecnica',17);
Insert into SOCIALDUOC.RAMO (ID_RAMO,NOM_RAMO,ID_CARRERA) values (50,'Fisiologa del Ejercicio',17);
Insert into SOCIALDUOC.RAMO (ID_RAMO,NOM_RAMO,ID_CARRERA) values (51,'Rehabilitacin Kinsica',17);
Insert into SOCIALDUOC.RAMO (ID_RAMO,NOM_RAMO,ID_CARRERA) values (52,'Psicologa del Aprendizaje',18);
Insert into SOCIALDUOC.RAMO (ID_RAMO,NOM_RAMO,ID_CARRERA) values (53,'Evaluacin Psicolgica Educativa',18);
Insert into SOCIALDUOC.RAMO (ID_RAMO,NOM_RAMO,ID_CARRERA) values (54,'Intervencin Psicoeducativa',18);
Insert into SOCIALDUOC.RAMO (ID_RAMO,NOM_RAMO,ID_CARRERA) values (55,'Programacin Fundamentals',19);
Insert into SOCIALDUOC.RAMO (ID_RAMO,NOM_RAMO,ID_CARRERA) values (56,'Bases de Datos',19);
Insert into SOCIALDUOC.RAMO (ID_RAMO,NOM_RAMO,ID_CARRERA) values (57,'Ingeniera de Software',19);
Insert into SOCIALDUOC.RAMO (ID_RAMO,NOM_RAMO,ID_CARRERA) values (58,'Creatividad Publicitaria',20);
Insert into SOCIALDUOC.RAMO (ID_RAMO,NOM_RAMO,ID_CARRERA) values (59,'Estrategias de Comunicacin',20);
Insert into SOCIALDUOC.RAMO (ID_RAMO,NOM_RAMO,ID_CARRERA) values (60,'Medios y Soportes Publicitarios',20);
REM INSERTING into SOCIALDUOC.RAMO_DOC
SET DEFINE OFF;
Insert into SOCIALDUOC.RAMO_DOC (DOCENTE_ID_USUARIO,ID_RAMO) values (5,9);
REM INSERTING into SOCIALDUOC.REGION
SET DEFINE OFF;
Insert into SOCIALDUOC.REGION (ID_REGION,NOM_REGION) values (1,'Arica y Parinacota');
Insert into SOCIALDUOC.REGION (ID_REGION,NOM_REGION) values (2,'Tarapaca');
Insert into SOCIALDUOC.REGION (ID_REGION,NOM_REGION) values (3,'Antofagasta');
Insert into SOCIALDUOC.REGION (ID_REGION,NOM_REGION) values (4,'Atacama');
Insert into SOCIALDUOC.REGION (ID_REGION,NOM_REGION) values (5,'Coquimbo');
Insert into SOCIALDUOC.REGION (ID_REGION,NOM_REGION) values (6,'Valparaiso');
Insert into SOCIALDUOC.REGION (ID_REGION,NOM_REGION) values (7,'Metropolitana');
Insert into SOCIALDUOC.REGION (ID_REGION,NOM_REGION) values (8,'O higgins');
Insert into SOCIALDUOC.REGION (ID_REGION,NOM_REGION) values (9,'Maule');
Insert into SOCIALDUOC.REGION (ID_REGION,NOM_REGION) values (10,'uble');
Insert into SOCIALDUOC.REGION (ID_REGION,NOM_REGION) values (11,'Biobio');
Insert into SOCIALDUOC.REGION (ID_REGION,NOM_REGION) values (12,'La Araucania');
Insert into SOCIALDUOC.REGION (ID_REGION,NOM_REGION) values (13,'Los Rios');
Insert into SOCIALDUOC.REGION (ID_REGION,NOM_REGION) values (14,'Los lagos');
Insert into SOCIALDUOC.REGION (ID_REGION,NOM_REGION) values (15,'Aysen');
Insert into SOCIALDUOC.REGION (ID_REGION,NOM_REGION) values (16,'Magallanes');
REM INSERTING into SOCIALDUOC.RESP_ENCUE
SET DEFINE OFF;
Insert into SOCIALDUOC.RESP_ENCUE (ID_RESP,RESPUESTA,ID_ENCU,ID_USUARIO) values (310,'resp 1',173,1);
Insert into SOCIALDUOC.RESP_ENCUE (ID_RESP,RESPUESTA,ID_ENCU,ID_USUARIO) values (296,'resp 1',173,1);
Insert into SOCIALDUOC.RESP_ENCUE (ID_RESP,RESPUESTA,ID_ENCU,ID_USUARIO) values (297,'resp 2',173,1);
Insert into SOCIALDUOC.RESP_ENCUE (ID_RESP,RESPUESTA,ID_ENCU,ID_USUARIO) values (311,'resp 1',173,1);
Insert into SOCIALDUOC.RESP_ENCUE (ID_RESP,RESPUESTA,ID_ENCU,ID_USUARIO) values (294,'aaaa',173,1);
Insert into SOCIALDUOC.RESP_ENCUE (ID_RESP,RESPUESTA,ID_ENCU,ID_USUARIO) values (292,'aaaa',173,1);
Insert into SOCIALDUOC.RESP_ENCUE (ID_RESP,RESPUESTA,ID_ENCU,ID_USUARIO) values (293,'aaaa',173,1);
Insert into SOCIALDUOC.RESP_ENCUE (ID_RESP,RESPUESTA,ID_ENCU,ID_USUARIO) values (295,'aaaa',173,1);
Insert into SOCIALDUOC.RESP_ENCUE (ID_RESP,RESPUESTA,ID_ENCU,ID_USUARIO) values (250,'si',173,1);
Insert into SOCIALDUOC.RESP_ENCUE (ID_RESP,RESPUESTA,ID_ENCU,ID_USUARIO) values (282,'aaaa',173,1);
Insert into SOCIALDUOC.RESP_ENCUE (ID_RESP,RESPUESTA,ID_ENCU,ID_USUARIO) values (283,' aa',173,1);
Insert into SOCIALDUOC.RESP_ENCUE (ID_RESP,RESPUESTA,ID_ENCU,ID_USUARIO) values (284,' aa',173,1);
Insert into SOCIALDUOC.RESP_ENCUE (ID_RESP,RESPUESTA,ID_ENCU,ID_USUARIO) values (285,'aaa',173,1);
Insert into SOCIALDUOC.RESP_ENCUE (ID_RESP,RESPUESTA,ID_ENCU,ID_USUARIO) values (290,'aaaa',173,1);
Insert into SOCIALDUOC.RESP_ENCUE (ID_RESP,RESPUESTA,ID_ENCU,ID_USUARIO) values (291,'aaaa',173,1);
Insert into SOCIALDUOC.RESP_ENCUE (ID_RESP,RESPUESTA,ID_ENCU,ID_USUARIO) values (280,'aaaa',173,1);
Insert into SOCIALDUOC.RESP_ENCUE (ID_RESP,RESPUESTA,ID_ENCU,ID_USUARIO) values (281,'aaaa',173,1);
Insert into SOCIALDUOC.RESP_ENCUE (ID_RESP,RESPUESTA,ID_ENCU,ID_USUARIO) values (249,'si',173,1);
REM INSERTING into SOCIALDUOC.SECCION
SET DEFINE OFF;
Insert into SOCIALDUOC.SECCION (ID_SECC,NOM_SECCION,ID_RAMO) values (1000004,'Seccin C',3);
Insert into SOCIALDUOC.SECCION (ID_SECC,NOM_SECCION,ID_RAMO) values (1000005,'TODO',4);
Insert into SOCIALDUOC.SECCION (ID_SECC,NOM_SECCION,ID_RAMO) values (5000041,'seccion J',4);
Insert into SOCIALDUOC.SECCION (ID_SECC,NOM_SECCION,ID_RAMO) values (5000045,'hahah',1);
Insert into SOCIALDUOC.SECCION (ID_SECC,NOM_SECCION,ID_RAMO) values (5000022,'nueva',1);
Insert into SOCIALDUOC.SECCION (ID_SECC,NOM_SECCION,ID_RAMO) values (1000001,'Seccin A',1);
Insert into SOCIALDUOC.SECCION (ID_SECC,NOM_SECCION,ID_RAMO) values (1000002,'Seccin B',2);
Insert into SOCIALDUOC.SECCION (ID_SECC,NOM_SECCION,ID_RAMO) values (1000003,'Seccin F',7);
REM INSERTING into SOCIALDUOC.SECCION_ALU_DOC
SET DEFINE OFF;
REM INSERTING into SOCIALDUOC.SECCION_USUARIO
SET DEFINE OFF;
Insert into SOCIALDUOC.SECCION_USUARIO (ID_SEC_USER,ID_USUARIO,ID_SECCION) values (186,3,1000001);
Insert into SOCIALDUOC.SECCION_USUARIO (ID_SEC_USER,ID_USUARIO,ID_SECCION) values (6,2,1000002);
Insert into SOCIALDUOC.SECCION_USUARIO (ID_SEC_USER,ID_USUARIO,ID_SECCION) values (7,2,1000003);
Insert into SOCIALDUOC.SECCION_USUARIO (ID_SEC_USER,ID_USUARIO,ID_SECCION) values (8,2,1000004);
Insert into SOCIALDUOC.SECCION_USUARIO (ID_SEC_USER,ID_USUARIO,ID_SECCION) values (9,1,1000005);
Insert into SOCIALDUOC.SECCION_USUARIO (ID_SEC_USER,ID_USUARIO,ID_SECCION) values (176,2,1000001);
Insert into SOCIALDUOC.SECCION_USUARIO (ID_SEC_USER,ID_USUARIO,ID_SECCION) values (179,1,5000022);
Insert into SOCIALDUOC.SECCION_USUARIO (ID_SEC_USER,ID_USUARIO,ID_SECCION) values (164,1,1000002);
Insert into SOCIALDUOC.SECCION_USUARIO (ID_SEC_USER,ID_USUARIO,ID_SECCION) values (165,1,1000004);
Insert into SOCIALDUOC.SECCION_USUARIO (ID_SEC_USER,ID_USUARIO,ID_SECCION) values (168,1,1000001);
Insert into SOCIALDUOC.SECCION_USUARIO (ID_SEC_USER,ID_USUARIO,ID_SECCION) values (182,27,5000022);
Insert into SOCIALDUOC.SECCION_USUARIO (ID_SEC_USER,ID_USUARIO,ID_SECCION) values (181,23,5000022);
REM INSERTING into SOCIALDUOC.SEDE
SET DEFINE OFF;
Insert into SOCIALDUOC.SEDE (ID_SEDE,NOM_SEDE) values (1,'Sede Alameda - Santiago');
Insert into SOCIALDUOC.SEDE (ID_SEDE,NOM_SEDE) values (2,'Sede Antonio Varas - Santiago');
Insert into SOCIALDUOC.SEDE (ID_SEDE,NOM_SEDE) values (3,'Sede Plaza Oeste - Santiago');
Insert into SOCIALDUOC.SEDE (ID_SEDE,NOM_SEDE) values (4,'Sede San Joaqun - Santiago');
Insert into SOCIALDUOC.SEDE (ID_SEDE,NOM_SEDE) values (5,'Sede Via del Mar');
Insert into SOCIALDUOC.SEDE (ID_SEDE,NOM_SEDE) values (6,'Sede Concepcin');
Insert into SOCIALDUOC.SEDE (ID_SEDE,NOM_SEDE) values (7,'Sede Melipilla');
Insert into SOCIALDUOC.SEDE (ID_SEDE,NOM_SEDE) values (8,'Sede Valparaso');
Insert into SOCIALDUOC.SEDE (ID_SEDE,NOM_SEDE) values (9,'Sede Puente Alto');
Insert into SOCIALDUOC.SEDE (ID_SEDE,NOM_SEDE) values (10,'Sede San Bernardo');
Insert into SOCIALDUOC.SEDE (ID_SEDE,NOM_SEDE) values (11,'Sede San Antonio');
Insert into SOCIALDUOC.SEDE (ID_SEDE,NOM_SEDE) values (12,'Sede Maip');
Insert into SOCIALDUOC.SEDE (ID_SEDE,NOM_SEDE) values (13,'Sede La Florida');
Insert into SOCIALDUOC.SEDE (ID_SEDE,NOM_SEDE) values (14,'Sede Quilicura');
Insert into SOCIALDUOC.SEDE (ID_SEDE,NOM_SEDE) values (15,'Sede Los ngeles');
Insert into SOCIALDUOC.SEDE (ID_SEDE,NOM_SEDE) values (16,'Sede San Fernando');
Insert into SOCIALDUOC.SEDE (ID_SEDE,NOM_SEDE) values (17,'Sede Curic');
Insert into SOCIALDUOC.SEDE (ID_SEDE,NOM_SEDE) values (18,'Sede Castro');
Insert into SOCIALDUOC.SEDE (ID_SEDE,NOM_SEDE) values (19,'Sede Calama');
Insert into SOCIALDUOC.SEDE (ID_SEDE,NOM_SEDE) values (20,'Sede Temuco');
Insert into SOCIALDUOC.SEDE (ID_SEDE,NOM_SEDE) values (21,'Sede Valdivia');
REM INSERTING into SOCIALDUOC.SOCIALDUOC_CHATROOM
SET DEFINE OFF;
Insert into SOCIALDUOC.SOCIALDUOC_CHATROOM (ID,TITLE) values (2,'General');
REM INSERTING into SOCIALDUOC.SOCIALDUOC_CHATROOM_USERS
SET DEFINE OFF;
REM INSERTING into SOCIALDUOC.SOCIALDUOC_CONTENIDO
SET DEFINE OFF;
REM INSERTING into SOCIALDUOC.SOCIALDUOC_ONETIMETOKEN
SET DEFINE OFF;
REM INSERTING into SOCIALDUOC.SOCIALDUOC_ROOMCHATMESSAGE
SET DEFINE OFF;
REM INSERTING into SOCIALDUOC.TIPO_USUARIO
SET DEFINE OFF;
Insert into SOCIALDUOC.TIPO_USUARIO (ID_TIPO,NOM_TIPO) values (1,'Admin');
Insert into SOCIALDUOC.TIPO_USUARIO (ID_TIPO,NOM_TIPO) values (2,'Alumno');
Insert into SOCIALDUOC.TIPO_USUARIO (ID_TIPO,NOM_TIPO) values (3,'Docente');
Insert into SOCIALDUOC.TIPO_USUARIO (ID_TIPO,NOM_TIPO) values (4,'Institucion');
Insert into SOCIALDUOC.TIPO_USUARIO (ID_TIPO,NOM_TIPO) values (5,'Coordinador');
Insert into SOCIALDUOC.TIPO_USUARIO (ID_TIPO,NOM_TIPO) values (6,'Director');
REM INSERTING into SOCIALDUOC.TOKENS
SET DEFINE OFF;
Insert into SOCIALDUOC.TOKENS (ID,TOKEN,ID_USUARIO) values (23,'d-kg4p0oHJc:APA91bH63v5X2XJH9kJRoGlPmAzyCIBTAVatSXQ_PLHmg9PJH2Wt62B3rXqBmG7twsxSuIDg0P0VnIaRghtpGOdWfgg4lxPQXP2j1JYfw5XPyBg0Ru9A4oF6UTIyeZfZUtLieIj5To5Q',3);
Insert into SOCIALDUOC.TOKENS (ID,TOKEN,ID_USUARIO) values (61,'fl8YPOEMWRw:APA91bG01n5t2_9eR_YbWNAfwnS_SDy8yBos1NYHoaz2pI5D7PVKRFKq1jhmtZQigPFCoE7-nzif-s3MCyi2gv6O8QBryLASAgu8kofot_Oc3ZLKGuRYfVajVU_js7lUPVsZcvCu2m2B',2);
Insert into SOCIALDUOC.TOKENS (ID,TOKEN,ID_USUARIO) values (31,'vacio',2);
Insert into SOCIALDUOC.TOKENS (ID,TOKEN,ID_USUARIO) values (26,'eXAhQwKBHJc:APA91bHm_zous1bLmeQ3ArunnFXfA7xU20mYU2BwRxwMusU9Yur2tQEiJok2fPjKgNmyNwYzPR_QQwa6PMb3y3IT_ojmibl5EMXXecNbIYdxtnFoj0LJt6yBGPSZrCLUH3fgxBbQs8j4',2);
Insert into SOCIALDUOC.TOKENS (ID,TOKEN,ID_USUARIO) values (30,'cuZxLJlxAYw:APA91bF2M2NIcVQ1R4ieD-p1WZZWV0Ia-puHoOOt5WqFnMU7ksCt7-aGQAlCH7nFxob_Y0nc7vRYuBrpnOdEwLnCy3ZrIpMP2UxwrevFQJFJjyZKyZwNo1bSRNGnGRXxQSjA0Cfkoh1X',3);
Insert into SOCIALDUOC.TOKENS (ID,TOKEN,ID_USUARIO) values (2,'f6tGCTdCmY4:APA91bHG9C0Jt0_HaSquqDRc9lqRq19zm6mKm02myGItcna8NA3sLTZpVmYb4ccuhMBkSgF1j0ma8UvdYTdQJvw6PLCz5pt4PGcURYadV5KfHqszgwCS1i3PeJdkOChxZAfRVlmaqfNy',1);
Insert into SOCIALDUOC.TOKENS (ID,TOKEN,ID_USUARIO) values (3,'da0rvG1T78Q:APA91bE2x1EvCFyCr6v9dGPPlvOsxi3vhgjbximHpxqND17bBWdfu1TXEueod9J1Lynb5hPaISty76TbE_JsEMwGuaF7GTIJyi8XDbetgXgukWCrCplDJG1En7XsSKenQqM5W3asUqnd',1);
REM INSERTING into SOCIALDUOC.USUARIO
SET DEFINE OFF;
Insert into SOCIALDUOC.USUARIO (ID_USUARIO,RUT,DV,NOMBRE,AP_PATER,AP_MATER,USUARIO,CORREO,CONTRASENIA,CORREO_PERSONAL,TELEFONO,ID_COMU,ID_GEN,ID_ESTADO,ID_TIPO,ID_SEDE) values (1017,23029880,'7','Eva','Gonzalez','Rodriguez','Jorge.curioso','Jorge.curioso@Socialduoc.cl','123','Jorge.curioso@gmail.com','987654321',2,1,1,5,3);
Insert into SOCIALDUOC.USUARIO (ID_USUARIO,RUT,DV,NOMBRE,AP_PATER,AP_MATER,USUARIO,CORREO,CONTRASENIA,CORREO_PERSONAL,TELEFONO,ID_COMU,ID_GEN,ID_ESTADO,ID_TIPO,ID_SEDE) values (1018,23789003,'9','Sergio','Rodriguez','Perez','Jorge.curioso','Jorge.curioso@Socialduoc.cl','123','Jorge.curioso@gmail.com','987654321',2,1,1,5,2);
Insert into SOCIALDUOC.USUARIO (ID_USUARIO,RUT,DV,NOMBRE,AP_PATER,AP_MATER,USUARIO,CORREO,CONTRASENIA,CORREO_PERSONAL,TELEFONO,ID_COMU,ID_GEN,ID_ESTADO,ID_TIPO,ID_SEDE) values (1019,24548126,'1','Lucia','Martinez','Garcia','Jorge.curioso','Jorge.curioso@Socialduoc.cl','123','Jorge.curioso@gmail.com','987654321',2,1,1,5,1);
Insert into SOCIALDUOC.USUARIO (ID_USUARIO,RUT,DV,NOMBRE,AP_PATER,AP_MATER,USUARIO,CORREO,CONTRASENIA,CORREO_PERSONAL,TELEFONO,ID_COMU,ID_GEN,ID_ESTADO,ID_TIPO,ID_SEDE) values (1020,25307249,'2','Francisco','Sanchez','Rodriguez','Jorge.curioso','Jorge.curioso@Socialduoc.cl','123','Jorge.curioso@gmail.com','987654321',2,1,1,5,11);
Insert into SOCIALDUOC.USUARIO (ID_USUARIO,RUT,DV,NOMBRE,AP_PATER,AP_MATER,USUARIO,CORREO,CONTRASENIA,CORREO_PERSONAL,TELEFONO,ID_COMU,ID_GEN,ID_ESTADO,ID_TIPO,ID_SEDE) values (28,77486513,'1','Duoc','Uc','Arica','DuocAri','Duoc@gmail.com','Duoc123','usuario00001@gmail.com','967058204',1,2,1,4,6);
Insert into SOCIALDUOC.USUARIO (ID_USUARIO,RUT,DV,NOMBRE,AP_PATER,AP_MATER,USUARIO,CORREO,CONTRASENIA,CORREO_PERSONAL,TELEFONO,ID_COMU,ID_GEN,ID_ESTADO,ID_TIPO,ID_SEDE) values (29,77486513,'1','aa','aa','Arica','DuocAri','Duoc@gmail.com','Duoc123','usuario00001@gmail.com','967058204',1,2,1,4,6);
Insert into SOCIALDUOC.USUARIO (ID_USUARIO,RUT,DV,NOMBRE,AP_PATER,AP_MATER,USUARIO,CORREO,CONTRASENIA,CORREO_PERSONAL,TELEFONO,ID_COMU,ID_GEN,ID_ESTADO,ID_TIPO,ID_SEDE) values (30,77486513,'1','imagen','imagen','Arica','DuocAri','Duoc@gmail.com','Duoc123','usuario00001@gmail.com','967058204',1,2,1,4,6);
Insert into SOCIALDUOC.USUARIO (ID_USUARIO,RUT,DV,NOMBRE,AP_PATER,AP_MATER,USUARIO,CORREO,CONTRASENIA,CORREO_PERSONAL,TELEFONO,ID_COMU,ID_GEN,ID_ESTADO,ID_TIPO,ID_SEDE) values (1,12345,'6','Jorge','Villagra','Fredes','juan123','jorgevillagrafredes@gmail.com','password123','jorgevillagrafredes@gmail.com','936593461',19,1,1,1,1);
Insert into SOCIALDUOC.USUARIO (ID_USUARIO,RUT,DV,NOMBRE,AP_PATER,AP_MATER,USUARIO,CORREO,CONTRASENIA,CORREO_PERSONAL,TELEFONO,ID_COMU,ID_GEN,ID_ESTADO,ID_TIPO,ID_SEDE) values (2,67890,'9','Mara','Rodrguez','Gomez','maria456','usuario00002@gmail.com','pass456','usuario00001@gmail.com','967058204',2,2,1,3,1);
Insert into SOCIALDUOC.USUARIO (ID_USUARIO,RUT,DV,NOMBRE,AP_PATER,AP_MATER,USUARIO,CORREO,CONTRASENIA,CORREO_PERSONAL,TELEFONO,ID_COMU,ID_GEN,ID_ESTADO,ID_TIPO,ID_SEDE) values (3,20556785,'1','Constanza','Quiroz','Neymar','Neymar456','usuario00003@gmail.com','pass456','usuario00001@gmail.com','967058204',3,2,1,6,13);
Insert into SOCIALDUOC.USUARIO (ID_USUARIO,RUT,DV,NOMBRE,AP_PATER,AP_MATER,USUARIO,CORREO,CONTRASENIA,CORREO_PERSONAL,TELEFONO,ID_COMU,ID_GEN,ID_ESTADO,ID_TIPO,ID_SEDE) values (4,21998756,'5','Alexandra','Araya','Martinez','Martinez456','usuario000011@gmail.com','pass456','usuario00001@gmail.com','967058204',4,2,1,2,1);
Insert into SOCIALDUOC.USUARIO (ID_USUARIO,RUT,DV,NOMBRE,AP_PATER,AP_MATER,USUARIO,CORREO,CONTRASENIA,CORREO_PERSONAL,TELEFONO,ID_COMU,ID_GEN,ID_ESTADO,ID_TIPO,ID_SEDE) values (5,20556891,'3','Benjamin','Iturra','Mbappe','Mbape456','usuario000012@gmail.com','pass456','usuario00001@gmail.com','967058204',5,1,1,2,1);
Insert into SOCIALDUOC.USUARIO (ID_USUARIO,RUT,DV,NOMBRE,AP_PATER,AP_MATER,USUARIO,CORREO,CONTRASENIA,CORREO_PERSONAL,TELEFONO,ID_COMU,ID_GEN,ID_ESTADO,ID_TIPO,ID_SEDE) values (6,20774562,'6','Fernanda','Arismendi','Massu','Massu456','usuario000013@gmail.com','pass456','usuario00001@gmail.com','967058204',6,2,1,2,14);
Insert into SOCIALDUOC.USUARIO (ID_USUARIO,RUT,DV,NOMBRE,AP_PATER,AP_MATER,USUARIO,CORREO,CONTRASENIA,CORREO_PERSONAL,TELEFONO,ID_COMU,ID_GEN,ID_ESTADO,ID_TIPO,ID_SEDE) values (7,20123846,'1','Daniel','Palma','Gonzales','Gonzales123','usuario000014@gmail.com','pass456','usuario00001@gmail.com','967058204',6,1,1,2,1);
Insert into SOCIALDUOC.USUARIO (ID_USUARIO,RUT,DV,NOMBRE,AP_PATER,AP_MATER,USUARIO,CORREO,CONTRASENIA,CORREO_PERSONAL,TELEFONO,ID_COMU,ID_GEN,ID_ESTADO,ID_TIPO,ID_SEDE) values (8,22987153,'1','Felipe','Jara','Isla','isla123','usuario000015@gmail.com','pass456','usuario00001@gmail.com','967058204',6,2,1,2,1);
Insert into SOCIALDUOC.USUARIO (ID_USUARIO,RUT,DV,NOMBRE,AP_PATER,AP_MATER,USUARIO,CORREO,CONTRASENIA,CORREO_PERSONAL,TELEFONO,ID_COMU,ID_GEN,ID_ESTADO,ID_TIPO,ID_SEDE) values (9,20486579,'4','Jesus','Elisarde','Zamorano','zamorano123','usuario000016@gmail.com','pass456','usuario00001@gmail.com','967058204',6,1,1,2,4);
Insert into SOCIALDUOC.USUARIO (ID_USUARIO,RUT,DV,NOMBRE,AP_PATER,AP_MATER,USUARIO,CORREO,CONTRASENIA,CORREO_PERSONAL,TELEFONO,ID_COMU,ID_GEN,ID_ESTADO,ID_TIPO,ID_SEDE) values (10,20112456,'5','Belen','Varga','Fierro','Fierro123','usuario000017@gmail.com','pass456','usuario00001@gmail.com','967058204',7,2,1,2,1);
Insert into SOCIALDUOC.USUARIO (ID_USUARIO,RUT,DV,NOMBRE,AP_PATER,AP_MATER,USUARIO,CORREO,CONTRASENIA,CORREO_PERSONAL,TELEFONO,ID_COMU,ID_GEN,ID_ESTADO,ID_TIPO,ID_SEDE) values (11,20132654,'8','Colomba','Arteaga','Hernande123z','Hernandez','usuario000018@gmail.com','pass456','usuario00001@gmail.com','967058204',8,2,1,2,6);
Insert into SOCIALDUOC.USUARIO (ID_USUARIO,RUT,DV,NOMBRE,AP_PATER,AP_MATER,USUARIO,CORREO,CONTRASENIA,CORREO_PERSONAL,TELEFONO,ID_COMU,ID_GEN,ID_ESTADO,ID_TIPO,ID_SEDE) values (12,20557748,'9','Sofia','Molina','Trejo','Trejo123','usuario000019@gmail.com','pass456','usuario00001@gmail.com','967058204',9,2,1,2,1);
Insert into SOCIALDUOC.USUARIO (ID_USUARIO,RUT,DV,NOMBRE,AP_PATER,AP_MATER,USUARIO,CORREO,CONTRASENIA,CORREO_PERSONAL,TELEFONO,ID_COMU,ID_GEN,ID_ESTADO,ID_TIPO,ID_SEDE) values (13,20456279,'k','Matias','Catalan','Asbum','Asbum123','usuario000101@gmail.com','pass456','usuario00001@gmail.com','967058204',3,1,1,2,4);
Insert into SOCIALDUOC.USUARIO (ID_USUARIO,RUT,DV,NOMBRE,AP_PATER,AP_MATER,USUARIO,CORREO,CONTRASENIA,CORREO_PERSONAL,TELEFONO,ID_COMU,ID_GEN,ID_ESTADO,ID_TIPO,ID_SEDE) values (14,22669441,'k','Martin','Muoz','Carrasco','Carrasco123','usuario000201@gmail.com','pass456','usuario00001@gmail.com','967058204',5,1,1,2,11);
Insert into SOCIALDUOC.USUARIO (ID_USUARIO,RUT,DV,NOMBRE,AP_PATER,AP_MATER,USUARIO,CORREO,CONTRASENIA,CORREO_PERSONAL,TELEFONO,ID_COMU,ID_GEN,ID_ESTADO,ID_TIPO,ID_SEDE) values (15,20112586,'1','Oscar','Perez','Uyoa','Uyoa123','usuario00001@gmail.com','pass456','usuario00001@gmail.com','967058204',6,2,1,2,5);
Insert into SOCIALDUOC.USUARIO (ID_USUARIO,RUT,DV,NOMBRE,AP_PATER,AP_MATER,USUARIO,CORREO,CONTRASENIA,CORREO_PERSONAL,TELEFONO,ID_COMU,ID_GEN,ID_ESTADO,ID_TIPO,ID_SEDE) values (16,19556750,'6','Arantxa','Latin','Norambuena123','Norambuena','usuario000301@gmail.com','pass456','usuario00001@gmail.com','967058204',2,2,1,2,17);
Insert into SOCIALDUOC.USUARIO (ID_USUARIO,RUT,DV,NOMBRE,AP_PATER,AP_MATER,USUARIO,CORREO,CONTRASENIA,CORREO_PERSONAL,TELEFONO,ID_COMU,ID_GEN,ID_ESTADO,ID_TIPO,ID_SEDE) values (17,18798654,'9','Andrea','Bravo','CArvallo123','Carvallo','usuario004001@gmail.com','pass456','usuario00001@gmail.com','967058204',7,2,1,2,1);
Insert into SOCIALDUOC.USUARIO (ID_USUARIO,RUT,DV,NOMBRE,AP_PATER,AP_MATER,USUARIO,CORREO,CONTRASENIA,CORREO_PERSONAL,TELEFONO,ID_COMU,ID_GEN,ID_ESTADO,ID_TIPO,ID_SEDE) values (18,19963741,'3','Eliana','Aranguiz','Rojjas123','Rojas','usuario000501@gmail.com','pass456','usuario00001@gmail.com','967058204',5,2,1,2,1);
Insert into SOCIALDUOC.USUARIO (ID_USUARIO,RUT,DV,NOMBRE,AP_PATER,AP_MATER,USUARIO,CORREO,CONTRASENIA,CORREO_PERSONAL,TELEFONO,ID_COMU,ID_GEN,ID_ESTADO,ID_TIPO,ID_SEDE) values (19,24963741,'7','Rocardo','Fernandes','Mendez123','Mendez','usuario000601@gmail.com','pass456','usuario00001@gmail.com','967058204',5,1,1,2,15);
Insert into SOCIALDUOC.USUARIO (ID_USUARIO,RUT,DV,NOMBRE,AP_PATER,AP_MATER,USUARIO,CORREO,CONTRASENIA,CORREO_PERSONAL,TELEFONO,ID_COMU,ID_GEN,ID_ESTADO,ID_TIPO,ID_SEDE) values (20,21963123,'2','Celeste','Sanchez','Melendez123','Melendez','usuario000701@gmail.com','pass456','usuario00001@gmail.com','967058204',3,2,1,2,4);
Insert into SOCIALDUOC.USUARIO (ID_USUARIO,RUT,DV,NOMBRE,AP_PATER,AP_MATER,USUARIO,CORREO,CONTRASENIA,CORREO_PERSONAL,TELEFONO,ID_COMU,ID_GEN,ID_ESTADO,ID_TIPO,ID_SEDE) values (21,21960456,'4','Cristal','Vidal','Arriegada123','Arriegada','usuario000801@gmail.com','pass456','usuario00001@gmail.com','967058204',1,2,1,5,1);
Insert into SOCIALDUOC.USUARIO (ID_USUARIO,RUT,DV,NOMBRE,AP_PATER,AP_MATER,USUARIO,CORREO,CONTRASENIA,CORREO_PERSONAL,TELEFONO,ID_COMU,ID_GEN,ID_ESTADO,ID_TIPO,ID_SEDE) values (22,20379361,'k','Ithan','Medel','Olea','Olea123','usuario00001@gmail.com','pass456','usuario00001@gmail.com','967058204',1,1,1,5,2);
Insert into SOCIALDUOC.USUARIO (ID_USUARIO,RUT,DV,NOMBRE,AP_PATER,AP_MATER,USUARIO,CORREO,CONTRASENIA,CORREO_PERSONAL,TELEFONO,ID_COMU,ID_GEN,ID_ESTADO,ID_TIPO,ID_SEDE) values (23,18925397,'k','Rosa','Brereton','Valenzuela123','Valenzuela','usuario000901@gmail.com','pass456','usuario00001@gmail.com','967058204',8,2,1,5,1);
Insert into SOCIALDUOC.USUARIO (ID_USUARIO,RUT,DV,NOMBRE,AP_PATER,AP_MATER,USUARIO,CORREO,CONTRASENIA,CORREO_PERSONAL,TELEFONO,ID_COMU,ID_GEN,ID_ESTADO,ID_TIPO,ID_SEDE) values (24,17335759,'5','Luis','Ronaldo','Yenner','Yenner123','usuario010001@gmail.com','pass456','usuario00001@gmail.com','967058204',8,1,1,5,1);
Insert into SOCIALDUOC.USUARIO (ID_USUARIO,RUT,DV,NOMBRE,AP_PATER,AP_MATER,USUARIO,CORREO,CONTRASENIA,CORREO_PERSONAL,TELEFONO,ID_COMU,ID_GEN,ID_ESTADO,ID_TIPO,ID_SEDE) values (25,23985123,'8','Alejandro','Messi','Kardashan','Kardasan123','usuario020001@gmail.com','pass456','usuario00001@gmail.com','967058204',8,2,1,5,6);
Insert into SOCIALDUOC.USUARIO (ID_USUARIO,RUT,DV,NOMBRE,AP_PATER,AP_MATER,USUARIO,CORREO,CONTRASENIA,CORREO_PERSONAL,TELEFONO,ID_COMU,ID_GEN,ID_ESTADO,ID_TIPO,ID_SEDE) values (26,77486513,'1','Duoc','Uc','Santiago','DuocSan','Duoc@gmail.com','Duoc123','usuario00001@gmail.com','967058204',6,2,1,4,2);
Insert into SOCIALDUOC.USUARIO (ID_USUARIO,RUT,DV,NOMBRE,AP_PATER,AP_MATER,USUARIO,CORREO,CONTRASENIA,CORREO_PERSONAL,TELEFONO,ID_COMU,ID_GEN,ID_ESTADO,ID_TIPO,ID_SEDE) values (27,77486513,'1','Duoc','Uc','Arica','DuocAri','Duoc@gmail.com','Duoc123','usuario00001@gmail.com','967058204',1,2,1,4,6);
Insert into SOCIALDUOC.USUARIO (ID_USUARIO,RUT,DV,NOMBRE,AP_PATER,AP_MATER,USUARIO,CORREO,CONTRASENIA,CORREO_PERSONAL,TELEFONO,ID_COMU,ID_GEN,ID_ESTADO,ID_TIPO,ID_SEDE) values (104,20345675,'1','Martin','bmape','ronaldo','be.quirozi','be.quirozi@Socialduoc.cl','123','be.quirozi@gmail.com','987654321',2,1,1,6,7);
Insert into SOCIALDUOC.USUARIO (ID_USUARIO,RUT,DV,NOMBRE,AP_PATER,AP_MATER,USUARIO,CORREO,CONTRASENIA,CORREO_PERSONAL,TELEFONO,ID_COMU,ID_GEN,ID_ESTADO,ID_TIPO,ID_SEDE) values (105,20556750,'k','Dante','cristiano','mesi','elsodaestacion','elsodaestacion@Socialduoc.cl','123','elsodaestacion@gmail.com','987654321',2,1,1,6,7);
Insert into SOCIALDUOC.USUARIO (ID_USUARIO,RUT,DV,NOMBRE,AP_PATER,AP_MATER,USUARIO,CORREO,CONTRASENIA,CORREO_PERSONAL,TELEFONO,ID_COMU,ID_GEN,ID_ESTADO,ID_TIPO,ID_SEDE) values (106,20455596,'8','venus','sanchez','hernan','jottatoo','jottatoo@Socialduoc.cl','123','jottatoo@gmail.com','987654321',2,1,1,6,7);
Insert into SOCIALDUOC.USUARIO (ID_USUARIO,RUT,DV,NOMBRE,AP_PATER,AP_MATER,USUARIO,CORREO,CONTRASENIA,CORREO_PERSONAL,TELEFONO,ID_COMU,ID_GEN,ID_ESTADO,ID_TIPO,ID_SEDE) values (107,21557895,'5','lia','Villaseca','yaez','Jorge.curioso','Jorge.curioso@Socialduoc.cl','123','Jorge.curioso@gmail.com','987654321',2,1,1,6,7);
Insert into SOCIALDUOC.USUARIO (ID_USUARIO,RUT,DV,NOMBRE,AP_PATER,AP_MATER,USUARIO,CORREO,CONTRASENIA,CORREO_PERSONAL,TELEFONO,ID_COMU,ID_GEN,ID_ESTADO,ID_TIPO,ID_SEDE) values (108,20345675,'1','tomas','lopez','rodriguez','be.quirozi','be.quirozi@Socialduoc.cl','123','be.quirozi@gmail.com','987654321',2,1,1,6,7);
Insert into SOCIALDUOC.USUARIO (ID_USUARIO,RUT,DV,NOMBRE,AP_PATER,AP_MATER,USUARIO,CORREO,CONTRASENIA,CORREO_PERSONAL,TELEFONO,ID_COMU,ID_GEN,ID_ESTADO,ID_TIPO,ID_SEDE) values (109,20556750,'k','smitty','molina','cataloan','elsodaestacion','elsodaestacion@Socialduoc.cl','123','elsodaestacion@gmail.com','987654321',2,1,1,6,7);
Insert into SOCIALDUOC.USUARIO (ID_USUARIO,RUT,DV,NOMBRE,AP_PATER,AP_MATER,USUARIO,CORREO,CONTRASENIA,CORREO_PERSONAL,TELEFONO,ID_COMU,ID_GEN,ID_ESTADO,ID_TIPO,ID_SEDE) values (1010,20455596,'8','matias','ortega','ruiz','jottatoo','jottatoo@Socialduoc.cl','123','jottatoo@gmail.com','987654321',2,1,1,6,7);
Insert into SOCIALDUOC.USUARIO (ID_USUARIO,RUT,DV,NOMBRE,AP_PATER,AP_MATER,USUARIO,CORREO,CONTRASENIA,CORREO_PERSONAL,TELEFONO,ID_COMU,ID_GEN,ID_ESTADO,ID_TIPO,ID_SEDE) values (1011,21557895,'5','diego','lantao','arismendo','Jorge.curioso','Jorge.curioso@Socialduoc.cl','123','Jorge.curioso@gmail.com','987654321',2,1,1,6,7);
Insert into SOCIALDUOC.USUARIO (ID_USUARIO,RUT,DV,NOMBRE,AP_PATER,AP_MATER,USUARIO,CORREO,CONTRASENIA,CORREO_PERSONAL,TELEFONO,ID_COMU,ID_GEN,ID_ESTADO,ID_TIPO,ID_SEDE) values (1012,20345675,'1','Mateo','vatgas','elisalde','be.quirozi','be.quirozi@Socialduoc.cl','123','be.quirozi@gmail.com','987654321',2,1,1,6,7);
Insert into SOCIALDUOC.USUARIO (ID_USUARIO,RUT,DV,NOMBRE,AP_PATER,AP_MATER,USUARIO,CORREO,CONTRASENIA,CORREO_PERSONAL,TELEFONO,ID_COMU,ID_GEN,ID_ESTADO,ID_TIPO,ID_SEDE) values (1013,20556750,'k','Ofelia','fernandez','quiroz','elsodaestacion','elsodaestacion@Socialduoc.cl','123','elsodaestacion@gmail.com','987654321',2,1,1,6,7);
Insert into SOCIALDUOC.USUARIO (ID_USUARIO,RUT,DV,NOMBRE,AP_PATER,AP_MATER,USUARIO,CORREO,CONTRASENIA,CORREO_PERSONAL,TELEFONO,ID_COMU,ID_GEN,ID_ESTADO,ID_TIPO,ID_SEDE) values (1014,20455596,'8','Pedro','trejo','contreras','jottatoo','jottatoo@Socialduoc.cl','123','jottatoo@gmail.com','987654321',2,1,1,6,7);
Insert into SOCIALDUOC.USUARIO (ID_USUARIO,RUT,DV,NOMBRE,AP_PATER,AP_MATER,USUARIO,CORREO,CONTRASENIA,CORREO_PERSONAL,TELEFONO,ID_COMU,ID_GEN,ID_ESTADO,ID_TIPO,ID_SEDE) values (1015,21557895,'5','Maximo','Dias','Gonzales','Jorge.curioso','Jorge.curioso@Socialduoc.cl','123','Jorge.curioso@gmail.com','987654321',2,1,1,6,7);
Insert into SOCIALDUOC.USUARIO (ID_USUARIO,RUT,DV,NOMBRE,AP_PATER,AP_MATER,USUARIO,CORREO,CONTRASENIA,CORREO_PERSONAL,TELEFONO,ID_COMU,ID_GEN,ID_ESTADO,ID_TIPO,ID_SEDE) values (1000,10124789,'1','Cristian','Messi','Mbappe','Jorge.curioso','Jorge.curioso@Socialduoc.cl','123','be.quirozi@gmail.com','987654321',2,1,1,5,21);
Insert into SOCIALDUOC.USUARIO (ID_USUARIO,RUT,DV,NOMBRE,AP_PATER,AP_MATER,USUARIO,CORREO,CONTRASENIA,CORREO_PERSONAL,TELEFONO,ID_COMU,ID_GEN,ID_ESTADO,ID_TIPO,ID_SEDE) values (1001,10883912,'1','Maria','Gomez','Perez','Jorge.curioso','Jorge.curioso@Socialduoc.cl','123','elsodaestacion@gmail.com','987654321',2,1,1,5,20);
Insert into SOCIALDUOC.USUARIO (ID_USUARIO,RUT,DV,NOMBRE,AP_PATER,AP_MATER,USUARIO,CORREO,CONTRASENIA,CORREO_PERSONAL,TELEFONO,ID_COMU,ID_GEN,ID_ESTADO,ID_TIPO,ID_SEDE) values (1002,11643035,'2','Juan','Rodriguez','Lopez','Jorge.curioso','Jorge.curioso@Socialduoc.cl','123','jottatoo@gmail.com','987654321',2,1,1,5,19);
Insert into SOCIALDUOC.USUARIO (ID_USUARIO,RUT,DV,NOMBRE,AP_PATER,AP_MATER,USUARIO,CORREO,CONTRASENIA,CORREO_PERSONAL,TELEFONO,ID_COMU,ID_GEN,ID_ESTADO,ID_TIPO,ID_SEDE) values (1003,12402158,'3','Ana','Martinez','Sanchez','Jorge.curioso','Jorge.curioso@Socialduoc.cl','123','Jorge.curioso@gmail.com','987654321',2,1,1,5,18);
Insert into SOCIALDUOC.USUARIO (ID_USUARIO,RUT,DV,NOMBRE,AP_PATER,AP_MATER,USUARIO,CORREO,CONTRASENIA,CORREO_PERSONAL,TELEFONO,ID_COMU,ID_GEN,ID_ESTADO,ID_TIPO,ID_SEDE) values (1004,13161281,'4','Luis','Lopez','Gonzalez','Jorge.curioso','Jorge.curioso@Socialduoc.cl','123','be.quirozi@gmail.com','987654321',2,1,1,5,17);
Insert into SOCIALDUOC.USUARIO (ID_USUARIO,RUT,DV,NOMBRE,AP_PATER,AP_MATER,USUARIO,CORREO,CONTRASENIA,CORREO_PERSONAL,TELEFONO,ID_COMU,ID_GEN,ID_ESTADO,ID_TIPO,ID_SEDE) values (1005,13920404,'5','Carmen','Fernandez','Martinez','Jorge.curioso','Jorge.curioso@Socialduoc.cl','123','elsodaestacion@gmail.com','987654321',2,1,1,5,16);
Insert into SOCIALDUOC.USUARIO (ID_USUARIO,RUT,DV,NOMBRE,AP_PATER,AP_MATER,USUARIO,CORREO,CONTRASENIA,CORREO_PERSONAL,TELEFONO,ID_COMU,ID_GEN,ID_ESTADO,ID_TIPO,ID_SEDE) values (1006,14679527,'6','Pedro','Perez','Rodriguez','Jorge.curioso','Jorge.curioso@Socialduoc.cl','123','jottatoo@gmail.com','987654321',2,1,1,5,15);
Insert into SOCIALDUOC.USUARIO (ID_USUARIO,RUT,DV,NOMBRE,AP_PATER,AP_MATER,USUARIO,CORREO,CONTRASENIA,CORREO_PERSONAL,TELEFONO,ID_COMU,ID_GEN,ID_ESTADO,ID_TIPO,ID_SEDE) values (1007,15438650,'7','Laura','Gonzalez','Lopez','Jorge.curioso','Jorge.curioso@Socialduoc.cl','123','Jorge.curioso@gmail.com','987654321',2,1,1,5,14);
Insert into SOCIALDUOC.USUARIO (ID_USUARIO,RUT,DV,NOMBRE,AP_PATER,AP_MATER,USUARIO,CORREO,CONTRASENIA,CORREO_PERSONAL,TELEFONO,ID_COMU,ID_GEN,ID_ESTADO,ID_TIPO,ID_SEDE) values (1008,16197773,'8','Javier','Sanchez','Garcia','Jorge.curioso','Jorge.curioso@Socialduoc.cl','123','be.quirozi@gmail.com','987654321',2,1,1,5,13);
Insert into SOCIALDUOC.USUARIO (ID_USUARIO,RUT,DV,NOMBRE,AP_PATER,AP_MATER,USUARIO,CORREO,CONTRASENIA,CORREO_PERSONAL,TELEFONO,ID_COMU,ID_GEN,ID_ESTADO,ID_TIPO,ID_SEDE) values (1009,16956896,'9','Rosa','Perez','Martinez','Jorge.curioso','Jorge.curioso@Socialduoc.cl','123','Jorge.curioso@gmail.com','987654321',2,1,1,5,12);
Insert into SOCIALDUOC.USUARIO (ID_USUARIO,RUT,DV,NOMBRE,AP_PATER,AP_MATER,USUARIO,CORREO,CONTRASENIA,CORREO_PERSONAL,TELEFONO,ID_COMU,ID_GEN,ID_ESTADO,ID_TIPO,ID_SEDE) values (1016,22270757,'6','Carlos','Perez','Garcia','Jorge.curioso','Jorge.curioso@Socialduoc.cl','123','Jorge.curioso@gmail.com','987654321',2,1,1,5,4);
REM INSERTING into SOCIALDUOC.USUARIO_CHAT
SET DEFINE OFF;
Insert into SOCIALDUOC.USUARIO_CHAT (ID_CHAT,ID_USUARIO,ID_USUARIO2) values (225,1,6);
Insert into SOCIALDUOC.USUARIO_CHAT (ID_CHAT,ID_USUARIO,ID_USUARIO2) values (226,3,1);
Insert into SOCIALDUOC.USUARIO_CHAT (ID_CHAT,ID_USUARIO,ID_USUARIO2) values (224,6,1);
Insert into SOCIALDUOC.USUARIO_CHAT (ID_CHAT,ID_USUARIO,ID_USUARIO2) values (227,1,3);
Insert into SOCIALDUOC.USUARIO_CHAT (ID_CHAT,ID_USUARIO,ID_USUARIO2) values (229,1,1);
Insert into SOCIALDUOC.USUARIO_CHAT (ID_CHAT,ID_USUARIO,ID_USUARIO2) values (212,2,1);
Insert into SOCIALDUOC.USUARIO_CHAT (ID_CHAT,ID_USUARIO,ID_USUARIO2) values (213,1,2);
Insert into SOCIALDUOC.USUARIO_CHAT (ID_CHAT,ID_USUARIO,ID_USUARIO2) values (228,1,1);
Insert into SOCIALDUOC.USUARIO_CHAT (ID_CHAT,ID_USUARIO,ID_USUARIO2) values (214,4,1);
Insert into SOCIALDUOC.USUARIO_CHAT (ID_CHAT,ID_USUARIO,ID_USUARIO2) values (215,1,4);
--------------------------------------------------------
--  DDL for Index ADMIN_PK
--------------------------------------------------------

  CREATE UNIQUE INDEX "SOCIALDUOC"."ADMIN_PK" ON "SOCIALDUOC"."MY_ADMIN" ("ID_ADMIN") 
  PCTFREE 10 INITRANS 2 MAXTRANS 255 COMPUTE STATISTICS 
  STORAGE(INITIAL 65536 NEXT 1048576 MINEXTENTS 1 MAXEXTENTS 2147483645
  PCTINCREASE 0 FREELISTS 1 FREELIST GROUPS 1
  BUFFER_POOL DEFAULT FLASH_CACHE DEFAULT CELL_FLASH_CACHE DEFAULT)
  TABLESPACE "USERS" ;
--------------------------------------------------------
--  DDL for Index ALUMNO_PK
--------------------------------------------------------

  CREATE UNIQUE INDEX "SOCIALDUOC"."ALUMNO_PK" ON "SOCIALDUOC"."ALUMNO" ("ID_USUARIO") 
  PCTFREE 10 INITRANS 2 MAXTRANS 255 COMPUTE STATISTICS 
  STORAGE(INITIAL 65536 NEXT 1048576 MINEXTENTS 1 MAXEXTENTS 2147483645
  PCTINCREASE 0 FREELISTS 1 FREELIST GROUPS 1
  BUFFER_POOL DEFAULT FLASH_CACHE DEFAULT CELL_FLASH_CACHE DEFAULT)
  TABLESPACE "USERS" ;
--------------------------------------------------------
--  DDL for Index AMIGO_PK
--------------------------------------------------------

  CREATE UNIQUE INDEX "SOCIALDUOC"."AMIGO_PK" ON "SOCIALDUOC"."AMIGO" ("ID_AMISTAD") 
  PCTFREE 10 INITRANS 2 MAXTRANS 255 COMPUTE STATISTICS 
  STORAGE(INITIAL 65536 NEXT 1048576 MINEXTENTS 1 MAXEXTENTS 2147483645
  PCTINCREASE 0 FREELISTS 1 FREELIST GROUPS 1
  BUFFER_POOL DEFAULT FLASH_CACHE DEFAULT CELL_FLASH_CACHE DEFAULT)
  TABLESPACE "USERS" ;
--------------------------------------------------------
--  DDL for Index AUTH_GROUP_GROUP_ID_B120CBF9
--------------------------------------------------------

  CREATE INDEX "SOCIALDUOC"."AUTH_GROUP_GROUP_ID_B120CBF9" ON "SOCIALDUOC"."AUTH_GROUP_PERMISSIONS" ("GROUP_ID") 
  PCTFREE 10 INITRANS 2 MAXTRANS 255 COMPUTE STATISTICS 
  TABLESPACE "USERS" ;
--------------------------------------------------------
--  DDL for Index AUTH_GROUP_PERMISSION_84C5C92E
--------------------------------------------------------

  CREATE INDEX "SOCIALDUOC"."AUTH_GROUP_PERMISSION_84C5C92E" ON "SOCIALDUOC"."AUTH_GROUP_PERMISSIONS" ("PERMISSION_ID") 
  PCTFREE 10 INITRANS 2 MAXTRANS 255 COMPUTE STATISTICS 
  TABLESPACE "USERS" ;
--------------------------------------------------------
--  DDL for Index AUTH_GROU_GROUP_ID__0CD325B0_U
--------------------------------------------------------

  CREATE UNIQUE INDEX "SOCIALDUOC"."AUTH_GROU_GROUP_ID__0CD325B0_U" ON "SOCIALDUOC"."AUTH_GROUP_PERMISSIONS" ("GROUP_ID", "PERMISSION_ID") 
  PCTFREE 10 INITRANS 2 MAXTRANS 255 COMPUTE STATISTICS 
  TABLESPACE "USERS" ;
--------------------------------------------------------
--  DDL for Index AUTH_PERMI_CONTENT_TY_2F476E4B
--------------------------------------------------------

  CREATE INDEX "SOCIALDUOC"."AUTH_PERMI_CONTENT_TY_2F476E4B" ON "SOCIALDUOC"."AUTH_PERMISSION" ("CONTENT_TYPE_ID") 
  PCTFREE 10 INITRANS 2 MAXTRANS 255 COMPUTE STATISTICS 
  STORAGE(INITIAL 65536 NEXT 1048576 MINEXTENTS 1 MAXEXTENTS 2147483645
  PCTINCREASE 0 FREELISTS 1 FREELIST GROUPS 1
  BUFFER_POOL DEFAULT FLASH_CACHE DEFAULT CELL_FLASH_CACHE DEFAULT)
  TABLESPACE "USERS" ;
--------------------------------------------------------
--  DDL for Index AUTH_PERM_CONTENT_T_01AB375A_U
--------------------------------------------------------

  CREATE UNIQUE INDEX "SOCIALDUOC"."AUTH_PERM_CONTENT_T_01AB375A_U" ON "SOCIALDUOC"."AUTH_PERMISSION" ("CONTENT_TYPE_ID", "CODENAME") 
  PCTFREE 10 INITRANS 2 MAXTRANS 255 COMPUTE STATISTICS 
  STORAGE(INITIAL 65536 NEXT 1048576 MINEXTENTS 1 MAXEXTENTS 2147483645
  PCTINCREASE 0 FREELISTS 1 FREELIST GROUPS 1
  BUFFER_POOL DEFAULT FLASH_CACHE DEFAULT CELL_FLASH_CACHE DEFAULT)
  TABLESPACE "USERS" ;
--------------------------------------------------------
--  DDL for Index AUTH_USER_USER_ID_G_94350C0C_U
--------------------------------------------------------

  CREATE UNIQUE INDEX "SOCIALDUOC"."AUTH_USER_USER_ID_G_94350C0C_U" ON "SOCIALDUOC"."AUTH_USER_GROUPS" ("USER_ID", "GROUP_ID") 
  PCTFREE 10 INITRANS 2 MAXTRANS 255 COMPUTE STATISTICS 
  TABLESPACE "USERS" ;
--------------------------------------------------------
--  DDL for Index AUTH_USER_USER_ID_P_14A6B632_U
--------------------------------------------------------

  CREATE UNIQUE INDEX "SOCIALDUOC"."AUTH_USER_USER_ID_P_14A6B632_U" ON "SOCIALDUOC"."AUTH_USER_USER_PERMISSIONS" ("USER_ID", "PERMISSION_ID") 
  PCTFREE 10 INITRANS 2 MAXTRANS 255 COMPUTE STATISTICS 
  TABLESPACE "USERS" ;
--------------------------------------------------------
--  DDL for Index AUTH_USER__GROUP_ID_97559544
--------------------------------------------------------

  CREATE INDEX "SOCIALDUOC"."AUTH_USER__GROUP_ID_97559544" ON "SOCIALDUOC"."AUTH_USER_GROUPS" ("GROUP_ID") 
  PCTFREE 10 INITRANS 2 MAXTRANS 255 COMPUTE STATISTICS 
  TABLESPACE "USERS" ;
--------------------------------------------------------
--  DDL for Index AUTH_USER__PERMISSION_1FBB5F2C
--------------------------------------------------------

  CREATE INDEX "SOCIALDUOC"."AUTH_USER__PERMISSION_1FBB5F2C" ON "SOCIALDUOC"."AUTH_USER_USER_PERMISSIONS" ("PERMISSION_ID") 
  PCTFREE 10 INITRANS 2 MAXTRANS 255 COMPUTE STATISTICS 
  TABLESPACE "USERS" ;
--------------------------------------------------------
--  DDL for Index AUTH_USER__USER_ID_6A12ED8B
--------------------------------------------------------

  CREATE INDEX "SOCIALDUOC"."AUTH_USER__USER_ID_6A12ED8B" ON "SOCIALDUOC"."AUTH_USER_GROUPS" ("USER_ID") 
  PCTFREE 10 INITRANS 2 MAXTRANS 255 COMPUTE STATISTICS 
  TABLESPACE "USERS" ;
--------------------------------------------------------
--  DDL for Index AUTH_USER__USER_ID_A95EAD1B
--------------------------------------------------------

  CREATE INDEX "SOCIALDUOC"."AUTH_USER__USER_ID_A95EAD1B" ON "SOCIALDUOC"."AUTH_USER_USER_PERMISSIONS" ("USER_ID") 
  PCTFREE 10 INITRANS 2 MAXTRANS 255 COMPUTE STATISTICS 
  TABLESPACE "USERS" ;
--------------------------------------------------------
--  DDL for Index CARRERA_PK
--------------------------------------------------------

  CREATE UNIQUE INDEX "SOCIALDUOC"."CARRERA_PK" ON "SOCIALDUOC"."CARRERA" ("ID_CARRERA") 
  PCTFREE 10 INITRANS 2 MAXTRANS 255 COMPUTE STATISTICS 
  STORAGE(INITIAL 65536 NEXT 1048576 MINEXTENTS 1 MAXEXTENTS 2147483645
  PCTINCREASE 0 FREELISTS 1 FREELIST GROUPS 1
  BUFFER_POOL DEFAULT FLASH_CACHE DEFAULT CELL_FLASH_CACHE DEFAULT)
  TABLESPACE "USERS" ;
--------------------------------------------------------
--  DDL for Index CHAT_PK
--------------------------------------------------------

  CREATE UNIQUE INDEX "SOCIALDUOC"."CHAT_PK" ON "SOCIALDUOC"."MENSAJE" ("ID_MENSAJE") 
  PCTFREE 10 INITRANS 2 MAXTRANS 255 COMPUTE STATISTICS 
  STORAGE(INITIAL 65536 NEXT 1048576 MINEXTENTS 1 MAXEXTENTS 2147483645
  PCTINCREASE 0 FREELISTS 1 FREELIST GROUPS 1
  BUFFER_POOL DEFAULT FLASH_CACHE DEFAULT CELL_FLASH_CACHE DEFAULT)
  TABLESPACE "USERS" ;
--------------------------------------------------------
--  DDL for Index COMENTARIO_PK
--------------------------------------------------------

  CREATE UNIQUE INDEX "SOCIALDUOC"."COMENTARIO_PK" ON "SOCIALDUOC"."COMENTARIO" ("ID_COMENT") 
  PCTFREE 10 INITRANS 2 MAXTRANS 255 COMPUTE STATISTICS 
  STORAGE(INITIAL 65536 NEXT 1048576 MINEXTENTS 1 MAXEXTENTS 2147483645
  PCTINCREASE 0 FREELISTS 1 FREELIST GROUPS 1
  BUFFER_POOL DEFAULT FLASH_CACHE DEFAULT CELL_FLASH_CACHE DEFAULT)
  TABLESPACE "USERS" ;
--------------------------------------------------------
--  DDL for Index COMUNA_PK
--------------------------------------------------------

  CREATE UNIQUE INDEX "SOCIALDUOC"."COMUNA_PK" ON "SOCIALDUOC"."COMUNA" ("ID_COMU") 
  PCTFREE 10 INITRANS 2 MAXTRANS 255 COMPUTE STATISTICS 
  STORAGE(INITIAL 65536 NEXT 1048576 MINEXTENTS 1 MAXEXTENTS 2147483645
  PCTINCREASE 0 FREELISTS 1 FREELIST GROUPS 1
  BUFFER_POOL DEFAULT FLASH_CACHE DEFAULT CELL_FLASH_CACHE DEFAULT)
  TABLESPACE "USERS" ;
--------------------------------------------------------
--  DDL for Index COORDINADOR_PK
--------------------------------------------------------

  CREATE UNIQUE INDEX "SOCIALDUOC"."COORDINADOR_PK" ON "SOCIALDUOC"."COORDINADOR" ("ID_USUARIO") 
  PCTFREE 10 INITRANS 2 MAXTRANS 255 COMPUTE STATISTICS 
  STORAGE(INITIAL 65536 NEXT 1048576 MINEXTENTS 1 MAXEXTENTS 2147483645
  PCTINCREASE 0 FREELISTS 1 FREELIST GROUPS 1
  BUFFER_POOL DEFAULT FLASH_CACHE DEFAULT CELL_FLASH_CACHE DEFAULT)
  TABLESPACE "USERS" ;
--------------------------------------------------------
--  DDL for Index DIRECTOR_PK
--------------------------------------------------------

  CREATE UNIQUE INDEX "SOCIALDUOC"."DIRECTOR_PK" ON "SOCIALDUOC"."DIRECTOR" ("ID_USUARIO") 
  PCTFREE 10 INITRANS 2 MAXTRANS 255 COMPUTE STATISTICS 
  STORAGE(INITIAL 65536 NEXT 1048576 MINEXTENTS 1 MAXEXTENTS 2147483645
  PCTINCREASE 0 FREELISTS 1 FREELIST GROUPS 1
  BUFFER_POOL DEFAULT FLASH_CACHE DEFAULT CELL_FLASH_CACHE DEFAULT)
  TABLESPACE "USERS" ;
--------------------------------------------------------
--  DDL for Index DJANGO_ADM_CONTENT_TY_C4BCE8EB
--------------------------------------------------------

  CREATE INDEX "SOCIALDUOC"."DJANGO_ADM_CONTENT_TY_C4BCE8EB" ON "SOCIALDUOC"."DJANGO_ADMIN_LOG" ("CONTENT_TYPE_ID") 
  PCTFREE 10 INITRANS 2 MAXTRANS 255 COMPUTE STATISTICS 
  STORAGE(INITIAL 65536 NEXT 1048576 MINEXTENTS 1 MAXEXTENTS 2147483645
  PCTINCREASE 0 FREELISTS 1 FREELIST GROUPS 1
  BUFFER_POOL DEFAULT FLASH_CACHE DEFAULT CELL_FLASH_CACHE DEFAULT)
  TABLESPACE "USERS" ;
--------------------------------------------------------
--  DDL for Index DJANGO_ADM_USER_ID_C564EBA6
--------------------------------------------------------

  CREATE INDEX "SOCIALDUOC"."DJANGO_ADM_USER_ID_C564EBA6" ON "SOCIALDUOC"."DJANGO_ADMIN_LOG" ("USER_ID") 
  PCTFREE 10 INITRANS 2 MAXTRANS 255 COMPUTE STATISTICS 
  STORAGE(INITIAL 65536 NEXT 1048576 MINEXTENTS 1 MAXEXTENTS 2147483645
  PCTINCREASE 0 FREELISTS 1 FREELIST GROUPS 1
  BUFFER_POOL DEFAULT FLASH_CACHE DEFAULT CELL_FLASH_CACHE DEFAULT)
  TABLESPACE "USERS" ;
--------------------------------------------------------
--  DDL for Index DJANGO_CO_APP_LABEL_76BD3D3B_U
--------------------------------------------------------

  CREATE UNIQUE INDEX "SOCIALDUOC"."DJANGO_CO_APP_LABEL_76BD3D3B_U" ON "SOCIALDUOC"."DJANGO_CONTENT_TYPE" ("APP_LABEL", "MODEL") 
  PCTFREE 10 INITRANS 2 MAXTRANS 255 COMPUTE STATISTICS 
  STORAGE(INITIAL 65536 NEXT 1048576 MINEXTENTS 1 MAXEXTENTS 2147483645
  PCTINCREASE 0 FREELISTS 1 FREELIST GROUPS 1
  BUFFER_POOL DEFAULT FLASH_CACHE DEFAULT CELL_FLASH_CACHE DEFAULT)
  TABLESPACE "USERS" ;
--------------------------------------------------------
--  DDL for Index DJANGO_SES_EXPIRE_DAT_A5C62663
--------------------------------------------------------

  CREATE INDEX "SOCIALDUOC"."DJANGO_SES_EXPIRE_DAT_A5C62663" ON "SOCIALDUOC"."DJANGO_SESSION" ("EXPIRE_DATE") 
  PCTFREE 10 INITRANS 2 MAXTRANS 255 COMPUTE STATISTICS 
  STORAGE(INITIAL 65536 NEXT 1048576 MINEXTENTS 1 MAXEXTENTS 2147483645
  PCTINCREASE 0 FREELISTS 1 FREELIST GROUPS 1
  BUFFER_POOL DEFAULT FLASH_CACHE DEFAULT CELL_FLASH_CACHE DEFAULT)
  TABLESPACE "USERS" ;
--------------------------------------------------------
--  DDL for Index DOCENTE_PK
--------------------------------------------------------

  CREATE UNIQUE INDEX "SOCIALDUOC"."DOCENTE_PK" ON "SOCIALDUOC"."DOCENTE" ("ID_USUARIO") 
  PCTFREE 10 INITRANS 2 MAXTRANS 255 COMPUTE STATISTICS 
  STORAGE(INITIAL 65536 NEXT 1048576 MINEXTENTS 1 MAXEXTENTS 2147483645
  PCTINCREASE 0 FREELISTS 1 FREELIST GROUPS 1
  BUFFER_POOL DEFAULT FLASH_CACHE DEFAULT CELL_FLASH_CACHE DEFAULT)
  TABLESPACE "USERS" ;
--------------------------------------------------------
--  DDL for Index ENCUESTA_PK
--------------------------------------------------------

  CREATE UNIQUE INDEX "SOCIALDUOC"."ENCUESTA_PK" ON "SOCIALDUOC"."ENCUESTA" ("ID_ENCU") 
  PCTFREE 10 INITRANS 2 MAXTRANS 255 COMPUTE STATISTICS 
  STORAGE(INITIAL 65536 NEXT 1048576 MINEXTENTS 1 MAXEXTENTS 2147483645
  PCTINCREASE 0 FREELISTS 1 FREELIST GROUPS 1
  BUFFER_POOL DEFAULT FLASH_CACHE DEFAULT CELL_FLASH_CACHE DEFAULT)
  TABLESPACE "USERS" ;
--------------------------------------------------------
--  DDL for Index ESTADO_PERFIL_PK
--------------------------------------------------------

  CREATE UNIQUE INDEX "SOCIALDUOC"."ESTADO_PERFIL_PK" ON "SOCIALDUOC"."ESTADO_PERFIL" ("ID_ESTADO") 
  PCTFREE 10 INITRANS 2 MAXTRANS 255 COMPUTE STATISTICS 
  STORAGE(INITIAL 65536 NEXT 1048576 MINEXTENTS 1 MAXEXTENTS 2147483645
  PCTINCREASE 0 FREELISTS 1 FREELIST GROUPS 1
  BUFFER_POOL DEFAULT FLASH_CACHE DEFAULT CELL_FLASH_CACHE DEFAULT)
  TABLESPACE "USERS" ;
--------------------------------------------------------
--  DDL for Index EVENTO_AGENDADO_PK
--------------------------------------------------------

  CREATE UNIQUE INDEX "SOCIALDUOC"."EVENTO_AGENDADO_PK" ON "SOCIALDUOC"."EVENTO_AGENDADO" ("ID_EVENTO") 
  PCTFREE 10 INITRANS 2 MAXTRANS 255 COMPUTE STATISTICS 
  STORAGE(INITIAL 65536 NEXT 1048576 MINEXTENTS 1 MAXEXTENTS 2147483645
  PCTINCREASE 0 FREELISTS 1 FREELIST GROUPS 1
  BUFFER_POOL DEFAULT FLASH_CACHE DEFAULT CELL_FLASH_CACHE DEFAULT)
  TABLESPACE "USERS" ;
--------------------------------------------------------
--  DDL for Index FCM_DJANGO_DEVICE_ID_A9406C36
--------------------------------------------------------

  CREATE INDEX "SOCIALDUOC"."FCM_DJANGO_DEVICE_ID_A9406C36" ON "SOCIALDUOC"."FCM_DJANGO_FCMDEVICE" ("DEVICE_ID") 
  PCTFREE 10 INITRANS 2 MAXTRANS 255 COMPUTE STATISTICS 
  STORAGE(INITIAL 65536 NEXT 1048576 MINEXTENTS 1 MAXEXTENTS 2147483645
  PCTINCREASE 0 FREELISTS 1 FREELIST GROUPS 1
  BUFFER_POOL DEFAULT FLASH_CACHE DEFAULT CELL_FLASH_CACHE DEFAULT)
  TABLESPACE "USERS" ;
--------------------------------------------------------
--  DDL for Index FCM_DJANGO_USER_ID_6CDFC0A2
--------------------------------------------------------

  CREATE INDEX "SOCIALDUOC"."FCM_DJANGO_USER_ID_6CDFC0A2" ON "SOCIALDUOC"."FCM_DJANGO_FCMDEVICE" ("USER_ID") 
  PCTFREE 10 INITRANS 2 MAXTRANS 255 COMPUTE STATISTICS 
  STORAGE(INITIAL 65536 NEXT 1048576 MINEXTENTS 1 MAXEXTENTS 2147483645
  PCTINCREASE 0 FREELISTS 1 FREELIST GROUPS 1
  BUFFER_POOL DEFAULT FLASH_CACHE DEFAULT CELL_FLASH_CACHE DEFAULT)
  TABLESPACE "USERS" ;
--------------------------------------------------------
--  DDL for Index GENERO_PK
--------------------------------------------------------

  CREATE UNIQUE INDEX "SOCIALDUOC"."GENERO_PK" ON "SOCIALDUOC"."GENERO" ("ID_GEN") 
  PCTFREE 10 INITRANS 2 MAXTRANS 255 COMPUTE STATISTICS 
  STORAGE(INITIAL 65536 NEXT 1048576 MINEXTENTS 1 MAXEXTENTS 2147483645
  PCTINCREASE 0 FREELISTS 1 FREELIST GROUPS 1
  BUFFER_POOL DEFAULT FLASH_CACHE DEFAULT CELL_FLASH_CACHE DEFAULT)
  TABLESPACE "USERS" ;
--------------------------------------------------------
--  DDL for Index INSTUTUCION_PK
--------------------------------------------------------

  CREATE UNIQUE INDEX "SOCIALDUOC"."INSTUTUCION_PK" ON "SOCIALDUOC"."INSTITUCION" ("USUARIO_ID_USUARIO") 
  PCTFREE 10 INITRANS 2 MAXTRANS 255 COMPUTE STATISTICS 
  STORAGE(INITIAL 65536 NEXT 1048576 MINEXTENTS 1 MAXEXTENTS 2147483645
  PCTINCREASE 0 FREELISTS 1 FREELIST GROUPS 1
  BUFFER_POOL DEFAULT FLASH_CACHE DEFAULT CELL_FLASH_CACHE DEFAULT)
  TABLESPACE "USERS" ;
--------------------------------------------------------
--  DDL for Index LIKE_PK
--------------------------------------------------------

  CREATE UNIQUE INDEX "SOCIALDUOC"."LIKE_PK" ON "SOCIALDUOC"."ME_GUSTA" ("ID_ME_GUSTA") 
  PCTFREE 10 INITRANS 2 MAXTRANS 255 COMPUTE STATISTICS 
  STORAGE(INITIAL 65536 NEXT 1048576 MINEXTENTS 1 MAXEXTENTS 2147483645
  PCTINCREASE 0 FREELISTS 1 FREELIST GROUPS 1
  BUFFER_POOL DEFAULT FLASH_CACHE DEFAULT CELL_FLASH_CACHE DEFAULT)
  TABLESPACE "USERS" ;
--------------------------------------------------------
--  DDL for Index PARTICIPANTES_PK
--------------------------------------------------------

  CREATE UNIQUE INDEX "SOCIALDUOC"."PARTICIPANTES_PK" ON "SOCIALDUOC"."PARTICIPANTES" ("ID_PARTI") 
  PCTFREE 10 INITRANS 2 MAXTRANS 255 COMPUTE STATISTICS 
  STORAGE(INITIAL 65536 NEXT 1048576 MINEXTENTS 1 MAXEXTENTS 2147483645
  PCTINCREASE 0 FREELISTS 1 FREELIST GROUPS 1
  BUFFER_POOL DEFAULT FLASH_CACHE DEFAULT CELL_FLASH_CACHE DEFAULT)
  TABLESPACE "USERS" ;
--------------------------------------------------------
--  DDL for Index PUBLICACION_PK
--------------------------------------------------------

  CREATE UNIQUE INDEX "SOCIALDUOC"."PUBLICACION_PK" ON "SOCIALDUOC"."PUBLICACION" ("ID_PUBLI") 
  PCTFREE 10 INITRANS 2 MAXTRANS 255 COMPUTE STATISTICS 
  STORAGE(INITIAL 65536 NEXT 1048576 MINEXTENTS 1 MAXEXTENTS 2147483645
  PCTINCREASE 0 FREELISTS 1 FREELIST GROUPS 1
  BUFFER_POOL DEFAULT FLASH_CACHE DEFAULT CELL_FLASH_CACHE DEFAULT)
  TABLESPACE "USERS" ;
--------------------------------------------------------
--  DDL for Index RAMO_DOC_PK
--------------------------------------------------------

  CREATE UNIQUE INDEX "SOCIALDUOC"."RAMO_DOC_PK" ON "SOCIALDUOC"."RAMO_DOC" ("DOCENTE_ID_USUARIO") 
  PCTFREE 10 INITRANS 2 MAXTRANS 255 COMPUTE STATISTICS 
  STORAGE(INITIAL 65536 NEXT 1048576 MINEXTENTS 1 MAXEXTENTS 2147483645
  PCTINCREASE 0 FREELISTS 1 FREELIST GROUPS 1
  BUFFER_POOL DEFAULT FLASH_CACHE DEFAULT CELL_FLASH_CACHE DEFAULT)
  TABLESPACE "USERS" ;
--------------------------------------------------------
--  DDL for Index RAMO_PK
--------------------------------------------------------

  CREATE UNIQUE INDEX "SOCIALDUOC"."RAMO_PK" ON "SOCIALDUOC"."RAMO" ("ID_RAMO") 
  PCTFREE 10 INITRANS 2 MAXTRANS 255 COMPUTE STATISTICS 
  STORAGE(INITIAL 65536 NEXT 1048576 MINEXTENTS 1 MAXEXTENTS 2147483645
  PCTINCREASE 0 FREELISTS 1 FREELIST GROUPS 1
  BUFFER_POOL DEFAULT FLASH_CACHE DEFAULT CELL_FLASH_CACHE DEFAULT)
  TABLESPACE "USERS" ;
--------------------------------------------------------
--  DDL for Index REGION_PK
--------------------------------------------------------

  CREATE UNIQUE INDEX "SOCIALDUOC"."REGION_PK" ON "SOCIALDUOC"."REGION" ("ID_REGION") 
  PCTFREE 10 INITRANS 2 MAXTRANS 255 COMPUTE STATISTICS 
  STORAGE(INITIAL 65536 NEXT 1048576 MINEXTENTS 1 MAXEXTENTS 2147483645
  PCTINCREASE 0 FREELISTS 1 FREELIST GROUPS 1
  BUFFER_POOL DEFAULT FLASH_CACHE DEFAULT CELL_FLASH_CACHE DEFAULT)
  TABLESPACE "USERS" ;
--------------------------------------------------------
--  DDL for Index RESP_EVENT_PK
--------------------------------------------------------

  CREATE UNIQUE INDEX "SOCIALDUOC"."RESP_EVENT_PK" ON "SOCIALDUOC"."RESP_ENCUE" ("ID_RESP") 
  PCTFREE 10 INITRANS 2 MAXTRANS 255 COMPUTE STATISTICS 
  STORAGE(INITIAL 65536 NEXT 1048576 MINEXTENTS 1 MAXEXTENTS 2147483645
  PCTINCREASE 0 FREELISTS 1 FREELIST GROUPS 1
  BUFFER_POOL DEFAULT FLASH_CACHE DEFAULT CELL_FLASH_CACHE DEFAULT)
  TABLESPACE "USERS" ;
--------------------------------------------------------
--  DDL for Index SECCION_ALU_DOC_PK
--------------------------------------------------------

  CREATE UNIQUE INDEX "SOCIALDUOC"."SECCION_ALU_DOC_PK" ON "SOCIALDUOC"."SECCION_ALU_DOC" ("SECCION_ID_SECC") 
  PCTFREE 10 INITRANS 2 MAXTRANS 255 COMPUTE STATISTICS 
  STORAGE(INITIAL 65536 NEXT 1048576 MINEXTENTS 1 MAXEXTENTS 2147483645
  PCTINCREASE 0 FREELISTS 1 FREELIST GROUPS 1
  BUFFER_POOL DEFAULT FLASH_CACHE DEFAULT CELL_FLASH_CACHE DEFAULT)
  TABLESPACE "USERS" ;
--------------------------------------------------------
--  DDL for Index SECCION_PK
--------------------------------------------------------

  CREATE UNIQUE INDEX "SOCIALDUOC"."SECCION_PK" ON "SOCIALDUOC"."SECCION" ("ID_SECC") 
  PCTFREE 10 INITRANS 2 MAXTRANS 255 COMPUTE STATISTICS 
  STORAGE(INITIAL 65536 NEXT 1048576 MINEXTENTS 1 MAXEXTENTS 2147483645
  PCTINCREASE 0 FREELISTS 1 FREELIST GROUPS 1
  BUFFER_POOL DEFAULT FLASH_CACHE DEFAULT CELL_FLASH_CACHE DEFAULT)
  TABLESPACE "USERS" ;
--------------------------------------------------------
--  DDL for Index SEDE_PK
--------------------------------------------------------

  CREATE UNIQUE INDEX "SOCIALDUOC"."SEDE_PK" ON "SOCIALDUOC"."SEDE" ("ID_SEDE") 
  PCTFREE 10 INITRANS 2 MAXTRANS 255 COMPUTE STATISTICS 
  STORAGE(INITIAL 65536 NEXT 1048576 MINEXTENTS 1 MAXEXTENTS 2147483645
  PCTINCREASE 0 FREELISTS 1 FREELIST GROUPS 1
  BUFFER_POOL DEFAULT FLASH_CACHE DEFAULT CELL_FLASH_CACHE DEFAULT)
  TABLESPACE "USERS" ;
--------------------------------------------------------
--  DDL for Index SOCIALDUOC_CHATROOM_I_7386AFE1
--------------------------------------------------------

  CREATE INDEX "SOCIALDUOC"."SOCIALDUOC_CHATROOM_I_7386AFE1" ON "SOCIALDUOC"."SOCIALDUOC_CHATROOM_USERS" ("CHATROOM_ID") 
  PCTFREE 10 INITRANS 2 MAXTRANS 255 COMPUTE STATISTICS 
  STORAGE(INITIAL 65536 NEXT 1048576 MINEXTENTS 1 MAXEXTENTS 2147483645
  PCTINCREASE 0 FREELISTS 1 FREELIST GROUPS 1
  BUFFER_POOL DEFAULT FLASH_CACHE DEFAULT CELL_FLASH_CACHE DEFAULT)
  TABLESPACE "USERS" ;
--------------------------------------------------------
--  DDL for Index SOCIALDUOC_ROOM_ID_E984EE27
--------------------------------------------------------

  CREATE INDEX "SOCIALDUOC"."SOCIALDUOC_ROOM_ID_E984EE27" ON "SOCIALDUOC"."SOCIALDUOC_ROOMCHATMESSAGE" ("ROOM_ID") 
  PCTFREE 10 INITRANS 2 MAXTRANS 255 COMPUTE STATISTICS 
  TABLESPACE "USERS" ;
--------------------------------------------------------
--  DDL for Index SOCIALDUOC_USER_ID_1B0B8A8C
--------------------------------------------------------

  CREATE INDEX "SOCIALDUOC"."SOCIALDUOC_USER_ID_1B0B8A8C" ON "SOCIALDUOC"."SOCIALDUOC_CHATROOM_USERS" ("USER_ID") 
  PCTFREE 10 INITRANS 2 MAXTRANS 255 COMPUTE STATISTICS 
  STORAGE(INITIAL 65536 NEXT 1048576 MINEXTENTS 1 MAXEXTENTS 2147483645
  PCTINCREASE 0 FREELISTS 1 FREELIST GROUPS 1
  BUFFER_POOL DEFAULT FLASH_CACHE DEFAULT CELL_FLASH_CACHE DEFAULT)
  TABLESPACE "USERS" ;
--------------------------------------------------------
--  DDL for Index SOCIALDUOC_USER_ID_3432D827
--------------------------------------------------------

  CREATE INDEX "SOCIALDUOC"."SOCIALDUOC_USER_ID_3432D827" ON "SOCIALDUOC"."SOCIALDUOC_ROOMCHATMESSAGE" ("USER_ID") 
  PCTFREE 10 INITRANS 2 MAXTRANS 255 COMPUTE STATISTICS 
  TABLESPACE "USERS" ;
--------------------------------------------------------
--  DDL for Index SOCIALDUO_CHATROOM__ED2B8795_U
--------------------------------------------------------

  CREATE UNIQUE INDEX "SOCIALDUOC"."SOCIALDUO_CHATROOM__ED2B8795_U" ON "SOCIALDUOC"."SOCIALDUOC_CHATROOM_USERS" ("CHATROOM_ID", "USER_ID") 
  PCTFREE 10 INITRANS 2 MAXTRANS 255 COMPUTE STATISTICS 
  STORAGE(INITIAL 65536 NEXT 1048576 MINEXTENTS 1 MAXEXTENTS 2147483645
  PCTINCREASE 0 FREELISTS 1 FREELIST GROUPS 1
  BUFFER_POOL DEFAULT FLASH_CACHE DEFAULT CELL_FLASH_CACHE DEFAULT)
  TABLESPACE "USERS" ;
--------------------------------------------------------
--  DDL for Index SYS_C008459
--------------------------------------------------------

  CREATE UNIQUE INDEX "SOCIALDUOC"."SYS_C008459" ON "SOCIALDUOC"."DJANGO_MIGRATIONS" ("ID") 
  PCTFREE 10 INITRANS 2 MAXTRANS 255 COMPUTE STATISTICS 
  STORAGE(INITIAL 65536 NEXT 1048576 MINEXTENTS 1 MAXEXTENTS 2147483645
  PCTINCREASE 0 FREELISTS 1 FREELIST GROUPS 1
  BUFFER_POOL DEFAULT FLASH_CACHE DEFAULT CELL_FLASH_CACHE DEFAULT)
  TABLESPACE "USERS" ;
--------------------------------------------------------
--  DDL for Index SYS_C008461
--------------------------------------------------------

  CREATE UNIQUE INDEX "SOCIALDUOC"."SYS_C008461" ON "SOCIALDUOC"."DJANGO_CONTENT_TYPE" ("ID") 
  PCTFREE 10 INITRANS 2 MAXTRANS 255 COMPUTE STATISTICS 
  STORAGE(INITIAL 65536 NEXT 1048576 MINEXTENTS 1 MAXEXTENTS 2147483645
  PCTINCREASE 0 FREELISTS 1 FREELIST GROUPS 1
  BUFFER_POOL DEFAULT FLASH_CACHE DEFAULT CELL_FLASH_CACHE DEFAULT)
  TABLESPACE "USERS" ;
--------------------------------------------------------
--  DDL for Index SYS_C008465
--------------------------------------------------------

  CREATE UNIQUE INDEX "SOCIALDUOC"."SYS_C008465" ON "SOCIALDUOC"."AUTH_PERMISSION" ("ID") 
  PCTFREE 10 INITRANS 2 MAXTRANS 255 COMPUTE STATISTICS 
  STORAGE(INITIAL 65536 NEXT 1048576 MINEXTENTS 1 MAXEXTENTS 2147483645
  PCTINCREASE 0 FREELISTS 1 FREELIST GROUPS 1
  BUFFER_POOL DEFAULT FLASH_CACHE DEFAULT CELL_FLASH_CACHE DEFAULT)
  TABLESPACE "USERS" ;
--------------------------------------------------------
--  DDL for Index SYS_C008467
--------------------------------------------------------

  CREATE UNIQUE INDEX "SOCIALDUOC"."SYS_C008467" ON "SOCIALDUOC"."AUTH_GROUP" ("ID") 
  PCTFREE 10 INITRANS 2 MAXTRANS 255 COMPUTE STATISTICS 
  TABLESPACE "USERS" ;
--------------------------------------------------------
--  DDL for Index SYS_C008468
--------------------------------------------------------

  CREATE UNIQUE INDEX "SOCIALDUOC"."SYS_C008468" ON "SOCIALDUOC"."AUTH_GROUP" ("NAME") 
  PCTFREE 10 INITRANS 2 MAXTRANS 255 COMPUTE STATISTICS 
  TABLESPACE "USERS" ;
--------------------------------------------------------
--  DDL for Index SYS_C008472
--------------------------------------------------------

  CREATE UNIQUE INDEX "SOCIALDUOC"."SYS_C008472" ON "SOCIALDUOC"."AUTH_GROUP_PERMISSIONS" ("ID") 
  PCTFREE 10 INITRANS 2 MAXTRANS 255 COMPUTE STATISTICS 
  TABLESPACE "USERS" ;
--------------------------------------------------------
--  DDL for Index SYS_C008482
--------------------------------------------------------

  CREATE UNIQUE INDEX "SOCIALDUOC"."SYS_C008482" ON "SOCIALDUOC"."AUTH_USER" ("ID") 
  PCTFREE 10 INITRANS 2 MAXTRANS 255 COMPUTE STATISTICS 
  STORAGE(INITIAL 65536 NEXT 1048576 MINEXTENTS 1 MAXEXTENTS 2147483645
  PCTINCREASE 0 FREELISTS 1 FREELIST GROUPS 1
  BUFFER_POOL DEFAULT FLASH_CACHE DEFAULT CELL_FLASH_CACHE DEFAULT)
  TABLESPACE "USERS" ;
--------------------------------------------------------
--  DDL for Index SYS_C008483
--------------------------------------------------------

  CREATE UNIQUE INDEX "SOCIALDUOC"."SYS_C008483" ON "SOCIALDUOC"."AUTH_USER" ("USERNAME") 
  PCTFREE 10 INITRANS 2 MAXTRANS 255 COMPUTE STATISTICS 
  STORAGE(INITIAL 65536 NEXT 1048576 MINEXTENTS 1 MAXEXTENTS 2147483645
  PCTINCREASE 0 FREELISTS 1 FREELIST GROUPS 1
  BUFFER_POOL DEFAULT FLASH_CACHE DEFAULT CELL_FLASH_CACHE DEFAULT)
  TABLESPACE "USERS" ;
--------------------------------------------------------
--  DDL for Index SYS_C008487
--------------------------------------------------------

  CREATE UNIQUE INDEX "SOCIALDUOC"."SYS_C008487" ON "SOCIALDUOC"."AUTH_USER_GROUPS" ("ID") 
  PCTFREE 10 INITRANS 2 MAXTRANS 255 COMPUTE STATISTICS 
  TABLESPACE "USERS" ;
--------------------------------------------------------
--  DDL for Index SYS_C008491
--------------------------------------------------------

  CREATE UNIQUE INDEX "SOCIALDUOC"."SYS_C008491" ON "SOCIALDUOC"."AUTH_USER_USER_PERMISSIONS" ("ID") 
  PCTFREE 10 INITRANS 2 MAXTRANS 255 COMPUTE STATISTICS 
  TABLESPACE "USERS" ;
--------------------------------------------------------
--  DDL for Index SYS_C008508
--------------------------------------------------------

  CREATE UNIQUE INDEX "SOCIALDUOC"."SYS_C008508" ON "SOCIALDUOC"."DJANGO_ADMIN_LOG" ("ID") 
  PCTFREE 10 INITRANS 2 MAXTRANS 255 COMPUTE STATISTICS 
  STORAGE(INITIAL 65536 NEXT 1048576 MINEXTENTS 1 MAXEXTENTS 2147483645
  PCTINCREASE 0 FREELISTS 1 FREELIST GROUPS 1
  BUFFER_POOL DEFAULT FLASH_CACHE DEFAULT CELL_FLASH_CACHE DEFAULT)
  TABLESPACE "USERS" ;
--------------------------------------------------------
--  DDL for Index SYS_C008513
--------------------------------------------------------

  CREATE UNIQUE INDEX "SOCIALDUOC"."SYS_C008513" ON "SOCIALDUOC"."DJANGO_SESSION" ("SESSION_KEY") 
  PCTFREE 10 INITRANS 2 MAXTRANS 255 COMPUTE STATISTICS 
  STORAGE(INITIAL 65536 NEXT 1048576 MINEXTENTS 1 MAXEXTENTS 2147483645
  PCTINCREASE 0 FREELISTS 1 FREELIST GROUPS 1
  BUFFER_POOL DEFAULT FLASH_CACHE DEFAULT CELL_FLASH_CACHE DEFAULT)
  TABLESPACE "USERS" ;
--------------------------------------------------------
--  DDL for Index SYS_C008989
--------------------------------------------------------

  CREATE UNIQUE INDEX "SOCIALDUOC"."SYS_C008989" ON "SOCIALDUOC"."SOCIALDUOC_CHATROOM" ("ID") 
  PCTFREE 10 INITRANS 2 MAXTRANS 255 COMPUTE STATISTICS 
  STORAGE(INITIAL 65536 NEXT 1048576 MINEXTENTS 1 MAXEXTENTS 2147483645
  PCTINCREASE 0 FREELISTS 1 FREELIST GROUPS 1
  BUFFER_POOL DEFAULT FLASH_CACHE DEFAULT CELL_FLASH_CACHE DEFAULT)
  TABLESPACE "USERS" ;
--------------------------------------------------------
--  DDL for Index SYS_C008990
--------------------------------------------------------

  CREATE UNIQUE INDEX "SOCIALDUOC"."SYS_C008990" ON "SOCIALDUOC"."SOCIALDUOC_CHATROOM" ("TITLE") 
  PCTFREE 10 INITRANS 2 MAXTRANS 255 COMPUTE STATISTICS 
  STORAGE(INITIAL 65536 NEXT 1048576 MINEXTENTS 1 MAXEXTENTS 2147483645
  PCTINCREASE 0 FREELISTS 1 FREELIST GROUPS 1
  BUFFER_POOL DEFAULT FLASH_CACHE DEFAULT CELL_FLASH_CACHE DEFAULT)
  TABLESPACE "USERS" ;
--------------------------------------------------------
--  DDL for Index SYS_C008994
--------------------------------------------------------

  CREATE UNIQUE INDEX "SOCIALDUOC"."SYS_C008994" ON "SOCIALDUOC"."SOCIALDUOC_CHATROOM_USERS" ("ID") 
  PCTFREE 10 INITRANS 2 MAXTRANS 255 COMPUTE STATISTICS 
  STORAGE(INITIAL 65536 NEXT 1048576 MINEXTENTS 1 MAXEXTENTS 2147483645
  PCTINCREASE 0 FREELISTS 1 FREELIST GROUPS 1
  BUFFER_POOL DEFAULT FLASH_CACHE DEFAULT CELL_FLASH_CACHE DEFAULT)
  TABLESPACE "USERS" ;
--------------------------------------------------------
--  DDL for Index SYS_C009002
--------------------------------------------------------

  CREATE UNIQUE INDEX "SOCIALDUOC"."SYS_C009002" ON "SOCIALDUOC"."SOCIALDUOC_ROOMCHATMESSAGE" ("ID") 
  PCTFREE 10 INITRANS 2 MAXTRANS 255 COMPUTE STATISTICS 
  TABLESPACE "USERS" ;
--------------------------------------------------------
--  DDL for Index SYS_C009012
--------------------------------------------------------

  CREATE UNIQUE INDEX "SOCIALDUOC"."SYS_C009012" ON "SOCIALDUOC"."SECCION_USUARIO" ("ID_SEC_USER") 
  PCTFREE 10 INITRANS 2 MAXTRANS 255 COMPUTE STATISTICS 
  STORAGE(INITIAL 65536 NEXT 1048576 MINEXTENTS 1 MAXEXTENTS 2147483645
  PCTINCREASE 0 FREELISTS 1 FREELIST GROUPS 1
  BUFFER_POOL DEFAULT FLASH_CACHE DEFAULT CELL_FLASH_CACHE DEFAULT)
  TABLESPACE "USERS" ;
--------------------------------------------------------
--  DDL for Index SYS_C009024
--------------------------------------------------------

  CREATE UNIQUE INDEX "SOCIALDUOC"."SYS_C009024" ON "SOCIALDUOC"."FCM_DJANGO_FCMDEVICE" ("ID") 
  PCTFREE 10 INITRANS 2 MAXTRANS 255 COMPUTE STATISTICS 
  STORAGE(INITIAL 65536 NEXT 1048576 MINEXTENTS 1 MAXEXTENTS 2147483645
  PCTINCREASE 0 FREELISTS 1 FREELIST GROUPS 1
  BUFFER_POOL DEFAULT FLASH_CACHE DEFAULT CELL_FLASH_CACHE DEFAULT)
  TABLESPACE "USERS" ;
--------------------------------------------------------
--  DDL for Index SYS_C009031
--------------------------------------------------------

  CREATE UNIQUE INDEX "SOCIALDUOC"."SYS_C009031" ON "SOCIALDUOC"."SOCIALDUOC_CONTENIDO" ("ID_PUBLICACION") 
  PCTFREE 10 INITRANS 2 MAXTRANS 255 COMPUTE STATISTICS 
  TABLESPACE "USERS" ;
--------------------------------------------------------
--  DDL for Index SYS_C009034
--------------------------------------------------------

  CREATE UNIQUE INDEX "SOCIALDUOC"."SYS_C009034" ON "SOCIALDUOC"."SOCIALDUOC_ONETIMETOKEN" ("ID") 
  PCTFREE 10 INITRANS 2 MAXTRANS 255 COMPUTE STATISTICS 
  TABLESPACE "USERS" ;
--------------------------------------------------------
--  DDL for Index SYS_C009035
--------------------------------------------------------

  CREATE UNIQUE INDEX "SOCIALDUOC"."SYS_C009035" ON "SOCIALDUOC"."SOCIALDUOC_ONETIMETOKEN" ("TOKEN") 
  PCTFREE 10 INITRANS 2 MAXTRANS 255 COMPUTE STATISTICS 
  TABLESPACE "USERS" ;
--------------------------------------------------------
--  DDL for Index TIPO_USUARIO_PK
--------------------------------------------------------

  CREATE UNIQUE INDEX "SOCIALDUOC"."TIPO_USUARIO_PK" ON "SOCIALDUOC"."TIPO_USUARIO" ("ID_TIPO") 
  PCTFREE 10 INITRANS 2 MAXTRANS 255 COMPUTE STATISTICS 
  STORAGE(INITIAL 65536 NEXT 1048576 MINEXTENTS 1 MAXEXTENTS 2147483645
  PCTINCREASE 0 FREELISTS 1 FREELIST GROUPS 1
  BUFFER_POOL DEFAULT FLASH_CACHE DEFAULT CELL_FLASH_CACHE DEFAULT)
  TABLESPACE "USERS" ;
--------------------------------------------------------
--  DDL for Index USUARIO_CHAT_PK
--------------------------------------------------------

  CREATE UNIQUE INDEX "SOCIALDUOC"."USUARIO_CHAT_PK" ON "SOCIALDUOC"."USUARIO_CHAT" ("ID_CHAT") 
  PCTFREE 10 INITRANS 2 MAXTRANS 255 COMPUTE STATISTICS 
  STORAGE(INITIAL 65536 NEXT 1048576 MINEXTENTS 1 MAXEXTENTS 2147483645
  PCTINCREASE 0 FREELISTS 1 FREELIST GROUPS 1
  BUFFER_POOL DEFAULT FLASH_CACHE DEFAULT CELL_FLASH_CACHE DEFAULT)
  TABLESPACE "USERS" ;
--------------------------------------------------------
--  DDL for Index USUARIO_PK
--------------------------------------------------------

  CREATE UNIQUE INDEX "SOCIALDUOC"."USUARIO_PK" ON "SOCIALDUOC"."USUARIO" ("ID_USUARIO") 
  PCTFREE 10 INITRANS 2 MAXTRANS 255 COMPUTE STATISTICS 
  STORAGE(INITIAL 65536 NEXT 1048576 MINEXTENTS 1 MAXEXTENTS 2147483645
  PCTINCREASE 0 FREELISTS 1 FREELIST GROUPS 1
  BUFFER_POOL DEFAULT FLASH_CACHE DEFAULT CELL_FLASH_CACHE DEFAULT)
  TABLESPACE "USERS" ;
--------------------------------------------------------
--  DDL for Index ALUMNO_PK
--------------------------------------------------------

  CREATE UNIQUE INDEX "SOCIALDUOC"."ALUMNO_PK" ON "SOCIALDUOC"."ALUMNO" ("ID_USUARIO") 
  PCTFREE 10 INITRANS 2 MAXTRANS 255 COMPUTE STATISTICS 
  STORAGE(INITIAL 65536 NEXT 1048576 MINEXTENTS 1 MAXEXTENTS 2147483645
  PCTINCREASE 0 FREELISTS 1 FREELIST GROUPS 1
  BUFFER_POOL DEFAULT FLASH_CACHE DEFAULT CELL_FLASH_CACHE DEFAULT)
  TABLESPACE "USERS" ;
--------------------------------------------------------
--  DDL for Index AMIGO_PK
--------------------------------------------------------

  CREATE UNIQUE INDEX "SOCIALDUOC"."AMIGO_PK" ON "SOCIALDUOC"."AMIGO" ("ID_AMISTAD") 
  PCTFREE 10 INITRANS 2 MAXTRANS 255 COMPUTE STATISTICS 
  STORAGE(INITIAL 65536 NEXT 1048576 MINEXTENTS 1 MAXEXTENTS 2147483645
  PCTINCREASE 0 FREELISTS 1 FREELIST GROUPS 1
  BUFFER_POOL DEFAULT FLASH_CACHE DEFAULT CELL_FLASH_CACHE DEFAULT)
  TABLESPACE "USERS" ;
--------------------------------------------------------
--  DDL for Index SYS_C008467
--------------------------------------------------------

  CREATE UNIQUE INDEX "SOCIALDUOC"."SYS_C008467" ON "SOCIALDUOC"."AUTH_GROUP" ("ID") 
  PCTFREE 10 INITRANS 2 MAXTRANS 255 COMPUTE STATISTICS 
  TABLESPACE "USERS" ;
--------------------------------------------------------
--  DDL for Index SYS_C008468
--------------------------------------------------------

  CREATE UNIQUE INDEX "SOCIALDUOC"."SYS_C008468" ON "SOCIALDUOC"."AUTH_GROUP" ("NAME") 
  PCTFREE 10 INITRANS 2 MAXTRANS 255 COMPUTE STATISTICS 
  TABLESPACE "USERS" ;
--------------------------------------------------------
--  DDL for Index SYS_C008472
--------------------------------------------------------

  CREATE UNIQUE INDEX "SOCIALDUOC"."SYS_C008472" ON "SOCIALDUOC"."AUTH_GROUP_PERMISSIONS" ("ID") 
  PCTFREE 10 INITRANS 2 MAXTRANS 255 COMPUTE STATISTICS 
  TABLESPACE "USERS" ;
--------------------------------------------------------
--  DDL for Index AUTH_GROU_GROUP_ID__0CD325B0_U
--------------------------------------------------------

  CREATE UNIQUE INDEX "SOCIALDUOC"."AUTH_GROU_GROUP_ID__0CD325B0_U" ON "SOCIALDUOC"."AUTH_GROUP_PERMISSIONS" ("GROUP_ID", "PERMISSION_ID") 
  PCTFREE 10 INITRANS 2 MAXTRANS 255 COMPUTE STATISTICS 
  TABLESPACE "USERS" ;
--------------------------------------------------------
--  DDL for Index AUTH_GROUP_GROUP_ID_B120CBF9
--------------------------------------------------------

  CREATE INDEX "SOCIALDUOC"."AUTH_GROUP_GROUP_ID_B120CBF9" ON "SOCIALDUOC"."AUTH_GROUP_PERMISSIONS" ("GROUP_ID") 
  PCTFREE 10 INITRANS 2 MAXTRANS 255 COMPUTE STATISTICS 
  TABLESPACE "USERS" ;
--------------------------------------------------------
--  DDL for Index AUTH_GROUP_PERMISSION_84C5C92E
--------------------------------------------------------

  CREATE INDEX "SOCIALDUOC"."AUTH_GROUP_PERMISSION_84C5C92E" ON "SOCIALDUOC"."AUTH_GROUP_PERMISSIONS" ("PERMISSION_ID") 
  PCTFREE 10 INITRANS 2 MAXTRANS 255 COMPUTE STATISTICS 
  TABLESPACE "USERS" ;
--------------------------------------------------------
--  DDL for Index SYS_C008465
--------------------------------------------------------

  CREATE UNIQUE INDEX "SOCIALDUOC"."SYS_C008465" ON "SOCIALDUOC"."AUTH_PERMISSION" ("ID") 
  PCTFREE 10 INITRANS 2 MAXTRANS 255 COMPUTE STATISTICS 
  STORAGE(INITIAL 65536 NEXT 1048576 MINEXTENTS 1 MAXEXTENTS 2147483645
  PCTINCREASE 0 FREELISTS 1 FREELIST GROUPS 1
  BUFFER_POOL DEFAULT FLASH_CACHE DEFAULT CELL_FLASH_CACHE DEFAULT)
  TABLESPACE "USERS" ;
--------------------------------------------------------
--  DDL for Index AUTH_PERM_CONTENT_T_01AB375A_U
--------------------------------------------------------

  CREATE UNIQUE INDEX "SOCIALDUOC"."AUTH_PERM_CONTENT_T_01AB375A_U" ON "SOCIALDUOC"."AUTH_PERMISSION" ("CONTENT_TYPE_ID", "CODENAME") 
  PCTFREE 10 INITRANS 2 MAXTRANS 255 COMPUTE STATISTICS 
  STORAGE(INITIAL 65536 NEXT 1048576 MINEXTENTS 1 MAXEXTENTS 2147483645
  PCTINCREASE 0 FREELISTS 1 FREELIST GROUPS 1
  BUFFER_POOL DEFAULT FLASH_CACHE DEFAULT CELL_FLASH_CACHE DEFAULT)
  TABLESPACE "USERS" ;
--------------------------------------------------------
--  DDL for Index AUTH_PERMI_CONTENT_TY_2F476E4B
--------------------------------------------------------

  CREATE INDEX "SOCIALDUOC"."AUTH_PERMI_CONTENT_TY_2F476E4B" ON "SOCIALDUOC"."AUTH_PERMISSION" ("CONTENT_TYPE_ID") 
  PCTFREE 10 INITRANS 2 MAXTRANS 255 COMPUTE STATISTICS 
  STORAGE(INITIAL 65536 NEXT 1048576 MINEXTENTS 1 MAXEXTENTS 2147483645
  PCTINCREASE 0 FREELISTS 1 FREELIST GROUPS 1
  BUFFER_POOL DEFAULT FLASH_CACHE DEFAULT CELL_FLASH_CACHE DEFAULT)
  TABLESPACE "USERS" ;
--------------------------------------------------------
--  DDL for Index SYS_C008482
--------------------------------------------------------

  CREATE UNIQUE INDEX "SOCIALDUOC"."SYS_C008482" ON "SOCIALDUOC"."AUTH_USER" ("ID") 
  PCTFREE 10 INITRANS 2 MAXTRANS 255 COMPUTE STATISTICS 
  STORAGE(INITIAL 65536 NEXT 1048576 MINEXTENTS 1 MAXEXTENTS 2147483645
  PCTINCREASE 0 FREELISTS 1 FREELIST GROUPS 1
  BUFFER_POOL DEFAULT FLASH_CACHE DEFAULT CELL_FLASH_CACHE DEFAULT)
  TABLESPACE "USERS" ;
--------------------------------------------------------
--  DDL for Index SYS_C008483
--------------------------------------------------------

  CREATE UNIQUE INDEX "SOCIALDUOC"."SYS_C008483" ON "SOCIALDUOC"."AUTH_USER" ("USERNAME") 
  PCTFREE 10 INITRANS 2 MAXTRANS 255 COMPUTE STATISTICS 
  STORAGE(INITIAL 65536 NEXT 1048576 MINEXTENTS 1 MAXEXTENTS 2147483645
  PCTINCREASE 0 FREELISTS 1 FREELIST GROUPS 1
  BUFFER_POOL DEFAULT FLASH_CACHE DEFAULT CELL_FLASH_CACHE DEFAULT)
  TABLESPACE "USERS" ;
--------------------------------------------------------
--  DDL for Index SYS_C008487
--------------------------------------------------------

  CREATE UNIQUE INDEX "SOCIALDUOC"."SYS_C008487" ON "SOCIALDUOC"."AUTH_USER_GROUPS" ("ID") 
  PCTFREE 10 INITRANS 2 MAXTRANS 255 COMPUTE STATISTICS 
  TABLESPACE "USERS" ;
--------------------------------------------------------
--  DDL for Index AUTH_USER_USER_ID_G_94350C0C_U
--------------------------------------------------------

  CREATE UNIQUE INDEX "SOCIALDUOC"."AUTH_USER_USER_ID_G_94350C0C_U" ON "SOCIALDUOC"."AUTH_USER_GROUPS" ("USER_ID", "GROUP_ID") 
  PCTFREE 10 INITRANS 2 MAXTRANS 255 COMPUTE STATISTICS 
  TABLESPACE "USERS" ;
--------------------------------------------------------
--  DDL for Index AUTH_USER__USER_ID_6A12ED8B
--------------------------------------------------------

  CREATE INDEX "SOCIALDUOC"."AUTH_USER__USER_ID_6A12ED8B" ON "SOCIALDUOC"."AUTH_USER_GROUPS" ("USER_ID") 
  PCTFREE 10 INITRANS 2 MAXTRANS 255 COMPUTE STATISTICS 
  TABLESPACE "USERS" ;
--------------------------------------------------------
--  DDL for Index AUTH_USER__GROUP_ID_97559544
--------------------------------------------------------

  CREATE INDEX "SOCIALDUOC"."AUTH_USER__GROUP_ID_97559544" ON "SOCIALDUOC"."AUTH_USER_GROUPS" ("GROUP_ID") 
  PCTFREE 10 INITRANS 2 MAXTRANS 255 COMPUTE STATISTICS 
  TABLESPACE "USERS" ;
--------------------------------------------------------
--  DDL for Index SYS_C008491
--------------------------------------------------------

  CREATE UNIQUE INDEX "SOCIALDUOC"."SYS_C008491" ON "SOCIALDUOC"."AUTH_USER_USER_PERMISSIONS" ("ID") 
  PCTFREE 10 INITRANS 2 MAXTRANS 255 COMPUTE STATISTICS 
  TABLESPACE "USERS" ;
--------------------------------------------------------
--  DDL for Index AUTH_USER_USER_ID_P_14A6B632_U
--------------------------------------------------------

  CREATE UNIQUE INDEX "SOCIALDUOC"."AUTH_USER_USER_ID_P_14A6B632_U" ON "SOCIALDUOC"."AUTH_USER_USER_PERMISSIONS" ("USER_ID", "PERMISSION_ID") 
  PCTFREE 10 INITRANS 2 MAXTRANS 255 COMPUTE STATISTICS 
  TABLESPACE "USERS" ;
--------------------------------------------------------
--  DDL for Index AUTH_USER__USER_ID_A95EAD1B
--------------------------------------------------------

  CREATE INDEX "SOCIALDUOC"."AUTH_USER__USER_ID_A95EAD1B" ON "SOCIALDUOC"."AUTH_USER_USER_PERMISSIONS" ("USER_ID") 
  PCTFREE 10 INITRANS 2 MAXTRANS 255 COMPUTE STATISTICS 
  TABLESPACE "USERS" ;
--------------------------------------------------------
--  DDL for Index AUTH_USER__PERMISSION_1FBB5F2C
--------------------------------------------------------

  CREATE INDEX "SOCIALDUOC"."AUTH_USER__PERMISSION_1FBB5F2C" ON "SOCIALDUOC"."AUTH_USER_USER_PERMISSIONS" ("PERMISSION_ID") 
  PCTFREE 10 INITRANS 2 MAXTRANS 255 COMPUTE STATISTICS 
  TABLESPACE "USERS" ;
--------------------------------------------------------
--  DDL for Index CARRERA_PK
--------------------------------------------------------

  CREATE UNIQUE INDEX "SOCIALDUOC"."CARRERA_PK" ON "SOCIALDUOC"."CARRERA" ("ID_CARRERA") 
  PCTFREE 10 INITRANS 2 MAXTRANS 255 COMPUTE STATISTICS 
  STORAGE(INITIAL 65536 NEXT 1048576 MINEXTENTS 1 MAXEXTENTS 2147483645
  PCTINCREASE 0 FREELISTS 1 FREELIST GROUPS 1
  BUFFER_POOL DEFAULT FLASH_CACHE DEFAULT CELL_FLASH_CACHE DEFAULT)
  TABLESPACE "USERS" ;
--------------------------------------------------------
--  DDL for Index COMENTARIO_PK
--------------------------------------------------------

  CREATE UNIQUE INDEX "SOCIALDUOC"."COMENTARIO_PK" ON "SOCIALDUOC"."COMENTARIO" ("ID_COMENT") 
  PCTFREE 10 INITRANS 2 MAXTRANS 255 COMPUTE STATISTICS 
  STORAGE(INITIAL 65536 NEXT 1048576 MINEXTENTS 1 MAXEXTENTS 2147483645
  PCTINCREASE 0 FREELISTS 1 FREELIST GROUPS 1
  BUFFER_POOL DEFAULT FLASH_CACHE DEFAULT CELL_FLASH_CACHE DEFAULT)
  TABLESPACE "USERS" ;
--------------------------------------------------------
--  DDL for Index COMUNA_PK
--------------------------------------------------------

  CREATE UNIQUE INDEX "SOCIALDUOC"."COMUNA_PK" ON "SOCIALDUOC"."COMUNA" ("ID_COMU") 
  PCTFREE 10 INITRANS 2 MAXTRANS 255 COMPUTE STATISTICS 
  STORAGE(INITIAL 65536 NEXT 1048576 MINEXTENTS 1 MAXEXTENTS 2147483645
  PCTINCREASE 0 FREELISTS 1 FREELIST GROUPS 1
  BUFFER_POOL DEFAULT FLASH_CACHE DEFAULT CELL_FLASH_CACHE DEFAULT)
  TABLESPACE "USERS" ;
--------------------------------------------------------
--  DDL for Index COORDINADOR_PK
--------------------------------------------------------

  CREATE UNIQUE INDEX "SOCIALDUOC"."COORDINADOR_PK" ON "SOCIALDUOC"."COORDINADOR" ("ID_USUARIO") 
  PCTFREE 10 INITRANS 2 MAXTRANS 255 COMPUTE STATISTICS 
  STORAGE(INITIAL 65536 NEXT 1048576 MINEXTENTS 1 MAXEXTENTS 2147483645
  PCTINCREASE 0 FREELISTS 1 FREELIST GROUPS 1
  BUFFER_POOL DEFAULT FLASH_CACHE DEFAULT CELL_FLASH_CACHE DEFAULT)
  TABLESPACE "USERS" ;
--------------------------------------------------------
--  DDL for Index DIRECTOR_PK
--------------------------------------------------------

  CREATE UNIQUE INDEX "SOCIALDUOC"."DIRECTOR_PK" ON "SOCIALDUOC"."DIRECTOR" ("ID_USUARIO") 
  PCTFREE 10 INITRANS 2 MAXTRANS 255 COMPUTE STATISTICS 
  STORAGE(INITIAL 65536 NEXT 1048576 MINEXTENTS 1 MAXEXTENTS 2147483645
  PCTINCREASE 0 FREELISTS 1 FREELIST GROUPS 1
  BUFFER_POOL DEFAULT FLASH_CACHE DEFAULT CELL_FLASH_CACHE DEFAULT)
  TABLESPACE "USERS" ;
--------------------------------------------------------
--  DDL for Index DJANGO_ADM_CONTENT_TY_C4BCE8EB
--------------------------------------------------------

  CREATE INDEX "SOCIALDUOC"."DJANGO_ADM_CONTENT_TY_C4BCE8EB" ON "SOCIALDUOC"."DJANGO_ADMIN_LOG" ("CONTENT_TYPE_ID") 
  PCTFREE 10 INITRANS 2 MAXTRANS 255 COMPUTE STATISTICS 
  STORAGE(INITIAL 65536 NEXT 1048576 MINEXTENTS 1 MAXEXTENTS 2147483645
  PCTINCREASE 0 FREELISTS 1 FREELIST GROUPS 1
  BUFFER_POOL DEFAULT FLASH_CACHE DEFAULT CELL_FLASH_CACHE DEFAULT)
  TABLESPACE "USERS" ;
--------------------------------------------------------
--  DDL for Index DJANGO_ADM_USER_ID_C564EBA6
--------------------------------------------------------

  CREATE INDEX "SOCIALDUOC"."DJANGO_ADM_USER_ID_C564EBA6" ON "SOCIALDUOC"."DJANGO_ADMIN_LOG" ("USER_ID") 
  PCTFREE 10 INITRANS 2 MAXTRANS 255 COMPUTE STATISTICS 
  STORAGE(INITIAL 65536 NEXT 1048576 MINEXTENTS 1 MAXEXTENTS 2147483645
  PCTINCREASE 0 FREELISTS 1 FREELIST GROUPS 1
  BUFFER_POOL DEFAULT FLASH_CACHE DEFAULT CELL_FLASH_CACHE DEFAULT)
  TABLESPACE "USERS" ;
--------------------------------------------------------
--  DDL for Index SYS_C008508
--------------------------------------------------------

  CREATE UNIQUE INDEX "SOCIALDUOC"."SYS_C008508" ON "SOCIALDUOC"."DJANGO_ADMIN_LOG" ("ID") 
  PCTFREE 10 INITRANS 2 MAXTRANS 255 COMPUTE STATISTICS 
  STORAGE(INITIAL 65536 NEXT 1048576 MINEXTENTS 1 MAXEXTENTS 2147483645
  PCTINCREASE 0 FREELISTS 1 FREELIST GROUPS 1
  BUFFER_POOL DEFAULT FLASH_CACHE DEFAULT CELL_FLASH_CACHE DEFAULT)
  TABLESPACE "USERS" ;
--------------------------------------------------------
--  DDL for Index SYS_C008461
--------------------------------------------------------

  CREATE UNIQUE INDEX "SOCIALDUOC"."SYS_C008461" ON "SOCIALDUOC"."DJANGO_CONTENT_TYPE" ("ID") 
  PCTFREE 10 INITRANS 2 MAXTRANS 255 COMPUTE STATISTICS 
  STORAGE(INITIAL 65536 NEXT 1048576 MINEXTENTS 1 MAXEXTENTS 2147483645
  PCTINCREASE 0 FREELISTS 1 FREELIST GROUPS 1
  BUFFER_POOL DEFAULT FLASH_CACHE DEFAULT CELL_FLASH_CACHE DEFAULT)
  TABLESPACE "USERS" ;
--------------------------------------------------------
--  DDL for Index DJANGO_CO_APP_LABEL_76BD3D3B_U
--------------------------------------------------------

  CREATE UNIQUE INDEX "SOCIALDUOC"."DJANGO_CO_APP_LABEL_76BD3D3B_U" ON "SOCIALDUOC"."DJANGO_CONTENT_TYPE" ("APP_LABEL", "MODEL") 
  PCTFREE 10 INITRANS 2 MAXTRANS 255 COMPUTE STATISTICS 
  STORAGE(INITIAL 65536 NEXT 1048576 MINEXTENTS 1 MAXEXTENTS 2147483645
  PCTINCREASE 0 FREELISTS 1 FREELIST GROUPS 1
  BUFFER_POOL DEFAULT FLASH_CACHE DEFAULT CELL_FLASH_CACHE DEFAULT)
  TABLESPACE "USERS" ;
--------------------------------------------------------
--  DDL for Index SYS_C008459
--------------------------------------------------------

  CREATE UNIQUE INDEX "SOCIALDUOC"."SYS_C008459" ON "SOCIALDUOC"."DJANGO_MIGRATIONS" ("ID") 
  PCTFREE 10 INITRANS 2 MAXTRANS 255 COMPUTE STATISTICS 
  STORAGE(INITIAL 65536 NEXT 1048576 MINEXTENTS 1 MAXEXTENTS 2147483645
  PCTINCREASE 0 FREELISTS 1 FREELIST GROUPS 1
  BUFFER_POOL DEFAULT FLASH_CACHE DEFAULT CELL_FLASH_CACHE DEFAULT)
  TABLESPACE "USERS" ;
--------------------------------------------------------
--  DDL for Index SYS_C008513
--------------------------------------------------------

  CREATE UNIQUE INDEX "SOCIALDUOC"."SYS_C008513" ON "SOCIALDUOC"."DJANGO_SESSION" ("SESSION_KEY") 
  PCTFREE 10 INITRANS 2 MAXTRANS 255 COMPUTE STATISTICS 
  STORAGE(INITIAL 65536 NEXT 1048576 MINEXTENTS 1 MAXEXTENTS 2147483645
  PCTINCREASE 0 FREELISTS 1 FREELIST GROUPS 1
  BUFFER_POOL DEFAULT FLASH_CACHE DEFAULT CELL_FLASH_CACHE DEFAULT)
  TABLESPACE "USERS" ;
--------------------------------------------------------
--  DDL for Index DJANGO_SES_EXPIRE_DAT_A5C62663
--------------------------------------------------------

  CREATE INDEX "SOCIALDUOC"."DJANGO_SES_EXPIRE_DAT_A5C62663" ON "SOCIALDUOC"."DJANGO_SESSION" ("EXPIRE_DATE") 
  PCTFREE 10 INITRANS 2 MAXTRANS 255 COMPUTE STATISTICS 
  STORAGE(INITIAL 65536 NEXT 1048576 MINEXTENTS 1 MAXEXTENTS 2147483645
  PCTINCREASE 0 FREELISTS 1 FREELIST GROUPS 1
  BUFFER_POOL DEFAULT FLASH_CACHE DEFAULT CELL_FLASH_CACHE DEFAULT)
  TABLESPACE "USERS" ;
--------------------------------------------------------
--  DDL for Index DOCENTE_PK
--------------------------------------------------------

  CREATE UNIQUE INDEX "SOCIALDUOC"."DOCENTE_PK" ON "SOCIALDUOC"."DOCENTE" ("ID_USUARIO") 
  PCTFREE 10 INITRANS 2 MAXTRANS 255 COMPUTE STATISTICS 
  STORAGE(INITIAL 65536 NEXT 1048576 MINEXTENTS 1 MAXEXTENTS 2147483645
  PCTINCREASE 0 FREELISTS 1 FREELIST GROUPS 1
  BUFFER_POOL DEFAULT FLASH_CACHE DEFAULT CELL_FLASH_CACHE DEFAULT)
  TABLESPACE "USERS" ;
--------------------------------------------------------
--  DDL for Index ENCUESTA_PK
--------------------------------------------------------

  CREATE UNIQUE INDEX "SOCIALDUOC"."ENCUESTA_PK" ON "SOCIALDUOC"."ENCUESTA" ("ID_ENCU") 
  PCTFREE 10 INITRANS 2 MAXTRANS 255 COMPUTE STATISTICS 
  STORAGE(INITIAL 65536 NEXT 1048576 MINEXTENTS 1 MAXEXTENTS 2147483645
  PCTINCREASE 0 FREELISTS 1 FREELIST GROUPS 1
  BUFFER_POOL DEFAULT FLASH_CACHE DEFAULT CELL_FLASH_CACHE DEFAULT)
  TABLESPACE "USERS" ;
--------------------------------------------------------
--  DDL for Index ESTADO_PERFIL_PK
--------------------------------------------------------

  CREATE UNIQUE INDEX "SOCIALDUOC"."ESTADO_PERFIL_PK" ON "SOCIALDUOC"."ESTADO_PERFIL" ("ID_ESTADO") 
  PCTFREE 10 INITRANS 2 MAXTRANS 255 COMPUTE STATISTICS 
  STORAGE(INITIAL 65536 NEXT 1048576 MINEXTENTS 1 MAXEXTENTS 2147483645
  PCTINCREASE 0 FREELISTS 1 FREELIST GROUPS 1
  BUFFER_POOL DEFAULT FLASH_CACHE DEFAULT CELL_FLASH_CACHE DEFAULT)
  TABLESPACE "USERS" ;
--------------------------------------------------------
--  DDL for Index EVENTO_AGENDADO_PK
--------------------------------------------------------

  CREATE UNIQUE INDEX "SOCIALDUOC"."EVENTO_AGENDADO_PK" ON "SOCIALDUOC"."EVENTO_AGENDADO" ("ID_EVENTO") 
  PCTFREE 10 INITRANS 2 MAXTRANS 255 COMPUTE STATISTICS 
  STORAGE(INITIAL 65536 NEXT 1048576 MINEXTENTS 1 MAXEXTENTS 2147483645
  PCTINCREASE 0 FREELISTS 1 FREELIST GROUPS 1
  BUFFER_POOL DEFAULT FLASH_CACHE DEFAULT CELL_FLASH_CACHE DEFAULT)
  TABLESPACE "USERS" ;
--------------------------------------------------------
--  DDL for Index SYS_C009024
--------------------------------------------------------

  CREATE UNIQUE INDEX "SOCIALDUOC"."SYS_C009024" ON "SOCIALDUOC"."FCM_DJANGO_FCMDEVICE" ("ID") 
  PCTFREE 10 INITRANS 2 MAXTRANS 255 COMPUTE STATISTICS 
  STORAGE(INITIAL 65536 NEXT 1048576 MINEXTENTS 1 MAXEXTENTS 2147483645
  PCTINCREASE 0 FREELISTS 1 FREELIST GROUPS 1
  BUFFER_POOL DEFAULT FLASH_CACHE DEFAULT CELL_FLASH_CACHE DEFAULT)
  TABLESPACE "USERS" ;
--------------------------------------------------------
--  DDL for Index FCM_DJANGO_DEVICE_ID_A9406C36
--------------------------------------------------------

  CREATE INDEX "SOCIALDUOC"."FCM_DJANGO_DEVICE_ID_A9406C36" ON "SOCIALDUOC"."FCM_DJANGO_FCMDEVICE" ("DEVICE_ID") 
  PCTFREE 10 INITRANS 2 MAXTRANS 255 COMPUTE STATISTICS 
  STORAGE(INITIAL 65536 NEXT 1048576 MINEXTENTS 1 MAXEXTENTS 2147483645
  PCTINCREASE 0 FREELISTS 1 FREELIST GROUPS 1
  BUFFER_POOL DEFAULT FLASH_CACHE DEFAULT CELL_FLASH_CACHE DEFAULT)
  TABLESPACE "USERS" ;
--------------------------------------------------------
--  DDL for Index FCM_DJANGO_USER_ID_6CDFC0A2
--------------------------------------------------------

  CREATE INDEX "SOCIALDUOC"."FCM_DJANGO_USER_ID_6CDFC0A2" ON "SOCIALDUOC"."FCM_DJANGO_FCMDEVICE" ("USER_ID") 
  PCTFREE 10 INITRANS 2 MAXTRANS 255 COMPUTE STATISTICS 
  STORAGE(INITIAL 65536 NEXT 1048576 MINEXTENTS 1 MAXEXTENTS 2147483645
  PCTINCREASE 0 FREELISTS 1 FREELIST GROUPS 1
  BUFFER_POOL DEFAULT FLASH_CACHE DEFAULT CELL_FLASH_CACHE DEFAULT)
  TABLESPACE "USERS" ;
--------------------------------------------------------
--  DDL for Index GENERO_PK
--------------------------------------------------------

  CREATE UNIQUE INDEX "SOCIALDUOC"."GENERO_PK" ON "SOCIALDUOC"."GENERO" ("ID_GEN") 
  PCTFREE 10 INITRANS 2 MAXTRANS 255 COMPUTE STATISTICS 
  STORAGE(INITIAL 65536 NEXT 1048576 MINEXTENTS 1 MAXEXTENTS 2147483645
  PCTINCREASE 0 FREELISTS 1 FREELIST GROUPS 1
  BUFFER_POOL DEFAULT FLASH_CACHE DEFAULT CELL_FLASH_CACHE DEFAULT)
  TABLESPACE "USERS" ;
--------------------------------------------------------
--  DDL for Index INSTUTUCION_PK
--------------------------------------------------------

  CREATE UNIQUE INDEX "SOCIALDUOC"."INSTUTUCION_PK" ON "SOCIALDUOC"."INSTITUCION" ("USUARIO_ID_USUARIO") 
  PCTFREE 10 INITRANS 2 MAXTRANS 255 COMPUTE STATISTICS 
  STORAGE(INITIAL 65536 NEXT 1048576 MINEXTENTS 1 MAXEXTENTS 2147483645
  PCTINCREASE 0 FREELISTS 1 FREELIST GROUPS 1
  BUFFER_POOL DEFAULT FLASH_CACHE DEFAULT CELL_FLASH_CACHE DEFAULT)
  TABLESPACE "USERS" ;
--------------------------------------------------------
--  DDL for Index CHAT_PK
--------------------------------------------------------

  CREATE UNIQUE INDEX "SOCIALDUOC"."CHAT_PK" ON "SOCIALDUOC"."MENSAJE" ("ID_MENSAJE") 
  PCTFREE 10 INITRANS 2 MAXTRANS 255 COMPUTE STATISTICS 
  STORAGE(INITIAL 65536 NEXT 1048576 MINEXTENTS 1 MAXEXTENTS 2147483645
  PCTINCREASE 0 FREELISTS 1 FREELIST GROUPS 1
  BUFFER_POOL DEFAULT FLASH_CACHE DEFAULT CELL_FLASH_CACHE DEFAULT)
  TABLESPACE "USERS" ;
--------------------------------------------------------
--  DDL for Index LIKE_PK
--------------------------------------------------------

  CREATE UNIQUE INDEX "SOCIALDUOC"."LIKE_PK" ON "SOCIALDUOC"."ME_GUSTA" ("ID_ME_GUSTA") 
  PCTFREE 10 INITRANS 2 MAXTRANS 255 COMPUTE STATISTICS 
  STORAGE(INITIAL 65536 NEXT 1048576 MINEXTENTS 1 MAXEXTENTS 2147483645
  PCTINCREASE 0 FREELISTS 1 FREELIST GROUPS 1
  BUFFER_POOL DEFAULT FLASH_CACHE DEFAULT CELL_FLASH_CACHE DEFAULT)
  TABLESPACE "USERS" ;
--------------------------------------------------------
--  DDL for Index ADMIN_PK
--------------------------------------------------------

  CREATE UNIQUE INDEX "SOCIALDUOC"."ADMIN_PK" ON "SOCIALDUOC"."MY_ADMIN" ("ID_ADMIN") 
  PCTFREE 10 INITRANS 2 MAXTRANS 255 COMPUTE STATISTICS 
  STORAGE(INITIAL 65536 NEXT 1048576 MINEXTENTS 1 MAXEXTENTS 2147483645
  PCTINCREASE 0 FREELISTS 1 FREELIST GROUPS 1
  BUFFER_POOL DEFAULT FLASH_CACHE DEFAULT CELL_FLASH_CACHE DEFAULT)
  TABLESPACE "USERS" ;
--------------------------------------------------------
--  DDL for Index PARTICIPANTES_PK
--------------------------------------------------------

  CREATE UNIQUE INDEX "SOCIALDUOC"."PARTICIPANTES_PK" ON "SOCIALDUOC"."PARTICIPANTES" ("ID_PARTI") 
  PCTFREE 10 INITRANS 2 MAXTRANS 255 COMPUTE STATISTICS 
  STORAGE(INITIAL 65536 NEXT 1048576 MINEXTENTS 1 MAXEXTENTS 2147483645
  PCTINCREASE 0 FREELISTS 1 FREELIST GROUPS 1
  BUFFER_POOL DEFAULT FLASH_CACHE DEFAULT CELL_FLASH_CACHE DEFAULT)
  TABLESPACE "USERS" ;
--------------------------------------------------------
--  DDL for Index PUBLICACION_PK
--------------------------------------------------------

  CREATE UNIQUE INDEX "SOCIALDUOC"."PUBLICACION_PK" ON "SOCIALDUOC"."PUBLICACION" ("ID_PUBLI") 
  PCTFREE 10 INITRANS 2 MAXTRANS 255 COMPUTE STATISTICS 
  STORAGE(INITIAL 65536 NEXT 1048576 MINEXTENTS 1 MAXEXTENTS 2147483645
  PCTINCREASE 0 FREELISTS 1 FREELIST GROUPS 1
  BUFFER_POOL DEFAULT FLASH_CACHE DEFAULT CELL_FLASH_CACHE DEFAULT)
  TABLESPACE "USERS" ;
--------------------------------------------------------
--  DDL for Index RAMO_PK
--------------------------------------------------------

  CREATE UNIQUE INDEX "SOCIALDUOC"."RAMO_PK" ON "SOCIALDUOC"."RAMO" ("ID_RAMO") 
  PCTFREE 10 INITRANS 2 MAXTRANS 255 COMPUTE STATISTICS 
  STORAGE(INITIAL 65536 NEXT 1048576 MINEXTENTS 1 MAXEXTENTS 2147483645
  PCTINCREASE 0 FREELISTS 1 FREELIST GROUPS 1
  BUFFER_POOL DEFAULT FLASH_CACHE DEFAULT CELL_FLASH_CACHE DEFAULT)
  TABLESPACE "USERS" ;
--------------------------------------------------------
--  DDL for Index RAMO_DOC_PK
--------------------------------------------------------

  CREATE UNIQUE INDEX "SOCIALDUOC"."RAMO_DOC_PK" ON "SOCIALDUOC"."RAMO_DOC" ("DOCENTE_ID_USUARIO") 
  PCTFREE 10 INITRANS 2 MAXTRANS 255 COMPUTE STATISTICS 
  STORAGE(INITIAL 65536 NEXT 1048576 MINEXTENTS 1 MAXEXTENTS 2147483645
  PCTINCREASE 0 FREELISTS 1 FREELIST GROUPS 1
  BUFFER_POOL DEFAULT FLASH_CACHE DEFAULT CELL_FLASH_CACHE DEFAULT)
  TABLESPACE "USERS" ;
--------------------------------------------------------
--  DDL for Index REGION_PK
--------------------------------------------------------

  CREATE UNIQUE INDEX "SOCIALDUOC"."REGION_PK" ON "SOCIALDUOC"."REGION" ("ID_REGION") 
  PCTFREE 10 INITRANS 2 MAXTRANS 255 COMPUTE STATISTICS 
  STORAGE(INITIAL 65536 NEXT 1048576 MINEXTENTS 1 MAXEXTENTS 2147483645
  PCTINCREASE 0 FREELISTS 1 FREELIST GROUPS 1
  BUFFER_POOL DEFAULT FLASH_CACHE DEFAULT CELL_FLASH_CACHE DEFAULT)
  TABLESPACE "USERS" ;
--------------------------------------------------------
--  DDL for Index RESP_EVENT_PK
--------------------------------------------------------

  CREATE UNIQUE INDEX "SOCIALDUOC"."RESP_EVENT_PK" ON "SOCIALDUOC"."RESP_ENCUE" ("ID_RESP") 
  PCTFREE 10 INITRANS 2 MAXTRANS 255 COMPUTE STATISTICS 
  STORAGE(INITIAL 65536 NEXT 1048576 MINEXTENTS 1 MAXEXTENTS 2147483645
  PCTINCREASE 0 FREELISTS 1 FREELIST GROUPS 1
  BUFFER_POOL DEFAULT FLASH_CACHE DEFAULT CELL_FLASH_CACHE DEFAULT)
  TABLESPACE "USERS" ;
--------------------------------------------------------
--  DDL for Index SECCION_PK
--------------------------------------------------------

  CREATE UNIQUE INDEX "SOCIALDUOC"."SECCION_PK" ON "SOCIALDUOC"."SECCION" ("ID_SECC") 
  PCTFREE 10 INITRANS 2 MAXTRANS 255 COMPUTE STATISTICS 
  STORAGE(INITIAL 65536 NEXT 1048576 MINEXTENTS 1 MAXEXTENTS 2147483645
  PCTINCREASE 0 FREELISTS 1 FREELIST GROUPS 1
  BUFFER_POOL DEFAULT FLASH_CACHE DEFAULT CELL_FLASH_CACHE DEFAULT)
  TABLESPACE "USERS" ;
--------------------------------------------------------
--  DDL for Index SECCION_ALU_DOC_PK
--------------------------------------------------------

  CREATE UNIQUE INDEX "SOCIALDUOC"."SECCION_ALU_DOC_PK" ON "SOCIALDUOC"."SECCION_ALU_DOC" ("SECCION_ID_SECC") 
  PCTFREE 10 INITRANS 2 MAXTRANS 255 COMPUTE STATISTICS 
  STORAGE(INITIAL 65536 NEXT 1048576 MINEXTENTS 1 MAXEXTENTS 2147483645
  PCTINCREASE 0 FREELISTS 1 FREELIST GROUPS 1
  BUFFER_POOL DEFAULT FLASH_CACHE DEFAULT CELL_FLASH_CACHE DEFAULT)
  TABLESPACE "USERS" ;
--------------------------------------------------------
--  DDL for Index SYS_C009012
--------------------------------------------------------

  CREATE UNIQUE INDEX "SOCIALDUOC"."SYS_C009012" ON "SOCIALDUOC"."SECCION_USUARIO" ("ID_SEC_USER") 
  PCTFREE 10 INITRANS 2 MAXTRANS 255 COMPUTE STATISTICS 
  STORAGE(INITIAL 65536 NEXT 1048576 MINEXTENTS 1 MAXEXTENTS 2147483645
  PCTINCREASE 0 FREELISTS 1 FREELIST GROUPS 1
  BUFFER_POOL DEFAULT FLASH_CACHE DEFAULT CELL_FLASH_CACHE DEFAULT)
  TABLESPACE "USERS" ;
--------------------------------------------------------
--  DDL for Index SEDE_PK
--------------------------------------------------------

  CREATE UNIQUE INDEX "SOCIALDUOC"."SEDE_PK" ON "SOCIALDUOC"."SEDE" ("ID_SEDE") 
  PCTFREE 10 INITRANS 2 MAXTRANS 255 COMPUTE STATISTICS 
  STORAGE(INITIAL 65536 NEXT 1048576 MINEXTENTS 1 MAXEXTENTS 2147483645
  PCTINCREASE 0 FREELISTS 1 FREELIST GROUPS 1
  BUFFER_POOL DEFAULT FLASH_CACHE DEFAULT CELL_FLASH_CACHE DEFAULT)
  TABLESPACE "USERS" ;
--------------------------------------------------------
--  DDL for Index SYS_C008989
--------------------------------------------------------

  CREATE UNIQUE INDEX "SOCIALDUOC"."SYS_C008989" ON "SOCIALDUOC"."SOCIALDUOC_CHATROOM" ("ID") 
  PCTFREE 10 INITRANS 2 MAXTRANS 255 COMPUTE STATISTICS 
  STORAGE(INITIAL 65536 NEXT 1048576 MINEXTENTS 1 MAXEXTENTS 2147483645
  PCTINCREASE 0 FREELISTS 1 FREELIST GROUPS 1
  BUFFER_POOL DEFAULT FLASH_CACHE DEFAULT CELL_FLASH_CACHE DEFAULT)
  TABLESPACE "USERS" ;
--------------------------------------------------------
--  DDL for Index SYS_C008990
--------------------------------------------------------

  CREATE UNIQUE INDEX "SOCIALDUOC"."SYS_C008990" ON "SOCIALDUOC"."SOCIALDUOC_CHATROOM" ("TITLE") 
  PCTFREE 10 INITRANS 2 MAXTRANS 255 COMPUTE STATISTICS 
  STORAGE(INITIAL 65536 NEXT 1048576 MINEXTENTS 1 MAXEXTENTS 2147483645
  PCTINCREASE 0 FREELISTS 1 FREELIST GROUPS 1
  BUFFER_POOL DEFAULT FLASH_CACHE DEFAULT CELL_FLASH_CACHE DEFAULT)
  TABLESPACE "USERS" ;
--------------------------------------------------------
--  DDL for Index SYS_C008994
--------------------------------------------------------

  CREATE UNIQUE INDEX "SOCIALDUOC"."SYS_C008994" ON "SOCIALDUOC"."SOCIALDUOC_CHATROOM_USERS" ("ID") 
  PCTFREE 10 INITRANS 2 MAXTRANS 255 COMPUTE STATISTICS 
  STORAGE(INITIAL 65536 NEXT 1048576 MINEXTENTS 1 MAXEXTENTS 2147483645
  PCTINCREASE 0 FREELISTS 1 FREELIST GROUPS 1
  BUFFER_POOL DEFAULT FLASH_CACHE DEFAULT CELL_FLASH_CACHE DEFAULT)
  TABLESPACE "USERS" ;
--------------------------------------------------------
--  DDL for Index SOCIALDUO_CHATROOM__ED2B8795_U
--------------------------------------------------------

  CREATE UNIQUE INDEX "SOCIALDUOC"."SOCIALDUO_CHATROOM__ED2B8795_U" ON "SOCIALDUOC"."SOCIALDUOC_CHATROOM_USERS" ("CHATROOM_ID", "USER_ID") 
  PCTFREE 10 INITRANS 2 MAXTRANS 255 COMPUTE STATISTICS 
  STORAGE(INITIAL 65536 NEXT 1048576 MINEXTENTS 1 MAXEXTENTS 2147483645
  PCTINCREASE 0 FREELISTS 1 FREELIST GROUPS 1
  BUFFER_POOL DEFAULT FLASH_CACHE DEFAULT CELL_FLASH_CACHE DEFAULT)
  TABLESPACE "USERS" ;
--------------------------------------------------------
--  DDL for Index SOCIALDUOC_CHATROOM_I_7386AFE1
--------------------------------------------------------

  CREATE INDEX "SOCIALDUOC"."SOCIALDUOC_CHATROOM_I_7386AFE1" ON "SOCIALDUOC"."SOCIALDUOC_CHATROOM_USERS" ("CHATROOM_ID") 
  PCTFREE 10 INITRANS 2 MAXTRANS 255 COMPUTE STATISTICS 
  STORAGE(INITIAL 65536 NEXT 1048576 MINEXTENTS 1 MAXEXTENTS 2147483645
  PCTINCREASE 0 FREELISTS 1 FREELIST GROUPS 1
  BUFFER_POOL DEFAULT FLASH_CACHE DEFAULT CELL_FLASH_CACHE DEFAULT)
  TABLESPACE "USERS" ;
--------------------------------------------------------
--  DDL for Index SOCIALDUOC_USER_ID_1B0B8A8C
--------------------------------------------------------

  CREATE INDEX "SOCIALDUOC"."SOCIALDUOC_USER_ID_1B0B8A8C" ON "SOCIALDUOC"."SOCIALDUOC_CHATROOM_USERS" ("USER_ID") 
  PCTFREE 10 INITRANS 2 MAXTRANS 255 COMPUTE STATISTICS 
  STORAGE(INITIAL 65536 NEXT 1048576 MINEXTENTS 1 MAXEXTENTS 2147483645
  PCTINCREASE 0 FREELISTS 1 FREELIST GROUPS 1
  BUFFER_POOL DEFAULT FLASH_CACHE DEFAULT CELL_FLASH_CACHE DEFAULT)
  TABLESPACE "USERS" ;
--------------------------------------------------------
--  DDL for Index SYS_C009031
--------------------------------------------------------

  CREATE UNIQUE INDEX "SOCIALDUOC"."SYS_C009031" ON "SOCIALDUOC"."SOCIALDUOC_CONTENIDO" ("ID_PUBLICACION") 
  PCTFREE 10 INITRANS 2 MAXTRANS 255 COMPUTE STATISTICS 
  TABLESPACE "USERS" ;
--------------------------------------------------------
--  DDL for Index SYS_C009034
--------------------------------------------------------

  CREATE UNIQUE INDEX "SOCIALDUOC"."SYS_C009034" ON "SOCIALDUOC"."SOCIALDUOC_ONETIMETOKEN" ("ID") 
  PCTFREE 10 INITRANS 2 MAXTRANS 255 COMPUTE STATISTICS 
  TABLESPACE "USERS" ;
--------------------------------------------------------
--  DDL for Index SYS_C009035
--------------------------------------------------------

  CREATE UNIQUE INDEX "SOCIALDUOC"."SYS_C009035" ON "SOCIALDUOC"."SOCIALDUOC_ONETIMETOKEN" ("TOKEN") 
  PCTFREE 10 INITRANS 2 MAXTRANS 255 COMPUTE STATISTICS 
  TABLESPACE "USERS" ;
--------------------------------------------------------
--  DDL for Index SYS_C009002
--------------------------------------------------------

  CREATE UNIQUE INDEX "SOCIALDUOC"."SYS_C009002" ON "SOCIALDUOC"."SOCIALDUOC_ROOMCHATMESSAGE" ("ID") 
  PCTFREE 10 INITRANS 2 MAXTRANS 255 COMPUTE STATISTICS 
  TABLESPACE "USERS" ;
--------------------------------------------------------
--  DDL for Index SOCIALDUOC_ROOM_ID_E984EE27
--------------------------------------------------------

  CREATE INDEX "SOCIALDUOC"."SOCIALDUOC_ROOM_ID_E984EE27" ON "SOCIALDUOC"."SOCIALDUOC_ROOMCHATMESSAGE" ("ROOM_ID") 
  PCTFREE 10 INITRANS 2 MAXTRANS 255 COMPUTE STATISTICS 
  TABLESPACE "USERS" ;
--------------------------------------------------------
--  DDL for Index SOCIALDUOC_USER_ID_3432D827
--------------------------------------------------------

  CREATE INDEX "SOCIALDUOC"."SOCIALDUOC_USER_ID_3432D827" ON "SOCIALDUOC"."SOCIALDUOC_ROOMCHATMESSAGE" ("USER_ID") 
  PCTFREE 10 INITRANS 2 MAXTRANS 255 COMPUTE STATISTICS 
  TABLESPACE "USERS" ;
--------------------------------------------------------
--  DDL for Index TIPO_USUARIO_PK
--------------------------------------------------------

  CREATE UNIQUE INDEX "SOCIALDUOC"."TIPO_USUARIO_PK" ON "SOCIALDUOC"."TIPO_USUARIO" ("ID_TIPO") 
  PCTFREE 10 INITRANS 2 MAXTRANS 255 COMPUTE STATISTICS 
  STORAGE(INITIAL 65536 NEXT 1048576 MINEXTENTS 1 MAXEXTENTS 2147483645
  PCTINCREASE 0 FREELISTS 1 FREELIST GROUPS 1
  BUFFER_POOL DEFAULT FLASH_CACHE DEFAULT CELL_FLASH_CACHE DEFAULT)
  TABLESPACE "USERS" ;
--------------------------------------------------------
--  DDL for Index USUARIO_PK
--------------------------------------------------------

  CREATE UNIQUE INDEX "SOCIALDUOC"."USUARIO_PK" ON "SOCIALDUOC"."USUARIO" ("ID_USUARIO") 
  PCTFREE 10 INITRANS 2 MAXTRANS 255 COMPUTE STATISTICS 
  STORAGE(INITIAL 65536 NEXT 1048576 MINEXTENTS 1 MAXEXTENTS 2147483645
  PCTINCREASE 0 FREELISTS 1 FREELIST GROUPS 1
  BUFFER_POOL DEFAULT FLASH_CACHE DEFAULT CELL_FLASH_CACHE DEFAULT)
  TABLESPACE "USERS" ;
--------------------------------------------------------
--  DDL for Index USUARIO_CHAT_PK
--------------------------------------------------------

  CREATE UNIQUE INDEX "SOCIALDUOC"."USUARIO_CHAT_PK" ON "SOCIALDUOC"."USUARIO_CHAT" ("ID_CHAT") 
  PCTFREE 10 INITRANS 2 MAXTRANS 255 COMPUTE STATISTICS 
  STORAGE(INITIAL 65536 NEXT 1048576 MINEXTENTS 1 MAXEXTENTS 2147483645
  PCTINCREASE 0 FREELISTS 1 FREELIST GROUPS 1
  BUFFER_POOL DEFAULT FLASH_CACHE DEFAULT CELL_FLASH_CACHE DEFAULT)
  TABLESPACE "USERS" ;
--------------------------------------------------------
--  DDL for Procedure AGREGAR_PUBLICACION
--------------------------------------------------------
set define off;

  CREATE OR REPLACE NONEDITIONABLE PROCEDURE "SOCIALDUOC"."AGREGAR_PUBLICACION" (
P_DESCRIP IN VARCHAR2,
P_ID_PUBLICADO IN NUMBER,
P_IMAGEN BLOB,
P_SEDE NUMBER
)AS
MSJ_ERROR VARCHAR2(100);
BEGIN

        INSERT INTO publicacion  VALUES (SECUENCIA_PUBLICACION.NEXTVAL, SYSDATE, P_DESCRIP ,2, P_ID_PUBLICADO, P_IMAGEN, P_SEDE );
    EXCEPTION
    WHEN OTHERS THEN
    MSJ_ERROR := SQLERRM;
    DBMS_OUTPUT.put_line(MSJ_ERROR);
END AGREGAR_PUBLICACION;


/
--------------------------------------------------------
--  DDL for Procedure ELIMINAR_PUBLICACION
--------------------------------------------------------
set define off;

  CREATE OR REPLACE NONEDITIONABLE PROCEDURE "SOCIALDUOC"."ELIMINAR_PUBLICACION" (
P_ID_PUBLI IN NUMBER
) AS
MSJ_ERROR VARCHAR2(100);
BEGIN 
    -- SE ELIMNAN TODOS LOS COMENTARIOS DE ESA PUBLICACION
    DELETE FROM COMENTARIO
    WHERE ID_PUBLI = P_ID_PUBLI;
    --SE ELIMINAN TODOS LOS LIKES DE ESA BLICACION
    DELETE FROM ME_GUSTA
    WHERE ID_PUBLI = P_ID_PUBLI;
    --SE ELIMINA LA PUBLICACION
    DELETE FROM PUBLICACION
    WHERE ID_PUBLI = P_ID_PUBLI;

    EXCEPTION
    WHEN OTHERS THEN
    MSJ_ERROR := SQLERRM;
    DBMS_OUTPUT.put_line(MSJ_ERROR);

END ELIMINAR_PUBLICACION;


/
--------------------------------------------------------
--  DDL for Procedure SP_ACTUALIZAR_IMAGEN
--------------------------------------------------------
set define off;

  CREATE OR REPLACE NONEDITIONABLE PROCEDURE "SOCIALDUOC"."SP_ACTUALIZAR_IMAGEN" (
    P_ID_PUBLI IN NUMBER,
    P_NUEVA_IMAGEN IN BLOB
)
IS
BEGIN
    UPDATE PUBLICACION
    SET 
        FOTOS = P_NUEVA_IMAGEN
    WHERE P_ID_PUBLI = ID_PUBLI;
    COMMIT;
END;


/
--------------------------------------------------------
--  DDL for Procedure SP_ACTUALIZAR_IMAGEN_USU
--------------------------------------------------------
set define off;

  CREATE OR REPLACE NONEDITIONABLE PROCEDURE "SOCIALDUOC"."SP_ACTUALIZAR_IMAGEN_USU" (
    P_ID_USU IN NUMBER,
    P_NUEVA_IMAGEN IN BLOB
)
IS

BEGIN
    UPDATE USUARIO
    SET 
        FOTO = P_NUEVA_IMAGEN
    WHERE P_ID_USU = ID_USUARIO;
    COMMIT;
END;


/
--------------------------------------------------------
--  DDL for Procedure SP_ADM_ACTUALIZAR_ENCUESTA
--------------------------------------------------------
set define off;

  CREATE OR REPLACE NONEDITIONABLE PROCEDURE "SOCIALDUOC"."SP_ADM_ACTUALIZAR_ENCUESTA" (
    P_ID IN NUMBER,
    P_TITULO IN VARCHAR2,
    P_DESC IN VARCHAR2,
    P_LINK IN VARCHAR2,
    P_FECHA IN VARCHAR2,
    P_FECHA2 IN VARCHAR2,
    P_ESTADO IN NUMBER,
    P_PREGUNTA IN VARCHAR2,
    P_RESPUESTA_UNO IN VARCHAR2,
    P_RESPUESTA_DOS IN VARCHAR2
)
IS
BEGIN
UPDATE encuesta
SET 
    titulo = P_TITULO,
    descrip = P_DESC,
    link = P_LINK,
    fecha = TO_DATE(P_FECHA, 'MM/DD/YYYY'),
    fechafin = TO_DATE(P_FECHA2, 'MM/DD/YYYY'),
    estado = P_ESTADO,
    pregunta = P_PREGUNTA,
    respuesta_uno = P_RESPUESTA_UNO,
    respuesta_dos = P_RESPUESTA_DOS

    WHERE
    id_encu  = P_ID;
    COMMIT;
END;


/
--------------------------------------------------------
--  DDL for Procedure SP_ADM_ACTUALIZAR_EVENTO
--------------------------------------------------------
set define off;

  CREATE OR REPLACE NONEDITIONABLE PROCEDURE "SOCIALDUOC"."SP_ADM_ACTUALIZAR_EVENTO" (
    P_ID IN NUMBER,
    P_NOMBRE IN VARCHAR2,
    P_DESC IN VARCHAR2,
    P_FECHA IN VARCHAR2,
    P_FECHA2 IN VARCHAR2,
    P_ESTADO IN NUMBER
    
)
IS
BEGIN
UPDATE evento_agendado
SET 
    nom_even = P_NOMBRE,
    descrip = P_DESC,
    fecha = TO_DATE(P_FECHA, 'MM/DD/YYYY'),
    fechafin = TO_DATE(P_FECHA2, 'MM/DD/YYYY'),
    estado = P_ESTADO

    WHERE
    id_evento = P_ID;
    COMMIT;
END;


/
--------------------------------------------------------
--  DDL for Procedure SP_ADM_ACTUALIZAR_PUBLICACION
--------------------------------------------------------
set define off;

  CREATE OR REPLACE NONEDITIONABLE PROCEDURE "SOCIALDUOC"."SP_ADM_ACTUALIZAR_PUBLICACION" (
    P_id_publi IN NUMBER,
    P_descrip IN VARCHAR2,
    P_estado IN NUMBER,
    P_SEDE NUMBER
)
IS
BEGIN
    UPDATE PUBLICACION
    SET descrip = P_descrip,
        estado = P_estado,
        ID_SEDE = P_SEDE
    WHERE id_publi = P_id_publi;
    COMMIT;
END;


/
--------------------------------------------------------
--  DDL for Procedure SP_ADM_ACTUALIZAR_USUARIO
--------------------------------------------------------
set define off;

  CREATE OR REPLACE NONEDITIONABLE PROCEDURE "SOCIALDUOC"."SP_ADM_ACTUALIZAR_USUARIO" (
    P_NOMBRE IN VARCHAR2,
    P_AP_PATER IN VARCHAR2,
    P_AP_MATER IN VARCHAR2,
    --P_FOTO IN BLOB,
    P_CORREO_PERSONAL IN VARCHAR2,
    P_TELEFONO IN VARCHAR2,
    P_ID_COMU IN NUMBER,
    P_ID_GEN IN NUMBER,
    P_ID_ESTADO IN NUMBER,
    P_ID_TIPO IN NUMBER,
    P_ID_SEDE IN NUMBER,
    P_ID_USUARIO IN NUMBER
)
IS
BEGIN
UPDATE usuario
SET 
    NOMBRE = P_NOMBRE,
    AP_PATER = P_AP_PATER,
    AP_MATER = P_AP_MATER,
    --FOTO = P_FOTO,
    CORREO_PERSONAL = P_CORREO_PERSONAL,
    TELEFONO = P_TELEFONO,
    ID_COMU = P_ID_COMU,
    ID_GEN = P_ID_GEN,
    ID_ESTADO = P_ID_ESTADO,
    ID_TIPO = P_ID_TIPO,
    ID_SEDE = P_ID_SEDE
    WHERE
    ID_USUARIO = P_ID_USUARIO;
    COMMIT;
END;


/
--------------------------------------------------------
--  DDL for Procedure SP_ADM_AGREGAR_PARTICIPANTE_EVENTO
--------------------------------------------------------
set define off;

  CREATE OR REPLACE NONEDITIONABLE PROCEDURE "SOCIALDUOC"."SP_ADM_AGREGAR_PARTICIPANTE_EVENTO" (
    P_ID_EVENTO IN NUMBER,
    P_ID_PARTICIPANTE NUMBER
)
IS
BEGIN
INSERT INTO participantes (id_parti, id_evento, id_usuario)
VALUES (id_eve.nextval, P_ID_EVENTO, P_ID_PARTICIPANTE);
END;

/
--------------------------------------------------------
--  DDL for Procedure SP_ADM_ARCHIVAR_ENCUESTA
--------------------------------------------------------
set define off;

  CREATE OR REPLACE NONEDITIONABLE PROCEDURE "SOCIALDUOC"."SP_ADM_ARCHIVAR_ENCUESTA" (E_id_encu IN VARCHAR2 , p_resultado OUT SYS_REFCURSOR)
IS
BEGIN
    UPDATE encuesta
    SET estado = CASE
        WHEN estado = 1 THEN 2
        WHEN estado = 2 THEN 1
    END
    WHERE id_encu = E_id_encu;
    COMMIT;
    OPEN P_resultado FOR
        SELECT estado
        FROM encuesta
    WHERE id_encu = E_id_encu;
END;

/
--------------------------------------------------------
--  DDL for Procedure SP_ADM_ARCHIVAR_EVENTO
--------------------------------------------------------
set define off;

  CREATE OR REPLACE NONEDITIONABLE PROCEDURE "SOCIALDUOC"."SP_ADM_ARCHIVAR_EVENTO" (P_ID_EVENTO IN VARCHAR2 , p_resultado OUT SYS_REFCURSOR)
IS
BEGIN
    UPDATE evento_agendado
    SET estado = CASE
         WHEN estado = 1 THEN 2
         WHEN estado = 2 THEN 1
    END
    WHERE id_evento = P_ID_EVENTO;
    COMMIT;
    OPEN P_resultado FOR
        SELECT estado
        FROM evento_agendado
    WHERE id_evento = P_ID_EVENTO;
END;

/
--------------------------------------------------------
--  DDL for Procedure SP_ADM_ARCHIVAR_PUBLICACION
--------------------------------------------------------
set define off;

  CREATE OR REPLACE NONEDITIONABLE PROCEDURE "SOCIALDUOC"."SP_ADM_ARCHIVAR_PUBLICACION" (P_id_publi IN VARCHAR2, p_resultado OUT SYS_REFCURSOR)
IS
BEGIN
    UPDATE publicacion
    SET estado = CASE
                    WHEN estado = 1 THEN 2
                    WHEN estado = 2 THEN 1
                 END
    WHERE id_publi = P_id_publi;
    COMMIT;
    OPEN P_resultado FOR
        SELECT estado
        FROM publicacion
    WHERE id_publi = P_id_publi;
END;

/
--------------------------------------------------------
--  DDL for Procedure SP_ADM_BUSCAR_ENCUESTA_ID
--------------------------------------------------------
set define off;

  CREATE OR REPLACE NONEDITIONABLE PROCEDURE "SOCIALDUOC"."SP_ADM_BUSCAR_ENCUESTA_ID" (P_id_ENCUESTA IN NUMBER,P_ENCUESTA out sys_refcursor)
IS

BEGIN
    OPEN P_ENCUESTA FOR 
        SELECT 
        e.id_encu,
        e.id_usuario,
        e.titulo,
        e.descrip,
        e.link,
        e.estado,
        u.nombre,
        u.ap_pater,
        u.correo,
        u.id_tipo,
        t.nom_tipo,
        TO_CHAR(TO_DATE(e.fecha), 'MM/DD/YYYY'),
        TO_CHAR(TO_DATE(e.fechafin), 'MM/DD/YYYY'),
        e.pregunta,
        e.respuesta_uno,
        e.respuesta_dos

        FROM encuesta e
        JOIN USUARIO U ON U.id_usuario = e.id_usuario
        JOIN tipo_usuario t ON t.id_tipo = u.id_tipo
        WHERE P_id_ENCUESTA = e.id_encu;
END;


/
--------------------------------------------------------
--  DDL for Procedure SP_ADM_BUSCAR_EVENTO_ID
--------------------------------------------------------
set define off;

  CREATE OR REPLACE NONEDITIONABLE PROCEDURE "SOCIALDUOC"."SP_ADM_BUSCAR_EVENTO_ID" (P_id_EVENTO IN NUMBER,P_EVENTO out sys_refcursor)
IS

BEGIN
    OPEN P_EVENTO FOR 
        SELECT 
        e.id_evento,
        e.id_usuario,
        e.nom_even,
        TO_CHAR(TO_DATE(e.fecha), 'MM/DD/YYYY'),
        e.descrip,
        e.estado,
        u.nombre,
        u.ap_pater,
        u.correo,
        u.id_tipo,
        t.nom_tipo,
        TO_CHAR(TO_DATE(e.fechafin), 'MM/DD/YYYY')

        FROM evento_agendado e
        JOIN USUARIO U ON U.id_usuario = e.id_usuario
        JOIN tipo_usuario t ON t.id_tipo = u.id_tipo

        WHERE P_id_EVENTO = e.id_evento;
END;


/
--------------------------------------------------------
--  DDL for Procedure SP_ADM_BUSCAR_PUBLICACION_ID
--------------------------------------------------------
set define off;

  CREATE OR REPLACE NONEDITIONABLE PROCEDURE "SOCIALDUOC"."SP_ADM_BUSCAR_PUBLICACION_ID" (P_id_publi IN NUMBER,P_PUBLICACION out sys_refcursor)
IS

BEGIN
    OPEN P_PUBLICACION FOR 
        SELECT 
        id_publi,
            TO_CHAR(TO_DATE(P.fecha), 'MM/DD/YYYY'),
            p.descrip,
            p.estado,
            u.nombre,
            u.ap_pater,
            u.correo,
            t.nom_tipo,
            p.fotos,
            s.id_sede,
            s.nom_sede
        FROM PUBLICACION P
        JOIN USUARIO U ON U.id_usuario = p.id_usuario
        JOIN tipo_usuario t ON t.id_tipo = u.id_tipo
        JOIN SEDE S ON s.id_sede = p.id_sede
        WHERE P_id_publi = id_publi;
END;


/
--------------------------------------------------------
--  DDL for Procedure SP_ADM_BUSCAR_USUARIO_ID
--------------------------------------------------------
set define off;

  CREATE OR REPLACE NONEDITIONABLE PROCEDURE "SOCIALDUOC"."SP_ADM_BUSCAR_USUARIO_ID" (
    P_id_user IN NUMBER,
    P_cursor OUT SYS_REFCURSOR
)
IS
BEGIN
    OPEN P_cursor FOR
        SELECT 
            u.id_usuario,
            u.Correo,
            u.Nombre,
            u.ap_pater,
            t.nom_tipo,
            c.nom_comuna,
            u.rut,
            u.id_estado,
            s.nom_sede,
            u.correo_personal,
            u.telefono,
            g.nom_gen,
            u.ap_mater,
            u.id_tipo,
            u.id_sede,
            u.id_gen,
            u.id_comu,
            c.nom_comuna,
            u.foto
        FROM USUARIO u
        JOIN comuna c ON c.id_comu = u.id_comu
        JOIN tipo_usuario t ON t.id_tipo = u.id_tipo
        JOIN sede s ON s.id_sede = u.id_sede
        JOIN genero g on g.id_gen = u.id_gen

        WHERE u.id_usuario = P_id_user;
END SP_ADM_BUSCAR_USUARIO_ID;


/
--------------------------------------------------------
--  DDL for Procedure SP_ADM_COMUNA
--------------------------------------------------------
set define off;

  CREATE OR REPLACE NONEDITIONABLE PROCEDURE "SOCIALDUOC"."SP_ADM_COMUNA" (
    P_cursor OUT SYS_REFCURSOR
)
IS
BEGIN
    OPEN P_cursor FOR
        SELECT 
        id_comu,
        nom_comuna
        FROM comuna;
END SP_ADM_COMUNA;


/
--------------------------------------------------------
--  DDL for Procedure SP_ADM_ELIMINAR_FOTO_USUARIO
--------------------------------------------------------
set define off;

  CREATE OR REPLACE NONEDITIONABLE PROCEDURE "SOCIALDUOC"."SP_ADM_ELIMINAR_FOTO_USUARIO" (id IN VARCHAR2)
IS
BEGIN
    UPDATE usuario
    SET foto = EMPTY_BLOB()
    WHERE id_usuario = id;
    COMMIT;
END;


/
--------------------------------------------------------
--  DDL for Procedure SP_ADM_ELIMINAR_PARTICIPANTE_EVENTO
--------------------------------------------------------
set define off;

  CREATE OR REPLACE NONEDITIONABLE PROCEDURE "SOCIALDUOC"."SP_ADM_ELIMINAR_PARTICIPANTE_EVENTO" (
    P_ID_EVE IN NUMBER,
    P_ID_USER IN VARCHAR2
)
IS
BEGIN
    DELETE FROM participantes
    WHERE id_evento = P_ID_EVE and id_usuario= P_ID_USER;
    COMMIT;
END;


/
--------------------------------------------------------
--  DDL for Procedure SP_ADM_ELIMINAR_USUARIO
--------------------------------------------------------
set define off;

  CREATE OR REPLACE NONEDITIONABLE PROCEDURE "SOCIALDUOC"."SP_ADM_ELIMINAR_USUARIO" (P_ID_USUARIO IN VARCHAR2)
IS
BEGIN
    -- Update the usuario table
    UPDATE usuario
    SET id_estado = CASE
        WHEN id_estado = 1 THEN 2
        WHEN id_estado = 2 THEN 1
    END
    WHERE id_usuario = P_ID_USUARIO;

    -- Update the is_active field in Django
    UPDATE auth_user
    SET is_active = CASE
        WHEN is_active = 1 THEN 0
        WHEN is_active = 0 THEN 1
    END
    WHERE id = P_ID_USUARIO;

    COMMIT;
END SP_ADM_ELIMINAR_USUARIO;


/
--------------------------------------------------------
--  DDL for Procedure SP_ADM_EVENTO_PARTICIPANTES
--------------------------------------------------------
set define off;

  CREATE OR REPLACE NONEDITIONABLE PROCEDURE "SOCIALDUOC"."SP_ADM_EVENTO_PARTICIPANTES" (P_ID_EVENTO IN NUMBER,P_EVENTO_PARTICIPANTES out sys_refcursor)
IS

BEGIN
    OPEN P_EVENTO_PARTICIPANTES FOR 
        SELECT 
        p.id_evento,
        p.id_parti,
        u.nombre,
        u.ap_pater,
        p.id_usuario,
        t.nom_tipo
        FROM participantes p
        JOIN usuario u ON u.id_usuario = p.id_usuario
        JOIN tipo_usuario t ON u.id_tipo = t.id_tipo
        WHERE p.id_evento = P_ID_EVENTO;
END;


/
--------------------------------------------------------
--  DDL for Procedure SP_ADM_GENERO
--------------------------------------------------------
set define off;

  CREATE OR REPLACE NONEDITIONABLE PROCEDURE "SOCIALDUOC"."SP_ADM_GENERO" (
    P_cursor OUT SYS_REFCURSOR
)
IS
BEGIN
    OPEN P_cursor FOR
        SELECT 
        id_gen,
        nom_gen
        FROM genero;
END SP_ADM_GENERO;


/
--------------------------------------------------------
--  DDL for Procedure SP_ADM_INSERTAR_PARTICIPANTE
--------------------------------------------------------
set define off;

  CREATE OR REPLACE NONEDITIONABLE PROCEDURE "SOCIALDUOC"."SP_ADM_INSERTAR_PARTICIPANTE" (
    p_id_evento IN NUMBER,
    p_id_tipo_usuario IN NUMBER
) AS
BEGIN
    INSERT INTO participantes (id_parti, id_evento, id_usuario)
    SELECT id_eve.nextval, p_id_evento, u.id_usuario
    FROM usuario u
    LEFT JOIN participantes p ON p.id_usuario = u.id_usuario
    JOIN tipo_usuario t ON t.id_tipo = u.id_tipo
    WHERE t.id_tipo = p_id_tipo_usuario
      AND NOT EXISTS (
          SELECT 1
          FROM participantes p2
          WHERE p2.id_evento = p_id_evento
            AND p2.id_usuario = u.id_usuario
      );
    COMMIT;
END;


/
--------------------------------------------------------
--  DDL for Procedure SP_ADM_LISTAR_CHAT
--------------------------------------------------------
set define off;

  CREATE OR REPLACE NONEDITIONABLE PROCEDURE "SOCIALDUOC"."SP_ADM_LISTAR_CHAT" (
    P_id_user_origen IN NUMBER,
    P_id_user_receptor IN NUMBER,
    U_chat OUT SYS_REFCURSOR
)
IS
BEGIN
    OPEN U_chat FOR 
        SELECT 
            m.mensaje,
            m.usu_origen,
            m.usu_recep,
            usuario.nombre AS nombre_origen,
            NULL AS nombre_receptor,
            CASE TO_CHAR(FECHA, 'D')
                WHEN '1' THEN 'Dom'
                WHEN '2' THEN 'Lun'
                WHEN '3' THEN 'Mar'
                WHEN '4' THEN 'Mi'
                WHEN '5' THEN 'Jue'
                WHEN '6' THEN 'Vie'
                WHEN '7' THEN 'Sb'
            END || ' ' || TO_CHAR(FECHA, 'HH24:MI') AS fecha,
            m.archivo as archivo
        FROM mensaje m
        JOIN usuario ON usuario.id_usuario = m.usu_origen
        WHERE 
            (m.tipo = 2 AND m.usu_recep = P_id_user_receptor)
            OR
            (m.tipo = 1 AND m.usu_origen = P_id_user_origen AND m.usu_recep = P_id_user_receptor)
            OR
            (m.tipo = 1 AND m.usu_origen = P_id_user_receptor AND m.usu_recep = P_id_user_origen)
        ORDER BY m.id_mensaje;
END;

/
--------------------------------------------------------
--  DDL for Procedure SP_ADM_LISTAR_CHATS
--------------------------------------------------------
set define off;

  CREATE OR REPLACE NONEDITIONABLE PROCEDURE "SOCIALDUOC"."SP_ADM_LISTAR_CHATS" (
    P_id_user IN NUMBER,
    U_chat OUT sys_refcursor
)
IS
BEGIN
    OPEN U_chat FOR
SELECT 
    vc.id_chat, 
    vc.nombre_origen, 
    vc.nombre_receptor, 
    CASE WHEN vc.tipo_chat = 1 THEN usuario.foto ELSE NULL END AS foto, 
    vc.id_receptor, 
    vc.fecha,
    vc.tipo_chat
FROM 
    VISTA_CHATS vc
LEFT JOIN 
    usuario ON usuario.id_usuario = vc.id_receptor
WHERE 
    vc.id_usuario_origen = P_id_user
order by vc.fecha desc;

END;

/
--------------------------------------------------------
--  DDL for Procedure SP_ADM_LISTAR_CORREO
--------------------------------------------------------
set define off;

  CREATE OR REPLACE NONEDITIONABLE PROCEDURE "SOCIALDUOC"."SP_ADM_LISTAR_CORREO" (U_correo out sys_refcursor)
IS
BEGIN
    OPEN U_correo FOR 
        SELECT 
            u.Correo
        FROM USUARIO u;
END;

/
--------------------------------------------------------
--  DDL for Procedure SP_ADM_LISTAR_ENCUESTA
--------------------------------------------------------
set define off;

  CREATE OR REPLACE NONEDITIONABLE PROCEDURE "SOCIALDUOC"."SP_ADM_LISTAR_ENCUESTA" (E_ENCUESTA out sys_refcursor)
IS

BEGIN
    OPEN E_ENCUESTA FOR 
        SELECT 
        E.id_encu,
            e.titulo,
            TO_CHAR(TO_DATE(e.fecha), 'DD/MM/YYYY'),
            e.descrip,
            e.estado,
            u.nombre,
            u.ap_pater,
            u.correo,
            u.ap_mater
        FROM ENCUESTA E
        JOIN USUARIO U ON U.id_usuario = e.id_usuario
        order by e.fecha desc;
END;


/
--------------------------------------------------------
--  DDL for Procedure SP_ADM_LISTAR_EVENTO
--------------------------------------------------------
set define off;

  CREATE OR REPLACE NONEDITIONABLE PROCEDURE "SOCIALDUOC"."SP_ADM_LISTAR_EVENTO" (E_EVENTO out sys_refcursor)
IS

BEGIN
    OPEN E_EVENTO FOR 
        SELECT 
            e.id_evento,
            e.nom_even,
            TO_CHAR(TO_DATE(e.fecha), 'DD/MM/YYYY'),
            e.estado,
            u.nombre,
            u.ap_pater,
            u.correo,
            u.ap_mater
        FROM EVENTO_AGENDADO E
        JOIN USUARIO U ON U.id_usuario = e.id_usuario
        order by e.fecha desc;
END;


/
--------------------------------------------------------
--  DDL for Procedure SP_ADM_LISTAR_PUBLICACION
--------------------------------------------------------
set define off;

  CREATE OR REPLACE NONEDITIONABLE PROCEDURE "SOCIALDUOC"."SP_ADM_LISTAR_PUBLICACION" (P_PUBLICACION out sys_refcursor)
IS

BEGIN
    OPEN P_PUBLICACION FOR 
        SELECT 
        id_publi,
            TO_CHAR(TO_DATE(p.fecha), 'DD/MM/YYYY'),
            p.descrip,
            p.estado,
            u.nombre,
            u.ap_pater,
            u.correo,
            p.fotos,
            s.nom_sede,
            u.ap_mater
        FROM PUBLICACION P
        JOIN USUARIO U ON U.id_usuario = p.id_usuario
        JOIN SEDE S ON s.id_sede = p.id_sede
        order BY p.fecha desc;
END;


/
--------------------------------------------------------
--  DDL for Procedure SP_ADM_LISTAR_USUARIO
--------------------------------------------------------
set define off;

  CREATE OR REPLACE NONEDITIONABLE PROCEDURE "SOCIALDUOC"."SP_ADM_LISTAR_USUARIO" (U_USUARIO out sys_refcursor)
IS

BEGIN
    OPEN U_USUARIO FOR 
        SELECT 
        id_usuario,
            u.Correo,
            u.Nombre,
            u.ap_pater,
            t.nom_tipo,
            c.nom_comuna,
            rut,
            u.id_estado,
            u.foto,
            u.ap_mater
        FROM USUARIO u
        JOIN comuna c ON c.id_comu = u.id_comu
        JOIN tipo_usuario t ON t.id_tipo = u.id_tipo
        order BY u.id_usuario asc;
END;


/
--------------------------------------------------------
--  DDL for Procedure SP_ADM_RESPUESTAS_POR_ID_ENCUESTA
--------------------------------------------------------
set define off;

  CREATE OR REPLACE NONEDITIONABLE PROCEDURE "SOCIALDUOC"."SP_ADM_RESPUESTAS_POR_ID_ENCUESTA" (P_id_ENCUESTA IN NUMBER,P_RESPUESTA out sys_refcursor)
IS

BEGIN
    OPEN P_RESPUESTA FOR 
        SELECT 
         e.id_resp,
         e.respuesta,
         u.nombre,
         u.ap_pater,
         t.nom_tipo
        FROM resp_encue e
        JOIN USUARIO U ON U.id_usuario = e.id_usuario
        JOIN tipo_usuario t ON t.id_tipo = u.id_tipo
        WHERE P_id_ENCUESTA = e.id_encu;
END;


/
--------------------------------------------------------
--  DDL for Procedure SP_ADM_SEDE
--------------------------------------------------------
set define off;

  CREATE OR REPLACE NONEDITIONABLE PROCEDURE "SOCIALDUOC"."SP_ADM_SEDE" (
    P_cursor OUT SYS_REFCURSOR
)
IS
BEGIN
    OPEN P_cursor FOR
        SELECT 
        id_sede,
        nom_sede
        FROM sede;
END SP_ADM_SEDE;


/
--------------------------------------------------------
--  DDL for Procedure SP_ADM_TIPO_USUARIO
--------------------------------------------------------
set define off;

  CREATE OR REPLACE NONEDITIONABLE PROCEDURE "SOCIALDUOC"."SP_ADM_TIPO_USUARIO" (
    P_cursor OUT SYS_REFCURSOR
)
IS
BEGIN
    OPEN P_cursor FOR
        SELECT 
        id_tipo,
        nom_tipo
        FROM tipo_usuario;
END SP_ADM_TIPO_USUARIO;


/
--------------------------------------------------------
--  DDL for Procedure SP_ADM_TODA_ENCUESTA_RESPUESTAS
--------------------------------------------------------
set define off;

  CREATE OR REPLACE NONEDITIONABLE PROCEDURE "SOCIALDUOC"."SP_ADM_TODA_ENCUESTA_RESPUESTAS" (P_RESPUESTA out sys_refcursor)
IS

BEGIN
    OPEN P_RESPUESTA FOR 
        SELECT 
         e.id_encu,
         e.id_resp,
         e.respuesta,
         u.nombre,
         u.ap_pater,
         t.nom_tipo,
         u.foto
        FROM resp_encue e
        JOIN USUARIO U ON U.id_usuario = e.id_usuario
        JOIN tipo_usuario t ON t.id_tipo = u.id_tipo
        ORDER BY e.id_resp DESC;
END;


/
--------------------------------------------------------
--  DDL for Procedure SP_ADM_TODA_PUBLICACION_COMENTARIOS
--------------------------------------------------------
set define off;

  CREATE OR REPLACE NONEDITIONABLE PROCEDURE "SOCIALDUOC"."SP_ADM_TODA_PUBLICACION_COMENTARIOS" (P_COMENTARIOS out sys_refcursor)
IS

BEGIN
    OPEN P_COMENTARIOS FOR 
        SELECT 
         c.id_publi,
         c.id_coment,
         c.comentario,
         u.nombre,
         u.ap_pater,
         t.nom_tipo,
         u.foto
        FROM comentario c
        JOIN USUARIO U ON U.id_usuario = c.id_usuario
        JOIN tipo_usuario t ON t.id_tipo = u.id_tipo;
END;


/
--------------------------------------------------------
--  DDL for Procedure SP_ADM_TODO_EVENTO_PARTICIPANTES
--------------------------------------------------------
set define off;

  CREATE OR REPLACE NONEDITIONABLE PROCEDURE "SOCIALDUOC"."SP_ADM_TODO_EVENTO_PARTICIPANTES" (P_EVENTO_PARTICIPANTES out sys_refcursor)
IS

BEGIN
    OPEN P_EVENTO_PARTICIPANTES FOR 
        SELECT 
        p.id_evento,
        p.id_parti,
        u.nombre,
        u.ap_pater,
        p.id_usuario,
        t.nom_tipo
        FROM participantes p
        JOIN usuario u ON u.id_usuario = p.id_usuario
        JOIN tipo_usuario t ON u.id_tipo = t.id_tipo;
END;


/
--------------------------------------------------------
--  DDL for Procedure SP_AGREGAR_CHAT
--------------------------------------------------------
set define off;

  CREATE OR REPLACE NONEDITIONABLE PROCEDURE "SOCIALDUOC"."SP_AGREGAR_CHAT" (
    P_ID_USUARIO NUMBER,
    P_ID_USUARIO2 NUMBER
) AS
    V_CHAT_EXISTE NUMBER;
BEGIN
    SELECT COUNT(*)
    INTO V_CHAT_EXISTE
    FROM usuario_chat
    WHERE id_usuario = P_ID_USUARIO AND id_usuario2 = P_ID_USUARIO2;

    IF V_CHAT_EXISTE = 0 THEN
        INSERT INTO usuario_chat VALUES(SQ_CHATS.NEXTVAL, P_ID_USUARIO2, P_ID_USUARIO);
        INSERT INTO usuario_chat VALUES(SQ_CHATS.NEXTVAL, P_ID_USUARIO, P_ID_USUARIO2);
        INSERT INTO mensaje VALUES(sq_mensajes.NEXTVAL , 'Nuevo chat iniciado' ,empty_blob(), P_ID_USUARIO2, P_ID_USUARIO,SQ_CHATS.currval,SYSTIMESTAMP, 1);
        COMMIT;
    END IF;
END SP_AGREGAR_CHAT;

/
--------------------------------------------------------
--  DDL for Procedure SP_AGREGAR_COMENTARIO
--------------------------------------------------------
set define off;

  CREATE OR REPLACE NONEDITIONABLE PROCEDURE "SOCIALDUOC"."SP_AGREGAR_COMENTARIO" (
P_COMENTARIO VARCHAR2,
P_ID_PUBLICACION NUMBER,
P_ID_USUARIO NUMBER
)AS
BEGIN
    INSERT INTO COMENTARIO VALUES(SQ_ID_COMENT.NEXTVAL , P_COMENTARIO , P_ID_PUBLICACION, P_ID_USUARIO);

END SP_AGREGAR_COMENTARIO;


/
--------------------------------------------------------
--  DDL for Procedure SP_AGREGAR_ENCUESTA
--------------------------------------------------------
set define off;

  CREATE OR REPLACE NONEDITIONABLE PROCEDURE "SOCIALDUOC"."SP_AGREGAR_ENCUESTA" (
E_TITULO IN VARCHAR2,
E_PREGUNTA IN VARCHAR2,
E_DESCRIPCION IN VARCHAR2,
E_FECHA_INI IN VARCHAR2,
E_LINK IN VARCHAR2,
E_ID_USUARIO IN NUMBER,
E_FECHA_FIN IN VARCHAR2,
E_RESPUESTA_UNO IN VARCHAR2,
E_RESPUESTA_DOS IN VARCHAR2
)AS
MSJ_ERROR VARCHAR2(100);
BEGIN
INSERT INTO encuesta  VALUES (E_TITULO, E_PREGUNTA, E_DESCRIPCION ,E_FECHA_INI,2,SEQ_ID_ENCUESTA.NEXTVAL, E_LINK,E_ID_USUARIO,E_FECHA_FIN,E_RESPUESTA_UNO,E_RESPUESTA_DOS);
 EXCEPTION
    WHEN OTHERS THEN
    MSJ_ERROR := SQLERRM;
    DBMS_OUTPUT.put_line(MSJ_ERROR);
END SP_AGREGAR_ENCUESTA;


/
--------------------------------------------------------
--  DDL for Procedure SP_AGREGAR_EVENTO
--------------------------------------------------------
set define off;

  CREATE OR REPLACE NONEDITIONABLE PROCEDURE "SOCIALDUOC"."SP_AGREGAR_EVENTO" (
EV_NOMBRE IN VARCHAR2,
EV_FECHA_INI IN DATE,
EV_DESCRIP IN VARCHAR2,
EV_ID_USUARIO IN NUMBER,
EV_FECHA_FIN IN DATE
)AS
MSJ_ERROR VARCHAR2(100);
BEGIN

        INSERT INTO evento_agendado  VALUES (SEQ_ID_EVENTO.NEXTVAL, EV_NOMBRE, EV_FECHA_INI ,EV_DESCRIP,2,EV_ID_USUARIO,EV_FECHA_FIN);
    EXCEPTION
    WHEN OTHERS THEN
    MSJ_ERROR := SQLERRM;
    DBMS_OUTPUT.put_line(MSJ_ERROR);
END SP_AGREGAR_EVENTO;


/
--------------------------------------------------------
--  DDL for Procedure SP_AGREGAR_LIKE
--------------------------------------------------------
set define off;

  CREATE OR REPLACE NONEDITIONABLE PROCEDURE "SOCIALDUOC"."SP_AGREGAR_LIKE" (
    P_ID_PUBLICACION NUMBER,
    P_ID_USUARIO NUMBER
) AS
    V_LIKE_EXISTE NUMBER;
    LIKE_DUPLICADO EXCEPTION;

BEGIN
    SELECT COUNT(*)
    INTO V_LIKE_EXISTE
    FROM ME_GUSTA
    WHERE ID_PUBLI = P_ID_PUBLICACION AND ID_USUARIO = P_ID_USUARIO;

    IF V_LIKE_EXISTE = 0 THEN
        INSERT INTO ME_GUSTA VALUES(SQ_ID_LIKE.NEXTVAL, P_ID_PUBLICACION, 1, P_ID_USUARIO);
    ELSE
        DELETE FROM ME_GUSTA
        WHERE id_publi = P_ID_PUBLICACION AND ID_USUARIO = P_ID_USUARIO;
    END IF;
    EXCEPTION
    WHEN LIKE_DUPLICADO THEN
        DBMS_OUTPUT.PUT_LINE('El usuario ya dio like a esta publicacin.');
END SP_AGREGAR_LIKE;


/
--------------------------------------------------------
--  DDL for Procedure SP_AGREGAR_MENSAJE
--------------------------------------------------------
set define off;

  CREATE OR REPLACE NONEDITIONABLE PROCEDURE "SOCIALDUOC"."SP_AGREGAR_MENSAJE" (
P_MENSAJE VARCHAR2,
P_ID_RECEP NUMBER,
P_ID_ORIGEN NUMBER,
P_ID_CHAT NUMBER,
P_TIPO NUMBER
)AS
v_prev_fecha TIMESTAMP;
BEGIN
    SELECT MAX(FECHA)
        INTO v_prev_fecha
        FROM MENSAJE
        WHERE (usu_origen = 2 and usu_recep = 1);
    IF v_prev_fecha IS NOT NULL THEN
        UPDATE MENSAJE
            SET FECHA = SYSTIMESTAMP
              WHERE (usu_origen = P_ID_RECEP and usu_recep = P_ID_ORIGEN)
              AND FECHA = v_prev_fecha;
    END IF; 

    INSERT INTO MENSAJE VALUES(sq_mensajes.NEXTVAL , P_MENSAJE ,empty_blob(), P_ID_RECEP, P_ID_ORIGEN,P_ID_CHAT,SYSTIMESTAMP, P_TIPO);
END;

/
--------------------------------------------------------
--  DDL for Procedure SP_AGREGAR_PARTICIPANTE_EVENTO
--------------------------------------------------------
set define off;

  CREATE OR REPLACE NONEDITIONABLE PROCEDURE "SOCIALDUOC"."SP_AGREGAR_PARTICIPANTE_EVENTO" (
    P_ID_EVENTO IN NUMBER,
    P_ID_PARTICIPANTE NUMBER
)
IS
BEGIN
INSERT INTO participantes (id_parti, id_evento, id_usuario)
VALUES (id_eve.nextval, P_ID_EVENTO, P_ID_PARTICIPANTE);
END;


/
--------------------------------------------------------
--  DDL for Procedure SP_AGREGAR_RESP_ENCUE
--------------------------------------------------------
set define off;

  CREATE OR REPLACE NONEDITIONABLE PROCEDURE "SOCIALDUOC"."SP_AGREGAR_RESP_ENCUE" (
R_RESPUESTA VARCHAR2,
R_ID_ENCUESTA NUMBER,
R_ID_USUARIO NUMBER
)AS
BEGIN
    INSERT INTO RESP_ENCUE VALUES(SQ_ID_RESP_ENCUE.NEXTVAL , R_RESPUESTA , R_ID_ENCUESTA, R_ID_USUARIO);
END SP_AGREGAR_RESP_ENCUE;


/
--------------------------------------------------------
--  DDL for Procedure SP_AGREGAR_USUARIO_SECCION
--------------------------------------------------------
set define off;

  CREATE OR REPLACE NONEDITIONABLE PROCEDURE "SOCIALDUOC"."SP_AGREGAR_USUARIO_SECCION" (
    P_ID_SECCION IN NUMBER,
    P_ID_USUARIO NUMBER
)
IS
BEGIN
INSERT INTO seccion_usuario (id_sec_user, id_usuario, id_seccion)
VALUES (SEQ_SECCION_USUARIO.nextval, P_ID_USUARIO, P_ID_SECCION);
END;

/
--------------------------------------------------------
--  DDL for Procedure SP_BUSCAR_LISTAR_USUARIO
--------------------------------------------------------
set define off;

  CREATE OR REPLACE NONEDITIONABLE PROCEDURE "SOCIALDUOC"."SP_BUSCAR_LISTAR_USUARIO" (U_USUARIO out sys_refcursor)
IS

BEGIN
    OPEN U_USUARIO FOR 
        SELECT 
            U.id_usuario,
            U.Correo,
            U.Nombre,
            U.ap_pater,
            t.nom_tipo,
            c.nom_comuna,
            U.rut,
            CASE U.ID_TIPO
            WHEN 2 THEN carr.nom_carrera
            WHEN 3 THEN card.nom_carrera
            WHEN 4 THEN 'Sin carrera '
            WHEN 5 THEN CARC.nom_carrera
            WHEN 6 THEN CARdi.nom_carrera
            else
                'Sin informacion'
            END AS Nom_carrera,
            u.usuario,
            u.foto,
            SU.nom_sede,
            U.ap_mater
        FROM USUARIO u
        FULL JOIN SEDE SU ON SU.ID_SEDE = U.ID_SEDE
        FUll join ALUMNO A ON u.id_usuario = a.id_usuario
        full join Docente d on d.id_usuario = u.id_usuario
        full join director di on di.id_usuario = u.id_usuario
        full join coordinador cor on cor.id_usuario = u.id_usuario
        FULL JOIN CARRERA CARR ON CARR.id_carrera = a.id_carrera
        FULL JOIN CARRERA CARD ON CARD.id_carrera = D.id_carrera
        FULL JOIN CARRERA CARC ON CARC.id_carrera = cor.id_carrera
        FULL JOIN CARRERA CARdi ON CARdi.id_carrera = di.id_carrera
        JOIN comuna c ON c.id_comu = u.id_comu
        JOIN tipo_usuario t ON t.id_tipo = u.id_tipo
        order BY u.id_usuario asc;
END;

/
--------------------------------------------------------
--  DDL for Procedure SP_BUSCAR_SECCION_ID
--------------------------------------------------------
set define off;

  CREATE OR REPLACE NONEDITIONABLE PROCEDURE "SOCIALDUOC"."SP_BUSCAR_SECCION_ID" (P_id_SECCION IN NUMBER, S_SECCION out sys_refcursor)
IS

BEGIN
    OPEN S_SECCION FOR 
        select 
            seccion.id_secc, 
            seccion.nom_seccion, 
            seccion.id_ramo,
            ramo.nom_ramo,
            ramo.id_carrera
        from seccion
        JOIN ramo on ramo.id_ramo = seccion.id_ramo
        WHERE P_id_SECCION = seccion.id_secc;
END;

/
--------------------------------------------------------
--  DDL for Procedure SP_BUSCAR_USUARIO_ID
--------------------------------------------------------
set define off;

  CREATE OR REPLACE NONEDITIONABLE PROCEDURE "SOCIALDUOC"."SP_BUSCAR_USUARIO_ID" (p_ID IN NUMBER, U_USUARIO OUT SYS_REFCURSOR)
IS
BEGIN
    OPEN U_USUARIO FOR 
        SELECT 
            U.id_usuario,
            U.Correo,
            U.Nombre,
            U.ap_pater,
            t.nom_tipo,
            c.nom_comuna,
            U.rut,
            CASE U.ID_TIPO
                WHEN 2 THEN carr.nom_carrera
                WHEN 3 THEN card.nom_carrera
                WHEN 4 THEN 'Sin carrera'
                WHEN 5 THEN CARC.nom_carrera
                WHEN 6 THEN CARdi.nom_carrera
                ELSE 'Sin informacion'
            END AS Nom_carrera,
            u.usuario,
            u.foto,
            SU.nom_sede,
            U.ap_mater
        FROM USUARIO u
        FULL JOIN SEDE SU ON SU.ID_SEDE = U.ID_SEDE
        FULL JOIN ALUMNO A ON u.id_usuario = a.id_usuario
        FULL JOIN DOCENTE D ON d.id_usuario = u.id_usuario
        FULL JOIN DIRECTOR DI ON di.id_usuario = u.id_usuario
        FULL JOIN COORDINADOR COR ON cor.id_usuario = u.id_usuario
        FULL JOIN CARRERA CARR ON CARR.id_carrera = a.id_carrera
        FULL JOIN CARRERA CARD ON CARD.id_carrera = D.id_carrera
        FULL JOIN CARRERA CARC ON CARC.id_carrera = cor.id_carrera
        FULL JOIN CARRERA CARdi ON CARdi.id_carrera = di.id_carrera
        JOIN COMUNA C ON c.id_comu = u.id_comu
        JOIN TIPO_USUARIO T ON t.id_tipo = u.id_tipo
        WHERE u.id_usuario = p_ID;
END SP_BUSCAR_USUARIO_ID;

/
--------------------------------------------------------
--  DDL for Procedure SP_CONTAR_CARRERAS_ALUMNOS
--------------------------------------------------------
set define off;

  CREATE OR REPLACE NONEDITIONABLE PROCEDURE "SOCIALDUOC"."SP_CONTAR_CARRERAS_ALUMNOS" (
    resultados OUT SYS_REFCURSOR
)
AS
BEGIN
    OPEN resultados FOR
    SELECT COUNT(a.id_carrera), c.nom_carrera
    FROM alumno a
    JOIN carrera c ON c.id_carrera = a.id_carrera
    GROUP BY c.nom_carrera;
END SP_contar_carreras_alumnos;


/
--------------------------------------------------------
--  DDL for Procedure SP_CONTAR_ENCUESTAS_SEMANA
--------------------------------------------------------
set define off;

  CREATE OR REPLACE NONEDITIONABLE PROCEDURE "SOCIALDUOC"."SP_CONTAR_ENCUESTAS_SEMANA" (encuestas OUT SYS_REFCURSOR)
AS
BEGIN
 OPEN encuestas FOR
SELECT
    TO_CHAR(MIN("FECHA"), 'DD/MM') AS "Inicio de la Semana",
    TO_CHAR(MAX("FECHA"), 'DD/MM') AS "Fin de la Semana",
    COUNT(*) AS "Nmero de Encuestas en la Semana"
FROM
    "SOCIALDUOC"."ENCUESTA"
GROUP BY
    TO_CHAR("FECHA", 'YYYY-IW')
ORDER BY
    "Inicio de la Semana" asc;
END SP_contar_encuestas_semana;


/
--------------------------------------------------------
--  DDL for Procedure SP_CONTAR_EVENTOS_SEMANA
--------------------------------------------------------
set define off;

  CREATE OR REPLACE NONEDITIONABLE PROCEDURE "SOCIALDUOC"."SP_CONTAR_EVENTOS_SEMANA" (eventos OUT SYS_REFCURSOR)
AS
BEGIN
 OPEN eventos FOR
SELECT
    TO_CHAR(MIN("FECHA"), 'DD/MM') AS "Inicio de la Semana",
    TO_CHAR(MAX("FECHA"), 'DD/MM') AS "Fin de la Semana",
    COUNT(*) AS "Nmero de Eventos en la Semana"
FROM
    "SOCIALDUOC"."EVENTO_AGENDADO"
GROUP BY
    TO_CHAR("FECHA", 'YYYY-IW')
ORDER BY
    "Inicio de la Semana" asc;
END SP_contar_eventos_semana;


/
--------------------------------------------------------
--  DDL for Procedure SP_CONTAR_PUBLICACIONES_SEMANA
--------------------------------------------------------
set define off;

  CREATE OR REPLACE NONEDITIONABLE PROCEDURE "SOCIALDUOC"."SP_CONTAR_PUBLICACIONES_SEMANA" (publicaciones OUT SYS_REFCURSOR)
AS
BEGIN
 OPEN publicaciones FOR
SELECT
    TO_CHAR(MIN("FECHA"), 'DD/MM') AS "Inicio de la Semana",
    TO_CHAR(MAX("FECHA"), 'DD/MM') AS "Fin de la Semana",
    COUNT(*) AS "Nmero de Publicaciones en la Semana"
FROM
    "SOCIALDUOC"."PUBLICACION"
GROUP BY
    TO_CHAR("FECHA", 'YYYY-IW')
ORDER BY
    "Inicio de la Semana" asc;
END SP_contar_publicaciones_semana;


/
--------------------------------------------------------
--  DDL for Procedure SP_CREAR_SECCION
--------------------------------------------------------
set define off;

  CREATE OR REPLACE NONEDITIONABLE PROCEDURE "SOCIALDUOC"."SP_CREAR_SECCION" (
    p_nom_seccion IN VARCHAR2,
    p_id_ramo IN NUMBER
)
IS

BEGIN
    INSERT INTO seccion (ID_SECC, NOM_SECCION, ID_RAMO)
    VALUES (SEQ_SECCION_ID.NEXTVAL, p_nom_seccion, p_id_ramo);

    COMMIT;
END;

/
--------------------------------------------------------
--  DDL for Procedure SP_CREAR_USUARIO
--------------------------------------------------------
set define off;

  CREATE OR REPLACE NONEDITIONABLE PROCEDURE "SOCIALDUOC"."SP_CREAR_USUARIO" (
    P_RUT           IN VARCHAR2,
    P_DV            IN VARCHAR2,
    P_NOMBRE        IN VARCHAR2,
    P_AP_PATER      IN VARCHAR2,
    P_AP_MATER      IN VARCHAR2,
    P_USUARIO       IN VARCHAR2,
    P_CORREO        IN VARCHAR2,
    P_ID_COMU       IN NUMBER,
    P_ID_GEN        IN NUMBER,
    P_ID_ESTADO     IN NUMBER,
    P_ID_TIPO       IN NUMBER,
    P_ID_SEDE       IN NUMBER
) AS

BEGIN
    INSERT INTO USUARIO (
        ID_USUARIO,
        RUT,
        DV,
        NOMBRE,
        AP_PATER,
        AP_MATER,
        USUARIO,
        FOTO,
        CORREO,
        CORREO_PERSONAL,
        TELEFONO,
        ID_COMU,
        ID_GEN,
        ID_ESTADO,
        ID_TIPO,
        ID_SEDE
    ) VALUES (
        SECUENCIA_USUARIO.nextval,
        P_RUT,
        P_DV,
        P_NOMBRE,
        P_AP_PATER,
        P_AP_MATER,
        P_USUARIO,
        EMPTY_BLOB(),
        P_CORREO,
        NULL, -- P_CORREO_PERSONAL
        NULL, -- P_TELEFONO
        P_ID_COMU,
        P_ID_GEN,
        P_ID_ESTADO,
        P_ID_TIPO,
        P_ID_SEDE
    );
    COMMIT;

     INSERT INTO AUTH_USER (
        ID,
        USERNAME,
        FIRST_NAME,
        LAST_NAME,
        EMAIL,
        IS_SUPERUSER,
        IS_STAFF,
        IS_ACTIVE,
        DATE_JOINED
    ) VALUES (
        SECUENCIA_USUARIO.currval, -- Usar el ID_USUARIO generado anteriormente
        P_USUARIO,
        P_NOMBRE,
        P_AP_PATER || ' ' || P_AP_MATER, -- Combinar apellidos en LAST_NAME
        P_CORREO,
        0, -- O proporciona el valor correcto para IS_SUPERUSER
        0, -- O proporciona el valor correcto para IS_STAFF
        1, -- O proporciona el valor correcto para IS_ACTIVE
        SYSTIMESTAMP -- O proporciona el valor correcto para DATE_JOINED
    );

    COMMIT; -- Confirmar la transaccin
END;

/
--------------------------------------------------------
--  DDL for Procedure SP_ELIMINAR_ENCUESTA
--------------------------------------------------------
set define off;

  CREATE OR REPLACE NONEDITIONABLE PROCEDURE "SOCIALDUOC"."SP_ELIMINAR_ENCUESTA" (
EN_ID_ENCU IN NUMBER
)AS
BEGIN
    DELETE FROM RESP_ENCUE
    WHERE ID_ENCU = EN_ID_ENCU;

    DELETE FROM ENCUESTA e
    WHERE e.ID_ENCU = EN_ID_ENCU;

END SP_ELIMINAR_ENCUESTA;


/
--------------------------------------------------------
--  DDL for Procedure SP_ELIMINAR_EVENTO
--------------------------------------------------------
set define off;

  CREATE OR REPLACE NONEDITIONABLE PROCEDURE "SOCIALDUOC"."SP_ELIMINAR_EVENTO" (
E_ID_EVENTO IN NUMBER
)AS
BEGIN
    DELETE FROM EVENTO_AGENDADO
    WHERE ID_EVENTO = E_ID_EVENTO;
END SP_ELIMINAR_EVENTO;


/
--------------------------------------------------------
--  DDL for Procedure SP_ELIMINAR_USUARIO_SECCION
--------------------------------------------------------
set define off;

  CREATE OR REPLACE NONEDITIONABLE PROCEDURE "SOCIALDUOC"."SP_ELIMINAR_USUARIO_SECCION" (
    P_ID_SECCION IN NUMBER,
    P_ID_USER IN VARCHAR2
)
IS
BEGIN
    DELETE FROM seccion_usuario
    WHERE id_seccion = P_ID_SECCION and id_usuario= P_ID_USER;
    COMMIT;
END;

/
--------------------------------------------------------
--  DDL for Procedure SP_ELI_COMENT
--------------------------------------------------------
set define off;

  CREATE OR REPLACE NONEDITIONABLE PROCEDURE "SOCIALDUOC"."SP_ELI_COMENT" (
P_ID_PUBLIC NUMBER,
P_COMENT VARCHAR2
)AS
BEGIN
    DELETE FROM COMENTARIO
    WHERE id_publi = P_ID_PUBLIC AND id_coment = P_COMENT;
END SP_ELI_COMENT;


/
--------------------------------------------------------
--  DDL for Procedure SP_ELI_LIKE
--------------------------------------------------------
set define off;

  CREATE OR REPLACE NONEDITIONABLE PROCEDURE "SOCIALDUOC"."SP_ELI_LIKE" (
P_ID_PUBLIC NUMBER,
P_ID_USU NUMBER
)AS
BEGIN
    DELETE FROM ME_GUSTA
    WHERE id_publi = P_ID_PUBLIC AND ID_USUARIO = P_ID_USU;
END SP_ELI_LIKE;

/
--------------------------------------------------------
--  DDL for Procedure SP_ENVIAR_CORREO
--------------------------------------------------------
set define off;

  CREATE OR REPLACE NONEDITIONABLE PROCEDURE "SOCIALDUOC"."SP_ENVIAR_CORREO" (P_CORREO IN VARCHAR2, ID_USER OUT SYS_REFCURSOR) IS
BEGIN
    -- Buscar el usuario por correo en la tabla "USUARIO"
    OPEN ID_USER FOR
    SELECT u.id_usuario
    FROM USUARIO u
    WHERE u.correo_personal = P_CORREO OR u.correo = P_CORREO
    AND ROWNUM <= 1;
END;


/
--------------------------------------------------------
--  DDL for Procedure SP_GRAFICO_ENCUESTA
--------------------------------------------------------
set define off;

  CREATE OR REPLACE NONEDITIONABLE PROCEDURE "SOCIALDUOC"."SP_GRAFICO_ENCUESTA" (p_id IN NUMBER, p_resultado OUT SYS_REFCURSOR) IS
BEGIN
    OPEN p_resultado FOR
    SELECT
        enc.ID_ENCU,
        COUNT(CASE WHEN enc.RESPUESTA_UNO = res.respuesta THEN 1 END) AS RESPUESTA_UNO_COUNT,
        COUNT(CASE WHEN enc.RESPUESTA_DOS = res.respuesta THEN 1 END) AS RESPUESTA_DOS_COUNT,
        COUNT(CASE WHEN enc.RESPUESTA_UNO != res.respuesta AND enc.RESPUESTA_DOS != res.respuesta THEN 1 END) AS OTROS_COUNT
    FROM
        encuesta enc
        INNER JOIN resp_encue res ON res.ID_ENCU = enc.ID_ENCU
    WHERE
        res.id_encu = p_id
    GROUP BY
        enc.ID_ENCU, enc.ID_USUARIO;

END sp_grafico_encuesta;

/
--------------------------------------------------------
--  DDL for Procedure SP_INSERTAR_PARTICIPANTE
--------------------------------------------------------
set define off;

  CREATE OR REPLACE NONEDITIONABLE PROCEDURE "SOCIALDUOC"."SP_INSERTAR_PARTICIPANTE" (
    p_id_evento IN NUMBER,
    p_id_tipo_usuario IN NUMBER
) AS
BEGIN
    INSERT INTO participantes (id_parti, id_evento, id_usuario)
    SELECT id_eve.nextval, p_id_evento, u.id_usuario
    FROM usuario u
    LEFT JOIN participantes p ON p.id_usuario = u.id_usuario
    JOIN tipo_usuario t ON t.id_tipo = u.id_tipo
    WHERE t.id_tipo = p_id_tipo_usuario and p.id_evento IS NULL;
    COMMIT;
END;


/
--------------------------------------------------------
--  DDL for Procedure SP_LISTAR_AGREGAR_SECCION
--------------------------------------------------------
set define off;

  CREATE OR REPLACE NONEDITIONABLE PROCEDURE "SOCIALDUOC"."SP_LISTAR_AGREGAR_SECCION" (P_id_secc IN NUMBER, L_LISTA out sys_refcursor)
IS
BEGIN
    OPEN L_LISTA FOR 
SELECT
    usuario.id_usuario,
    usuario.correo,
    usuario.nombre || ' ' || usuario.ap_pater || ' ' || usuario.ap_mater AS nombre

FROM usuario
LEFT JOIN seccion_usuario ON seccion_usuario.id_usuario = usuario.id_usuario
    AND seccion_usuario.id_seccion = P_id_secc
WHERE seccion_usuario.id_seccion IS NULL;
END;

/
--------------------------------------------------------
--  DDL for Procedure SP_LISTAR_CARRERAS
--------------------------------------------------------
set define off;

  CREATE OR REPLACE NONEDITIONABLE PROCEDURE "SOCIALDUOC"."SP_LISTAR_CARRERAS" (C_CARRERAS out sys_refcursor)
IS
BEGIN
    OPEN C_CARRERAS FOR
        select 
            id_carrera,
            nom_carrera
        from carrera;
END;

/
--------------------------------------------------------
--  DDL for Procedure SP_LISTAR_COMENTARIO
--------------------------------------------------------
set define off;

  CREATE OR REPLACE NONEDITIONABLE PROCEDURE "SOCIALDUOC"."SP_LISTAR_COMENTARIO" (P_COMENTARIO out sys_refcursor)
IS

BEGIN
        OPEN P_COMENTARIO FOR
    SELECT 
        c.id_publi,
        c.id_usuario,
        c.comentario,
        U.NOMBRE||' '||U.AP_PATER,
        c.id_coment,
        u.foto,
        U.USUARIO
    FROM COMENTARIO C JOIN USUARIO U ON U.id_usuario=C.id_usuario
    ORDER BY c.id_coment DESC;
END SP_LISTAR_COMENTARIO;

/
--------------------------------------------------------
--  DDL for Procedure SP_LISTAR_ENCUESTAS
--------------------------------------------------------
set define off;

  CREATE OR REPLACE NONEDITIONABLE PROCEDURE "SOCIALDUOC"."SP_LISTAR_ENCUESTAS" (encuestas out SYS_REFCURSOR)
IS

BEGIN
    open encuestas for 
select
    e.titulo,
    e.pregunta,
    e.descrip,
    TO_CHAR(TO_DATE(e.fecha), 'MM/DD/YYYY'),
    TO_CHAR(TO_DATE(e.fechafin), 'MM/DD/YYYY'),
    u.id_usuario,
    U.NOMBRE || ' ' || U.AP_PATER || ' ' || U.AP_MATER,
    e.id_encu,
    e.link,
    e.respuesta_uno,
    e.respuesta_dos
    from ENCUESTA e
    full join usuario u on u.id_usuario = e.id_usuario
    where e.estado=1
    order by e.fecha DESC;
EXCEPTION 
    WHEN OTHERS THEN
        DBMS_OUTPUT.put_line('Error al listar encuestas: ' || SQLERRM);
END;


/
--------------------------------------------------------
--  DDL for Procedure SP_LISTAR_ENCUESTAS_BUSQ_USU
--------------------------------------------------------
set define off;

  CREATE OR REPLACE NONEDITIONABLE PROCEDURE "SOCIALDUOC"."SP_LISTAR_ENCUESTAS_BUSQ_USU" (P_ID_USER IN NUMBER, encuestas out SYS_REFCURSOR)
IS

BEGIN
    open encuestas for 
select
    e.titulo,
    e.pregunta,
    e.descrip,
    TO_CHAR(TO_DATE(e.fecha), 'MM/DD/YYYY'),
    TO_CHAR(TO_DATE(e.fechafin), 'MM/DD/YYYY'),
    u.id_usuario,
    U.NOMBRE||' '||U.AP_PATER,
    e.id_encu,
    e.link,
    e.estado
    from ENCUESTA e
    join usuario u on u.id_usuario = e.id_usuario
    WHERE u.id_usuario = P_ID_USER AND e.estado=1
    order by e.fecha DESC;
EXCEPTION 
    WHEN OTHERS THEN
        DBMS_OUTPUT.put_line('Error al listar encuestas: ' || SQLERRM);
END;

/
--------------------------------------------------------
--  DDL for Procedure SP_LISTAR_ENCUESTAS_TODO
--------------------------------------------------------
set define off;

  CREATE OR REPLACE NONEDITIONABLE PROCEDURE "SOCIALDUOC"."SP_LISTAR_ENCUESTAS_TODO" (P_ID_USER IN NUMBER, encuestas out SYS_REFCURSOR)
IS

BEGIN
    open encuestas for 
select
    e.titulo,
    e.pregunta,
    e.descrip,
    TO_CHAR(TO_DATE(e.fecha), 'MM/DD/YYYY'),
    TO_CHAR(TO_DATE(e.fechafin), 'MM/DD/YYYY'),
    u.id_usuario,
    U.NOMBRE||' '||U.AP_PATER,
    e.id_encu,
    e.link,
    e.estado
    from ENCUESTA e
    join usuario u on u.id_usuario = e.id_usuario
    WHERE u.id_usuario = P_ID_USER
    order by e.fecha DESC;
EXCEPTION 
    WHEN OTHERS THEN
        DBMS_OUTPUT.put_line('Error al listar encuestas: ' || SQLERRM);
END;

/
--------------------------------------------------------
--  DDL for Procedure SP_LISTAR_ENCUESTAS_USU
--------------------------------------------------------
set define off;

  CREATE OR REPLACE NONEDITIONABLE PROCEDURE "SOCIALDUOC"."SP_LISTAR_ENCUESTAS_USU" (EV_ID NUMBER,encuestas out SYS_REFCURSOR)
IS

BEGIN
    open encuestas for 
select
    e.titulo,
    e.pregunta,
    e.descrip,
    TO_CHAR(TO_DATE(e.fecha), 'MM/DD/YYYY'),
    TO_CHAR(TO_DATE(e.fechafin), 'MM/DD/YYYY'),
    u.id_usuario,
    u.usuario,
    e.id_encu,
    e.link,
    e.respuesta_uno,
    e.respuesta_dos
    from ENCUESTA e
    full join usuario u on u.id_usuario = e.id_usuario
    where e.id_encu = EV_ID
    order by e.fecha;
EXCEPTION 
    WHEN OTHERS THEN
        DBMS_OUTPUT.put_line('Error al listar encuestas: ' || SQLERRM);
END;


/
--------------------------------------------------------
--  DDL for Procedure SP_LISTAR_EVENTOS
--------------------------------------------------------
set define off;

  CREATE OR REPLACE NONEDITIONABLE PROCEDURE "SOCIALDUOC"."SP_LISTAR_EVENTOS" (eventos OUT SYS_REFCURSOR)
IS
    v_cursor SYS_REFCURSOR;
BEGIN
    OPEN v_cursor FOR
        SELECT
            ev.NOM_EVEN,
            U.NOMBRE || ' ' || U.AP_PATER || ' ' || U.AP_MATER,
            ev.DESCRIP,
            TO_CHAR(TO_DATE(ev.fecha), 'MM/DD/YYYY'),
            TO_CHAR(TO_DATE(ev.fechafin), 'MM/DD/YYYY'),
            ev.id_usuario,
            ev.id_evento
        FROM
            EVENTO_AGENDADO ev
        JOIN usuario u on u.id_usuario = ev.id_usuario
        WHERE ev.estado = 1
        ORDER BY
            ev.fecha DESC;

    eventos := v_cursor;
EXCEPTION
    WHEN OTHERS THEN
        DBMS_OUTPUT.put_line('Error al listar eventos: ' || SQLERRM);
END;


/
--------------------------------------------------------
--  DDL for Procedure SP_LISTAR_EVENTOS_BUSQ_USU
--------------------------------------------------------
set define off;

  CREATE OR REPLACE NONEDITIONABLE PROCEDURE "SOCIALDUOC"."SP_LISTAR_EVENTOS_BUSQ_USU" (P_ID_USER IN NUMBER, eventos OUT SYS_REFCURSOR)
IS
    v_cursor SYS_REFCURSOR;
BEGIN
    OPEN v_cursor FOR
        SELECT
            ev.NOM_EVEN,
            U.NOMBRE||' '||U.AP_PATER,
            ev.DESCRIP,
            TO_CHAR(TO_DATE(ev.fecha), 'MM/DD/YYYY'),
            TO_CHAR(TO_DATE(ev.fechafin), 'MM/DD/YYYY'),
            ev.id_usuario,
            ev.id_evento,
            ev.estado
        FROM
            EVENTO_AGENDADO ev
        JOIN usuario u on u.id_usuario = ev.id_usuario
        where u.id_usuario = P_ID_USER AND ev.estado=1
        ORDER BY
            ev.fecha DESC;
    eventos := v_cursor;
EXCEPTION
    WHEN OTHERS THEN
        DBMS_OUTPUT.put_line('Error al listar eventos: ' || SQLERRM);
END;

/
--------------------------------------------------------
--  DDL for Procedure SP_LISTAR_EVENTOS_TODO
--------------------------------------------------------
set define off;

  CREATE OR REPLACE NONEDITIONABLE PROCEDURE "SOCIALDUOC"."SP_LISTAR_EVENTOS_TODO" (P_ID_USER IN NUMBER, eventos OUT SYS_REFCURSOR)
IS
    v_cursor SYS_REFCURSOR;
BEGIN
    OPEN v_cursor FOR
        SELECT
            ev.NOM_EVEN,
            U.NOMBRE||' '||U.AP_PATER,
            ev.DESCRIP,
            TO_CHAR(TO_DATE(ev.fecha), 'MM/DD/YYYY'),
            TO_CHAR(TO_DATE(ev.fechafin), 'MM/DD/YYYY'),
            ev.id_usuario,
            ev.id_evento,
            ev.estado
        FROM
            EVENTO_AGENDADO ev
        JOIN usuario u on u.id_usuario = ev.id_usuario
        where u.id_usuario = P_ID_USER
        ORDER BY
            ev.fecha DESC;

    eventos := v_cursor;
EXCEPTION
    WHEN OTHERS THEN
        DBMS_OUTPUT.put_line('Error al listar eventos: ' || SQLERRM);
END;

/
--------------------------------------------------------
--  DDL for Procedure SP_LISTAR_EVENTOS_USU
--------------------------------------------------------
set define off;

  CREATE OR REPLACE NONEDITIONABLE PROCEDURE "SOCIALDUOC"."SP_LISTAR_EVENTOS_USU" (E_ID NUMBER, eventos OUT SYS_REFCURSOR)
IS
    v_cursor SYS_REFCURSOR;
BEGIN
    OPEN v_cursor FOR
        SELECT
            ev.NOM_EVEN,
            u.usuario,
            u.usuario,
            ev.DESCRIP,
            TO_CHAR(TO_DATE(ev.fecha), 'MM/DD/YYYY'),
            TO_CHAR(TO_DATE(ev.fechafin), 'MM/DD/YYYY'),
            ev.id_usuario,
            ev.id_evento
        FROM
            EVENTO_AGENDADO ev

        FULL JOIN usuario u on u.id_usuario = ev.id_usuario
        WHERE ev.id_evento = E_ID
        ORDER BY
            ev.fecha;

    eventos := v_cursor;
EXCEPTION
    WHEN OTHERS THEN
        DBMS_OUTPUT.put_line('Error al listar eventos: ' || SQLERRM);
END;


/
--------------------------------------------------------
--  DDL for Procedure SP_LISTAR_HOME
--------------------------------------------------------
set define off;

  CREATE OR REPLACE NONEDITIONABLE PROCEDURE "SOCIALDUOC"."SP_LISTAR_HOME" (U_USUARIO out sys_refcursor)
IS

BEGIN
    OPEN U_USUARIO FOR 
        SELECT 
            TIPO,
            ID,
            TITULO,
            FECHA,
            FECHA_FIN,
            NOMBRE_USUARIO,
            DESCRIPCION,
            PREGUNTA,
            LINK,
            RESPUESTA_UNO,
            RESPUESTA_DOS,
            LIKE_COUNT,
            ID_USUARIO,
            FOTO_USUARIO,
            FOTO_PUBLICACION,
            SEDE,
            USUARIO
        FROM vista_pagina_home
        WHERE TO_CHAR(TO_DATE(FECHA, 'DD/MM/YYYY'), 'MM') IN (
        TO_CHAR(SYSDATE, 'MM'),
        TO_CHAR(ADD_MONTHS(SYSDATE, -1), 'MM'))
        ORDER BY TO_DATE(FECHA, 'DD/MM/YYYY') DESC;
END;

/
--------------------------------------------------------
--  DDL for Procedure SP_LISTAR_IMAGEN
--------------------------------------------------------
set define off;

  CREATE OR REPLACE NONEDITIONABLE PROCEDURE "SOCIALDUOC"."SP_LISTAR_IMAGEN" (P_IMAGEN out sys_refcursor)
IS

BEGIN
    OPEN P_IMAGEN FOR
SELECT
        p.id_publi,
        p.fotos
    FROM PUBLICACION P;
END;


/
--------------------------------------------------------
--  DDL for Procedure SP_LISTAR_IMAGEN_PUB
--------------------------------------------------------
set define off;

  CREATE OR REPLACE NONEDITIONABLE PROCEDURE "SOCIALDUOC"."SP_LISTAR_IMAGEN_PUB" (P_ID NUMBER, P_IMAGEN out sys_refcursor)
IS

BEGIN
    OPEN P_IMAGEN FOR
SELECT
        p.id_publi,
        p.fotos,
        u.id_usuario
    FROM PUBLICACION P
    JOIN USUARIO U ON U.id_usuario = p.id_usuario
    WHERE p.id_publi = P_ID;
END;


/
--------------------------------------------------------
--  DDL for Procedure SP_LISTAR_IMAGEN_USU
--------------------------------------------------------
set define off;

  CREATE OR REPLACE NONEDITIONABLE PROCEDURE "SOCIALDUOC"."SP_LISTAR_IMAGEN_USU" (U_ID NUMBER, P_IMAGEN out sys_refcursor)
IS

BEGIN
    OPEN P_IMAGEN FOR
SELECT
        u.id_usuario,
        u.foto
    FROM USUARIO u
    WHERE u.id_usuario = U_ID;
END;


/
--------------------------------------------------------
--  DDL for Procedure SP_LISTAR_IMAGEN_USU_INI
--------------------------------------------------------
set define off;

  CREATE OR REPLACE NONEDITIONABLE PROCEDURE "SOCIALDUOC"."SP_LISTAR_IMAGEN_USU_INI" (P_IMAGEN out sys_refcursor)
IS

BEGIN
    OPEN P_IMAGEN FOR
SELECT
        u.id_usuario,
        u.foto
    FROM USUARIO u;
END;


/
--------------------------------------------------------
--  DDL for Procedure SP_LISTAR_ME_GUSTA
--------------------------------------------------------
set define off;

  CREATE OR REPLACE NONEDITIONABLE PROCEDURE "SOCIALDUOC"."SP_LISTAR_ME_GUSTA" (M_GUSTA out sys_refcursor)
IS

BEGIN
        OPEN M_GUSTA FOR
SELECT 
    ID_USUARIO
FROM ME_GUSTA;
END SP_LISTAR_ME_GUSTA;


/
--------------------------------------------------------
--  DDL for Procedure SP_LISTAR_PUBLICACION
--------------------------------------------------------
set define off;

  CREATE OR REPLACE NONEDITIONABLE PROCEDURE "SOCIALDUOC"."SP_LISTAR_PUBLICACION" (P_PUBLICACION out sys_refcursor)
IS

BEGIN
    OPEN P_PUBLICACION FOR 
SELECT
    p.id_publi,
    U.NOMBRE || ' ' || U.AP_PATER || ' ' || U.AP_MATER,
    TO_CHAR(TO_DATE(p.fecha), 'DD/MM/YYYY') as fecha,
    p.descrip,
    p.estado,
    NVL((
        SELECT SUM(NVL(m.tipo_like, 0))
        FROM ME_GUSTA m
        WHERE m.ID_PUBLI = p.id_publi
    ), 0) as like_count, 
    p.id_usuario,
    s.nom_sede,
    p.fotos,
    u.foto
FROM PUBLICACION P
JOIN USUARIO U ON U.id_usuario = p.id_usuario
JOIN SEDE S ON s.id_sede = p.id_sede
WHERE p.estado = 1
ORDER BY TO_DATE(p.fecha) DESC;
END;


/
--------------------------------------------------------
--  DDL for Procedure SP_LISTAR_PUBLICACION_BUSQ_USU
--------------------------------------------------------
set define off;

  CREATE OR REPLACE NONEDITIONABLE PROCEDURE "SOCIALDUOC"."SP_LISTAR_PUBLICACION_BUSQ_USU" (P_ID_USER IN NUMBER,P_PUBLICACION out sys_refcursor)
IS

BEGIN
    OPEN P_PUBLICACION FOR 
     SELECT
        p.id_publi,
        U.NOMBRE || ' ' || U.AP_PATER,
        TO_CHAR(TO_DATE(p.fecha), 'DD/MM/YYYY') as fecha,
        p.descrip,
        p.estado,
        NVL((
            SELECT SUM(NVL(m.tipo_like, 0))
            FROM ME_GUSTA m
            WHERE m.ID_PUBLI = p.id_publi
        ), 0) as like_count, 
        p.id_usuario,
        p.fotos
        FROM PUBLICACION P
        JOIN USUARIO U ON U.id_usuario = p.id_usuario
        where u.id_usuario = P_ID_USER AND p.estado=1
        ORDER BY P.FECHA DESC;
END;


/
--------------------------------------------------------
--  DDL for Procedure SP_LISTAR_PUBLICACION_SEDE
--------------------------------------------------------
set define off;

  CREATE OR REPLACE NONEDITIONABLE PROCEDURE "SOCIALDUOC"."SP_LISTAR_PUBLICACION_SEDE" (P_id_sede IN NUMBER, P_PUBLICACION out sys_refcursor)
IS

BEGIN
    OPEN P_PUBLICACION FOR 
SELECT
    p.id_publi,
    U.NOMBRE || ' ' || U.AP_PATER,
    TO_CHAR(TO_DATE(p.fecha), 'DD/MM/YYYY') as fecha,
    p.descrip,
    p.estado,
    NVL((
        SELECT SUM(NVL(m.tipo_like, 0))
        FROM ME_GUSTA m
        WHERE m.ID_PUBLI = p.id_publi
    ), 0) as like_count, 
    p.id_usuario,
    s.nom_sede,
    p.fotos,
    u.foto
FROM PUBLICACION P
JOIN USUARIO U ON U.id_usuario = p.id_usuario
JOIN SEDE S ON s.id_sede = p.id_sede
WHERE p.estado = 1 and p.id_sede = P_id_sede
ORDER BY TO_DATE(p.fecha) DESC;
END;


/
--------------------------------------------------------
--  DDL for Procedure SP_LISTAR_PUBLICACION_TODO
--------------------------------------------------------
set define off;

  CREATE OR REPLACE NONEDITIONABLE PROCEDURE "SOCIALDUOC"."SP_LISTAR_PUBLICACION_TODO" (P_ID_USER IN NUMBER,P_PUBLICACION out sys_refcursor)
IS

BEGIN
    OPEN P_PUBLICACION FOR 
     SELECT
        p.id_publi,
        U.NOMBRE || ' ' || U.AP_PATER,
        TO_CHAR(TO_DATE(p.fecha), 'DD/MM/YYYY') as fecha,
        p.descrip,
        p.estado,
        NVL((
            SELECT SUM(NVL(m.tipo_like, 0))
            FROM ME_GUSTA m
            WHERE m.ID_PUBLI = p.id_publi
        ), 0) as like_count, 
        p.id_usuario,
        p.fotos
        FROM PUBLICACION P
        JOIN USUARIO U ON U.id_usuario = p.id_usuario
        where u.id_usuario = P_ID_USER 
        ORDER BY P.FECHA DESC;
END;


/
--------------------------------------------------------
--  DDL for Procedure SP_LISTAR_PUBLICACION_USU
--------------------------------------------------------
set define off;

  CREATE OR REPLACE NONEDITIONABLE PROCEDURE "SOCIALDUOC"."SP_LISTAR_PUBLICACION_USU" (
    P_ID NUMBER,
    P_PUBLICACION OUT SYS_REFCURSOR
)
IS
BEGIN
    OPEN P_PUBLICACION FOR 
        SELECT
            p.id_publi,
            u.usuario,
            p.fecha,
            p.descrip,
            p.estado,
            NVL(
                (SELECT SUM(NVL(m.tipo_like, 0))
                 FROM ME_GUSTA m
                 WHERE m.ID_PUBLI = p.id_publi
                ), 0
            ) AS like_count, 
            p.id_usuario,
            p.id_sede,
            se.nom_sede,
            p.fotos
        FROM PUBLICACION P
        JOIN USUARIO U ON U.id_usuario = p.id_usuario
        JOIN SEDE SE ON SE.ID_SEDE = p.id_sede
        WHERE p.id_publi = P_ID
        ORDER BY P.FECHA DESC;
END;

/
--------------------------------------------------------
--  DDL for Procedure SP_LISTAR_RAMO
--------------------------------------------------------
set define off;

  CREATE OR REPLACE NONEDITIONABLE PROCEDURE "SOCIALDUOC"."SP_LISTAR_RAMO" (P_ID_USU NUMBER ,P_RAMO out sys_refcursor )
IS
TIPO_USU NUMBER;
BEGIN
SELECT ID_TIPO
INTO TIPO_USU
FROM USUARIO
WHERE P_ID_USU = ID_USUARIO;

IF  TIPO_USU=6 THEN
 OPEN P_RAMO FOR 
    SELECT
            DI.ID_USUARIO,
            RA.NOM_RAMO
        FROM DIRECTOR DI
        LEFT JOIN CARRERA CA ON DI.id_carrera = ca.id_carrera
        LEFT JOIN RAMO RA ON ra.id_carrera = ca.id_carrera
        WHERE DI.id_usuario = P_ID_USU;
END IF;

 IF  TIPO_USU=5 THEN
 OPEN P_RAMO FOR 
    SELECT
            DI.ID_USUARIO,
            RA.NOM_RAMO
        FROM COORDINADOR DI
        LEFT JOIN CARRERA CA ON DI.id_carrera = ca.id_carrera
        LEFT JOIN RAMO RA ON ra.id_carrera = ca.id_carrera
        WHERE DI.id_usuario = P_ID_USU;
END IF;

IF  TIPO_USU=4 THEN
 OPEN P_RAMO FOR 
    SELECT
            DI.USUARIO_ID_USUARIO,
            CA.NOM_SEDE
        FROM INSTITUCION DI
        LEFT JOIN SEDE CA ON di.id_sede = ca.id_sede

        WHERE DI.USUARIO_ID_USUARIO = P_ID_USU;
END IF;

IF  TIPO_USU=3 THEN
 OPEN P_RAMO FOR 
    SELECT
            RD.DOCENTE_ID_USUARIO,
            RA.NOM_RAMO
        FROM  RAMO_DOC RD
        LEFT JOIN RAMO RA ON ra.ID_RAMO = RD.DOCENTE_ID_USUARIO
        WHERE RD.DOCENTE_ID_USUARIO = P_ID_USU;
END IF;

END;


/
--------------------------------------------------------
--  DDL for Procedure SP_LISTAR_RAMOS
--------------------------------------------------------
set define off;

  CREATE OR REPLACE NONEDITIONABLE PROCEDURE "SOCIALDUOC"."SP_LISTAR_RAMOS" (R_RAMOS out sys_refcursor)
IS

BEGIN
    OPEN R_RAMOS FOR 
        select 
            ramo.id_ramo, 
            ramo.nom_ramo,
            ramo.id_carrera
        from ramo;
END;

/
--------------------------------------------------------
--  DDL for Procedure SP_LISTAR_RESP_ENCUE
--------------------------------------------------------
set define off;

  CREATE OR REPLACE NONEDITIONABLE PROCEDURE "SOCIALDUOC"."SP_LISTAR_RESP_ENCUE" (R_RESPUESTA out sys_refcursor)
IS

BEGIN
        OPEN R_RESPUESTA FOR
    SELECT 
        RE.ID_RESP,
        RE.RESPUESTA,
        RE.ID_ENCU,
        U.USUARIO,
        U.ID_USUARIO
    FROM RESP_ENCUE RE JOIN USUARIO U ON U.id_usuario = RE.id_usuario
    ORDER BY RE.ID_RESP DESC;
END SP_LISTAR_RESP_ENCUE;


/
--------------------------------------------------------
--  DDL for Procedure SP_LISTAR_SECCION
--------------------------------------------------------
set define off;

  CREATE OR REPLACE NONEDITIONABLE PROCEDURE "SOCIALDUOC"."SP_LISTAR_SECCION" (S_SECCION out sys_refcursor)
IS

BEGIN
    OPEN S_SECCION FOR 
        select 
            seccion.id_secc, 
            seccion.nom_seccion, 
            seccion.id_ramo,
            ramo.nom_ramo,
            ramo.id_carrera
        from seccion
        JOIN ramo on ramo.id_ramo = seccion.id_ramo;
END;

/
--------------------------------------------------------
--  DDL for Procedure SP_LISTAR_SEDE
--------------------------------------------------------
set define off;

  CREATE OR REPLACE NONEDITIONABLE PROCEDURE "SOCIALDUOC"."SP_LISTAR_SEDE" (P_SEDE out sys_refcursor)
IS

BEGIN
    OPEN P_SEDE FOR 
SELECT
    id_sede,
    nom_sede
FROM SEDE;
END;


/
--------------------------------------------------------
--  DDL for Procedure SP_LISTAR_TIPO_USU
--------------------------------------------------------
set define off;

  CREATE OR REPLACE NONEDITIONABLE PROCEDURE "SOCIALDUOC"."SP_LISTAR_TIPO_USU" (P_TIPO out sys_refcursor)
IS

BEGIN
    OPEN P_TIPO FOR 
SELECT 
    ID_TIPO,
    NOM_TIPO
FROM TIPO_USUARIO;
END;


/
--------------------------------------------------------
--  DDL for Procedure SP_LISTAR_TOKENS
--------------------------------------------------------
set define off;

  CREATE OR REPLACE NONEDITIONABLE PROCEDURE "SOCIALDUOC"."SP_LISTAR_TOKENS" (TOKENS out sys_refcursor)
IS
BEGIN
    OPEN TOKENS FOR
        select 
            id,
            token,
            id_usuario
        from tokens;
END;

/
--------------------------------------------------------
--  DDL for Procedure SP_LISTAR_TOKENS_GRUPOS
--------------------------------------------------------
set define off;

  CREATE OR REPLACE NONEDITIONABLE PROCEDURE "SOCIALDUOC"."SP_LISTAR_TOKENS_GRUPOS" (
    ID_GRUPO IN VARCHAR2,
    P_ID_USUARIO IN VARCHAR2, -- Aadir el parmetro para el ID de usuario a excluir
    TOKENS OUT SYS_REFCURSOR
)
IS
BEGIN
    OPEN TOKENS FOR
    SELECT 
        tokens.id,
        tokens.token,
        tokens.id_usuario
    FROM 
        tokens
    JOIN 
        seccion_usuario ON seccion_usuario.id_usuario = tokens.id_usuario
    WHERE 
        seccion_usuario.id_seccion = ID_GRUPO
        AND tokens.id_usuario != P_ID_USUARIO; -- Excluir al usuario con ID especificado
END;

/
--------------------------------------------------------
--  DDL for Procedure SP_LISTAR_TOKENS_USUARIO
--------------------------------------------------------
set define off;

  CREATE OR REPLACE NONEDITIONABLE PROCEDURE "SOCIALDUOC"."SP_LISTAR_TOKENS_USUARIO" (ID_USER IN VARCHAR2,TOKENS out sys_refcursor)
IS
BEGIN
    OPEN TOKENS FOR
        select 
            id,
            token,
            id_usuario
        from tokens
        WHERE id_usuario = ID_USER;
END;

/
--------------------------------------------------------
--  DDL for Procedure SP_LISTAR_USUARIOS_SECCION_ID
--------------------------------------------------------
set define off;

  CREATE OR REPLACE NONEDITIONABLE PROCEDURE "SOCIALDUOC"."SP_LISTAR_USUARIOS_SECCION_ID" (P_id_SECCION IN NUMBER, S_SECCION out sys_refcursor)
IS

BEGIN
    OPEN S_SECCION FOR 
        select 
            usuario.id_usuario,
            usuario.nombre || ' ' || usuario.ap_pater || ' ' || usuario.ap_mater as nombre,
            usuario.foto,
            usuario.correo,
            seccion.nom_seccion as seccion
        from seccion_usuario
        join usuario on usuario.id_usuario = seccion_usuario.id_usuario
        join seccion on seccion.id_secc = seccion_usuario.id_seccion

        WHERE P_id_SECCION = seccion_usuario.id_seccion;
END;

/
--------------------------------------------------------
--  DDL for Procedure SP_LOGIN
--------------------------------------------------------
set define off;

  CREATE OR REPLACE NONEDITIONABLE PROCEDURE "SOCIALDUOC"."SP_LOGIN"     (u_correo varchar2, u_pass varchar2, p_estado OUT NUMBER, mensaje OUT NUMBER)
AS
    v_contrasena_db VARCHAR2(50);
BEGIN
    SELECT CONTRASENIA INTO v_contrasena_db
        FROM USUARIO
    WHERE CORREO = u_correo;

    IF u_pass = v_contrasena_db THEN
        p_estado := 1;
    ELSE
        p_estado := 0;
    END IF;

    commit;
    mensaje:=1;
    exception
        when others then
            mensaje:=0;
END SP_LOGIN;

/
--------------------------------------------------------
--  DDL for Procedure SP_MODIFICAR_ENCUESTA
--------------------------------------------------------
set define off;

  CREATE OR REPLACE NONEDITIONABLE PROCEDURE "SOCIALDUOC"."SP_MODIFICAR_ENCUESTA" (
E_TITULO IN VARCHAR2,
E_PREGUNTA IN VARCHAR2,
E_DESCRIP IN VARCHAR2,
E_LINK IN VARCHAR2,
E_ID_ENCU IN NUMBER,
E_FECHAINI IN VARCHAR2,
E_FECHAFIN IN VARCHAR2,
E_RESPUESTA_UNO IN VARCHAR2,
E_RESPUESTA_DOS IN VARCHAR2

) AS
BEGIN
    UPDATE ENCUESTA
SET 
    TITULO =  E_TITULO,
    PREGUNTA = E_PREGUNTA,
    DESCRIP =  E_DESCRIP,
    "LINK" =  E_LINK,
    FECHA = TO_DATE(E_FECHAINI, 'MM/DD/YYYY'),
    FECHAFIN = TO_DATE(E_FECHAFIN, 'MM/DD/YYYY'),
    respuesta_uno = E_RESPUESTA_UNO,
    respuesta_dos = E_RESPUESTA_DOS
WHERE
     E_ID_ENCU = ID_ENCU;

END SP_MODIFICAR_ENCUESTA;


/
--------------------------------------------------------
--  DDL for Procedure SP_MODIFICAR_EVENTO
--------------------------------------------------------
set define off;

  CREATE OR REPLACE NONEDITIONABLE PROCEDURE "SOCIALDUOC"."SP_MODIFICAR_EVENTO" (
E_ID_EVENTO IN NUMBER,
E_NOM_EVEN IN VARCHAR2,
E_DESCRIP IN VARCHAR2,
E_FECHAINI IN VARCHAR2,
E_FECHAFIN IN VARCHAR2
) AS
BEGIN
    UPDATE EVENTO_AGENDADO
SET 
    NOM_EVEN =  E_NOM_EVEN,
    DESCRIP = E_DESCRIP,
    FECHA = TO_DATE(E_FECHAINI, 'MM/DD/YYYY'),
    FECHAFIN = TO_DATE(E_FECHAFIN, 'MM/DD/YYYY')
WHERE
     E_ID_EVENTO = ID_EVENTO;

END SP_MODIFICAR_EVENTO;


/
--------------------------------------------------------
--  DDL for Procedure SP_MODIFICAR_PERFIL_USUARIO
--------------------------------------------------------
set define off;

  CREATE OR REPLACE NONEDITIONABLE PROCEDURE "SOCIALDUOC"."SP_MODIFICAR_PERFIL_USUARIO" (P_ID NUMBER, P_CORREO VARCHAR2, P_TELEFONO VARCHAR2
)
IS
BEGIN
    UPDATE USUARIO
    SET 
        CORREO_PERSONAL = P_CORREO,
        TELEFONO = P_TELEFONO
    WHERE P_ID = ID_USUARIO ;
    COMMIT;
END;


/
--------------------------------------------------------
--  DDL for Procedure SP_MODIFICAR_PUBLICACION
--------------------------------------------------------
set define off;

  CREATE OR REPLACE NONEDITIONABLE PROCEDURE "SOCIALDUOC"."SP_MODIFICAR_PUBLICACION" (P_ID_PUBLI NUMBER, P_DESCRIP VARCHAR2, P_SEDE NUMBER
)
IS
BEGIN
    UPDATE PUBLICACION 
    SET
        DESCRIP = P_DESCRIP,
        ID_SEDE = P_SEDE
    WHERE P_ID_PUBLI = ID_PUBLI;
    COMMIT;
END;


/
--------------------------------------------------------
--  DDL for Procedure SP_OBTENER_ULTIMA_SEMANA_Y_DIA
--------------------------------------------------------
set define off;

  CREATE OR REPLACE NONEDITIONABLE PROCEDURE "SOCIALDUOC"."SP_OBTENER_ULTIMA_SEMANA_Y_DIA" (
    resultado_semana OUT SYS_REFCURSOR
) AS
BEGIN
    -- Obtener las publicaciones por da de la ltima semana
    OPEN resultado_semana FOR
    SELECT
        TO_CHAR("FECHA", 'DD/MM') AS "Fecha",
        TO_CHAR("FECHA", 'DY', 'NLS_DATE_LANGUAGE=SPANISH') AS "Dia",
        COUNT(*) AS "Nmero de Publicaciones"
    FROM
        "SOCIALDUOC"."PUBLICACION"
    WHERE
        TO_CHAR("FECHA", 'IYYY-IW') = (
            SELECT
                TO_CHAR(MAX("FECHA"), 'IYYY-IW') AS "UltimaSemana"
            FROM
                "SOCIALDUOC"."PUBLICACION"
        )
    GROUP BY
        TO_CHAR("FECHA", 'DD/MM'),
        TO_CHAR("FECHA", 'DY' , 'NLS_DATE_LANGUAGE=SPANISH') 
ORDER BY
    CASE
        WHEN TO_CHAR("FECHA", 'DY', 'NLS_DATE_LANGUAGE=SPANISH') = 'LUN' THEN 1
        WHEN TO_CHAR("FECHA", 'DY', 'NLS_DATE_LANGUAGE=SPANISH') = 'MAR' THEN 2
        WHEN TO_CHAR("FECHA", 'DY', 'NLS_DATE_LANGUAGE=SPANISH') = 'MI' THEN 3
        WHEN TO_CHAR("FECHA", 'DY', 'NLS_DATE_LANGUAGE=SPANISH') = 'JUE' THEN 4
        WHEN TO_CHAR("FECHA", 'DY', 'NLS_DATE_LANGUAGE=SPANISH') = 'VIE' THEN 5
        WHEN TO_CHAR("FECHA", 'DY', 'NLS_DATE_LANGUAGE=SPANISH') = 'SB' THEN 6
        WHEN TO_CHAR("FECHA", 'DY', 'NLS_DATE_LANGUAGE=SPANISH') = 'DOM' THEN 7
    END;
END SP_obtener_ultima_semana_y_dia;


/
--------------------------------------------------------
--  DDL for Procedure SP_OBTENER_ULTIMA_SEMANA_Y_DIAE
--------------------------------------------------------
set define off;

  CREATE OR REPLACE NONEDITIONABLE PROCEDURE "SOCIALDUOC"."SP_OBTENER_ULTIMA_SEMANA_Y_DIAE" (
    resultado_semana OUT SYS_REFCURSOR
) AS
BEGIN
    -- Obtener las publicaciones por da de la ltima semana
    OPEN resultado_semana FOR
    SELECT
        TO_CHAR("FECHA", 'DD/MM') AS "Fecha",
        TO_CHAR("FECHA", 'DY', 'NLS_DATE_LANGUAGE=SPANISH') AS "Dia",
        COUNT(*) AS "Nmero de Encuestas"
    FROM
        "SOCIALDUOC"."ENCUESTA"
    WHERE
        TO_CHAR("FECHA", 'IYYY-IW') = (
            SELECT
                TO_CHAR(MAX("FECHA"), 'IYYY-IW') AS "UltimaSemana"
            FROM
                "SOCIALDUOC"."ENCUESTA"
        )
    GROUP BY
        TO_CHAR("FECHA", 'DD/MM'),
        TO_CHAR("FECHA", 'DY' , 'NLS_DATE_LANGUAGE=SPANISH') 
ORDER BY
    CASE
        WHEN TO_CHAR("FECHA", 'DY', 'NLS_DATE_LANGUAGE=SPANISH') = 'LUN' THEN 1
        WHEN TO_CHAR("FECHA", 'DY', 'NLS_DATE_LANGUAGE=SPANISH') = 'MAR' THEN 2
        WHEN TO_CHAR("FECHA", 'DY', 'NLS_DATE_LANGUAGE=SPANISH') = 'MI' THEN 3
        WHEN TO_CHAR("FECHA", 'DY', 'NLS_DATE_LANGUAGE=SPANISH') = 'JUE' THEN 4
        WHEN TO_CHAR("FECHA", 'DY', 'NLS_DATE_LANGUAGE=SPANISH') = 'VIE' THEN 5
        WHEN TO_CHAR("FECHA", 'DY', 'NLS_DATE_LANGUAGE=SPANISH') = 'SB' THEN 6
        WHEN TO_CHAR("FECHA", 'DY', 'NLS_DATE_LANGUAGE=SPANISH') = 'DOM' THEN 7
    END;
END SP_obtener_ultima_semana_y_diaE;


/
--------------------------------------------------------
--  DDL for Procedure SP_OBTENER_ULTIMA_SEMANA_Y_DIAEV
--------------------------------------------------------
set define off;

  CREATE OR REPLACE NONEDITIONABLE PROCEDURE "SOCIALDUOC"."SP_OBTENER_ULTIMA_SEMANA_Y_DIAEV" (
    resultado_semana OUT SYS_REFCURSOR
) AS
BEGIN
    -- Obtener las publicaciones por da de la ltima semana
    OPEN resultado_semana FOR
    SELECT
        TO_CHAR("FECHA", 'DD/MM') AS "Fecha",
        TO_CHAR("FECHA", 'DY', 'NLS_DATE_LANGUAGE=SPANISH') AS "Dia",
        COUNT(*) AS "Nmero de Eventos"
    FROM
        "SOCIALDUOC"."EVENTO_AGENDADO"
    WHERE
        TO_CHAR("FECHA", 'IYYY-IW') = (
            SELECT
                TO_CHAR(MAX("FECHA"), 'IYYY-IW') AS "UltimaSemana"
            FROM
                "SOCIALDUOC"."EVENTO_AGENDADO"
        )
    GROUP BY
        TO_CHAR("FECHA", 'DD/MM'),
        TO_CHAR("FECHA", 'DY' , 'NLS_DATE_LANGUAGE=SPANISH') 
ORDER BY
    CASE
        WHEN TO_CHAR("FECHA", 'DY', 'NLS_DATE_LANGUAGE=SPANISH') = 'LUN' THEN 1
        WHEN TO_CHAR("FECHA", 'DY', 'NLS_DATE_LANGUAGE=SPANISH') = 'MAR' THEN 2
        WHEN TO_CHAR("FECHA", 'DY', 'NLS_DATE_LANGUAGE=SPANISH') = 'MI' THEN 3
        WHEN TO_CHAR("FECHA", 'DY', 'NLS_DATE_LANGUAGE=SPANISH') = 'JUE' THEN 4
        WHEN TO_CHAR("FECHA", 'DY', 'NLS_DATE_LANGUAGE=SPANISH') = 'VIE' THEN 5
        WHEN TO_CHAR("FECHA", 'DY', 'NLS_DATE_LANGUAGE=SPANISH') = 'SB' THEN 6
        WHEN TO_CHAR("FECHA", 'DY', 'NLS_DATE_LANGUAGE=SPANISH') = 'DOM' THEN 7
    END;
END SP_obtener_ultima_semana_y_diaEv;


/
--------------------------------------------------------
--  DDL for Procedure SP_PERFIL_USUARIO
--------------------------------------------------------
set define off;

  CREATE OR REPLACE NONEDITIONABLE PROCEDURE "SOCIALDUOC"."SP_PERFIL_USUARIO" (P_ID NUMBER, P_USUARIO out sys_refcursor)
IS
BEGIN
    OPEN P_USUARIO FOR 
SELECT
    U.ID_USUARIO,
    U.NOMBRE||' '||U.AP_PATER||' '||U.AP_MATER,
    U.RUT||'-'||U.DV,
    U.CORREO,
    SU.nom_sede,
    TU.NOM_TIPO,
    G.NOM_GEN,
    COUNT(AMI.ID_AMISTAD),
    COUNT(AMI.ID_AMIGO),
    COUNT(P.ID_PUBLI),
    CASE U.ID_TIPO
        WHEN 2 THEN carr.nom_carrera
        WHEN 3 THEN card.nom_carrera
        WHEN 4 THEN 'Sin carrera '
        WHEN 5 THEN CARC.nom_carrera
        WHEN 6 THEN CARdir.nom_carrera
    else
        'Sin informacion'
    END AS Nom_carrera,
    U.USUARIO,
    U.CORREO_PERSONAL,
    U.TELEFONO
FROM USUARIO U FULL JOIN ALUMNO A ON A.ID_USUARIO = U.ID_USUARIO
    FULL JOIN CARRERA C ON C.ID_CARRERA = A.ID_CARRERA
    FULL JOIN CARRERA_SEDE CS ON CS.ID_CARRERA = A.ID_CARRERA
    FULL JOIN SEDE S ON S.ID_SEDE = CS.ID_SEDE
    FULL JOIN SEDE SU ON SU.ID_SEDE = U.ID_SEDE
    FULL JOIN TIPO_USUARIO TU ON TU.ID_TIPO = U.ID_TIPO
    FULL JOIN GENERO G ON G.ID_GEN = U.ID_GEN
    FULL JOIN PUBLICACION P ON P.ID_USUARIO = U.ID_USUARIO
    FULL JOIN AMIGO AMI ON AMI.ID_USUARIO = U.ID_USUARIO
    FULL join Docente d on d.id_usuario = u.id_usuario
    FULL join director di on di.id_usuario = u.id_usuario
    FULL join coordinador cor on cor.id_usuario = u.id_usuario
    FULL JOIN CARRERA CARR ON CARR.id_carrera = a.id_carrera
    FULL JOIN CARRERA CARD ON CARD.id_carrera = D.id_carrera
    FULL JOIN CARRERA CARC ON CARC.id_carrera = cor.id_carrera
    FULL JOIN CARRERA CARdi ON CARdi.id_carrera = cor.id_carrera
    FULL JOIN CARRERA CARdir ON CARdir.id_carrera = di.id_carrera
    FULL JOIN INSTITUCION INT ON int.usuario_id_usuario = u.id_usuario
    JOIN comuna c ON c.id_comu = u.id_comu
    WHERE U.ID_USUARIO = P_ID
    GROUP BY(U.ID_USUARIO,
    U.NOMBRE||' '||U.AP_PATER||' '||U.AP_MATER, U.RUT||'-'||U.DV, U.CORREO,     U.CORREO, SU.nom_sede, TU.NOM_TIPO, G.NOM_GEN,     CASE U.ID_TIPO
        WHEN 2 THEN carr.nom_carrera
        WHEN 3 THEN card.nom_carrera
        WHEN 4 THEN 'Sin carrera '
        WHEN 5 THEN CARC.nom_carrera
        WHEN 6 THEN CARdir.nom_carrera
    else
        'Sin informacion'
    END, U.USUARIO, U.CORREO_PERSONAL,U.TELEFONO );
END;


/
--------------------------------------------------------
--  DDL for Procedure SP_TIPO_USUARIO
--------------------------------------------------------
set define off;

  CREATE OR REPLACE NONEDITIONABLE PROCEDURE "SOCIALDUOC"."SP_TIPO_USUARIO" (
    P_cursor OUT SYS_REFCURSOR
)
IS
BEGIN
    OPEN P_cursor FOR
        SELECT 
        id_tipo,
        nom_tipo
        FROM tipo_usuario;
END;


/
--------------------------------------------------------
--  DDL for Procedure SP_TODOS_USUARIOS
--------------------------------------------------------
set define off;

  CREATE OR REPLACE NONEDITIONABLE PROCEDURE "SOCIALDUOC"."SP_TODOS_USUARIOS" (P_USUARIO out sys_refcursor)
IS
BEGIN
    OPEN P_USUARIO FOR 
SELECT
    U.ID_USUARIO
FROM USUARIO U ;

END;


/
--------------------------------------------------------
--  DDL for Procedure SP_TOKEN
--------------------------------------------------------
set define off;

  CREATE OR REPLACE NONEDITIONABLE PROCEDURE "SOCIALDUOC"."SP_TOKEN" (
    P_TOKEN IN VARCHAR2,
    P_ID_USUARIO IN NUMBER
)
IS
    -- Declarar una variable para el token
    V_TOKEN VARCHAR2(255);

BEGIN
    -- Verificar si el token es nulo y asignar un valor predeterminado
    IF P_TOKEN IS NULL THEN
        V_TOKEN := 'vacio';
    ELSE
        V_TOKEN := P_TOKEN;
    END IF;

    -- Intentar actualizar el token directamente
    UPDATE TOKENS
    SET token = V_TOKEN
    WHERE token = P_TOKEN
      AND ROWNUM = 1;

    -- Si no se actualiza ninguna fila (es decir, el token no existe), insertar un nuevo registro
    IF SQL%ROWCOUNT = 0 THEN
        INSERT INTO TOKENS (id, token, id_usuario)
        VALUES (seq_token_id.NEXTVAL, V_TOKEN, P_ID_USUARIO);
    END IF;

    COMMIT;
END;

/
--------------------------------------------------------
--  DDL for Procedure SP_VERIFICAR_CORREO
--------------------------------------------------------
set define off;

  CREATE OR REPLACE NONEDITIONABLE PROCEDURE "SOCIALDUOC"."SP_VERIFICAR_CORREO" (P_CORREO IN varchar2,P_RESULTADO OUT sys_refcursor)
IS


BEGIN
  OPEN P_RESULTADO FOR 
    SELECT 
      (CASE
        WHEN EXISTS (SELECT 1 FROM usuario WHERE correo = P_CORREO) 
        THEN 1
        ELSE 0
      END)
    FROM dual;

END;


/
--------------------------------------------------------
--  Constraints for Table ALUMNO
--------------------------------------------------------

  ALTER TABLE "SOCIALDUOC"."ALUMNO" MODIFY ("MATRICULA" NOT NULL ENABLE);
  ALTER TABLE "SOCIALDUOC"."ALUMNO" MODIFY ("ID_USUARIO" NOT NULL ENABLE);
  ALTER TABLE "SOCIALDUOC"."ALUMNO" MODIFY ("ID_CARRERA" NOT NULL ENABLE);
  ALTER TABLE "SOCIALDUOC"."ALUMNO" ADD CONSTRAINT "ALUMNO_PK" PRIMARY KEY ("ID_USUARIO")
  USING INDEX PCTFREE 10 INITRANS 2 MAXTRANS 255 COMPUTE STATISTICS 
  STORAGE(INITIAL 65536 NEXT 1048576 MINEXTENTS 1 MAXEXTENTS 2147483645
  PCTINCREASE 0 FREELISTS 1 FREELIST GROUPS 1
  BUFFER_POOL DEFAULT FLASH_CACHE DEFAULT CELL_FLASH_CACHE DEFAULT)
  TABLESPACE "USERS"  ENABLE;
--------------------------------------------------------
--  Constraints for Table AMIGO
--------------------------------------------------------

  ALTER TABLE "SOCIALDUOC"."AMIGO" MODIFY ("ID_AMISTAD" NOT NULL ENABLE);
  ALTER TABLE "SOCIALDUOC"."AMIGO" MODIFY ("ID_AMIGO" NOT NULL ENABLE);
  ALTER TABLE "SOCIALDUOC"."AMIGO" MODIFY ("ID_USUARIO" NOT NULL ENABLE);
  ALTER TABLE "SOCIALDUOC"."AMIGO" ADD CONSTRAINT "AMIGO_PK" PRIMARY KEY ("ID_AMISTAD")
  USING INDEX PCTFREE 10 INITRANS 2 MAXTRANS 255 COMPUTE STATISTICS 
  STORAGE(INITIAL 65536 NEXT 1048576 MINEXTENTS 1 MAXEXTENTS 2147483645
  PCTINCREASE 0 FREELISTS 1 FREELIST GROUPS 1
  BUFFER_POOL DEFAULT FLASH_CACHE DEFAULT CELL_FLASH_CACHE DEFAULT)
  TABLESPACE "USERS"  ENABLE;
--------------------------------------------------------
--  Constraints for Table AUTH_GROUP
--------------------------------------------------------

  ALTER TABLE "SOCIALDUOC"."AUTH_GROUP" MODIFY ("ID" NOT NULL ENABLE);
  ALTER TABLE "SOCIALDUOC"."AUTH_GROUP" ADD PRIMARY KEY ("ID")
  USING INDEX PCTFREE 10 INITRANS 2 MAXTRANS 255 COMPUTE STATISTICS 
  TABLESPACE "USERS"  ENABLE;
  ALTER TABLE "SOCIALDUOC"."AUTH_GROUP" ADD UNIQUE ("NAME")
  USING INDEX PCTFREE 10 INITRANS 2 MAXTRANS 255 COMPUTE STATISTICS 
  TABLESPACE "USERS"  ENABLE;
--------------------------------------------------------
--  Constraints for Table AUTH_GROUP_PERMISSIONS
--------------------------------------------------------

  ALTER TABLE "SOCIALDUOC"."AUTH_GROUP_PERMISSIONS" MODIFY ("ID" NOT NULL ENABLE);
  ALTER TABLE "SOCIALDUOC"."AUTH_GROUP_PERMISSIONS" MODIFY ("GROUP_ID" NOT NULL ENABLE);
  ALTER TABLE "SOCIALDUOC"."AUTH_GROUP_PERMISSIONS" MODIFY ("PERMISSION_ID" NOT NULL ENABLE);
  ALTER TABLE "SOCIALDUOC"."AUTH_GROUP_PERMISSIONS" ADD PRIMARY KEY ("ID")
  USING INDEX PCTFREE 10 INITRANS 2 MAXTRANS 255 COMPUTE STATISTICS 
  TABLESPACE "USERS"  ENABLE;
  ALTER TABLE "SOCIALDUOC"."AUTH_GROUP_PERMISSIONS" ADD CONSTRAINT "AUTH_GROU_GROUP_ID__0CD325B0_U" UNIQUE ("GROUP_ID", "PERMISSION_ID")
  USING INDEX PCTFREE 10 INITRANS 2 MAXTRANS 255 COMPUTE STATISTICS 
  TABLESPACE "USERS"  ENABLE;
--------------------------------------------------------
--  Constraints for Table AUTH_PERMISSION
--------------------------------------------------------

  ALTER TABLE "SOCIALDUOC"."AUTH_PERMISSION" MODIFY ("ID" NOT NULL ENABLE);
  ALTER TABLE "SOCIALDUOC"."AUTH_PERMISSION" MODIFY ("CONTENT_TYPE_ID" NOT NULL ENABLE);
  ALTER TABLE "SOCIALDUOC"."AUTH_PERMISSION" ADD PRIMARY KEY ("ID")
  USING INDEX PCTFREE 10 INITRANS 2 MAXTRANS 255 COMPUTE STATISTICS 
  STORAGE(INITIAL 65536 NEXT 1048576 MINEXTENTS 1 MAXEXTENTS 2147483645
  PCTINCREASE 0 FREELISTS 1 FREELIST GROUPS 1
  BUFFER_POOL DEFAULT FLASH_CACHE DEFAULT CELL_FLASH_CACHE DEFAULT)
  TABLESPACE "USERS"  ENABLE;
  ALTER TABLE "SOCIALDUOC"."AUTH_PERMISSION" ADD CONSTRAINT "AUTH_PERM_CONTENT_T_01AB375A_U" UNIQUE ("CONTENT_TYPE_ID", "CODENAME")
  USING INDEX PCTFREE 10 INITRANS 2 MAXTRANS 255 COMPUTE STATISTICS 
  STORAGE(INITIAL 65536 NEXT 1048576 MINEXTENTS 1 MAXEXTENTS 2147483645
  PCTINCREASE 0 FREELISTS 1 FREELIST GROUPS 1
  BUFFER_POOL DEFAULT FLASH_CACHE DEFAULT CELL_FLASH_CACHE DEFAULT)
  TABLESPACE "USERS"  ENABLE;
--------------------------------------------------------
--  Constraints for Table AUTH_USER
--------------------------------------------------------

  ALTER TABLE "SOCIALDUOC"."AUTH_USER" MODIFY ("ID" NOT NULL ENABLE);
  ALTER TABLE "SOCIALDUOC"."AUTH_USER" MODIFY ("IS_SUPERUSER" NOT NULL ENABLE);
  ALTER TABLE "SOCIALDUOC"."AUTH_USER" MODIFY ("IS_STAFF" NOT NULL ENABLE);
  ALTER TABLE "SOCIALDUOC"."AUTH_USER" MODIFY ("IS_ACTIVE" NOT NULL ENABLE);
  ALTER TABLE "SOCIALDUOC"."AUTH_USER" MODIFY ("DATE_JOINED" NOT NULL ENABLE);
  ALTER TABLE "SOCIALDUOC"."AUTH_USER" ADD CHECK ("IS_SUPERUSER" IN (0,1)) ENABLE;
  ALTER TABLE "SOCIALDUOC"."AUTH_USER" ADD CHECK ("IS_STAFF" IN (0,1)) ENABLE;
  ALTER TABLE "SOCIALDUOC"."AUTH_USER" ADD CHECK ("IS_ACTIVE" IN (0,1)) ENABLE;
  ALTER TABLE "SOCIALDUOC"."AUTH_USER" ADD PRIMARY KEY ("ID")
  USING INDEX PCTFREE 10 INITRANS 2 MAXTRANS 255 COMPUTE STATISTICS 
  STORAGE(INITIAL 65536 NEXT 1048576 MINEXTENTS 1 MAXEXTENTS 2147483645
  PCTINCREASE 0 FREELISTS 1 FREELIST GROUPS 1
  BUFFER_POOL DEFAULT FLASH_CACHE DEFAULT CELL_FLASH_CACHE DEFAULT)
  TABLESPACE "USERS"  ENABLE;
  ALTER TABLE "SOCIALDUOC"."AUTH_USER" ADD UNIQUE ("USERNAME")
  USING INDEX PCTFREE 10 INITRANS 2 MAXTRANS 255 COMPUTE STATISTICS 
  STORAGE(INITIAL 65536 NEXT 1048576 MINEXTENTS 1 MAXEXTENTS 2147483645
  PCTINCREASE 0 FREELISTS 1 FREELIST GROUPS 1
  BUFFER_POOL DEFAULT FLASH_CACHE DEFAULT CELL_FLASH_CACHE DEFAULT)
  TABLESPACE "USERS"  ENABLE;
--------------------------------------------------------
--  Constraints for Table AUTH_USER_GROUPS
--------------------------------------------------------

  ALTER TABLE "SOCIALDUOC"."AUTH_USER_GROUPS" MODIFY ("ID" NOT NULL ENABLE);
  ALTER TABLE "SOCIALDUOC"."AUTH_USER_GROUPS" MODIFY ("USER_ID" NOT NULL ENABLE);
  ALTER TABLE "SOCIALDUOC"."AUTH_USER_GROUPS" MODIFY ("GROUP_ID" NOT NULL ENABLE);
  ALTER TABLE "SOCIALDUOC"."AUTH_USER_GROUPS" ADD PRIMARY KEY ("ID")
  USING INDEX PCTFREE 10 INITRANS 2 MAXTRANS 255 COMPUTE STATISTICS 
  TABLESPACE "USERS"  ENABLE;
  ALTER TABLE "SOCIALDUOC"."AUTH_USER_GROUPS" ADD CONSTRAINT "AUTH_USER_USER_ID_G_94350C0C_U" UNIQUE ("USER_ID", "GROUP_ID")
  USING INDEX PCTFREE 10 INITRANS 2 MAXTRANS 255 COMPUTE STATISTICS 
  TABLESPACE "USERS"  ENABLE;
--------------------------------------------------------
--  Constraints for Table AUTH_USER_USER_PERMISSIONS
--------------------------------------------------------

  ALTER TABLE "SOCIALDUOC"."AUTH_USER_USER_PERMISSIONS" MODIFY ("ID" NOT NULL ENABLE);
  ALTER TABLE "SOCIALDUOC"."AUTH_USER_USER_PERMISSIONS" MODIFY ("USER_ID" NOT NULL ENABLE);
  ALTER TABLE "SOCIALDUOC"."AUTH_USER_USER_PERMISSIONS" MODIFY ("PERMISSION_ID" NOT NULL ENABLE);
  ALTER TABLE "SOCIALDUOC"."AUTH_USER_USER_PERMISSIONS" ADD PRIMARY KEY ("ID")
  USING INDEX PCTFREE 10 INITRANS 2 MAXTRANS 255 COMPUTE STATISTICS 
  TABLESPACE "USERS"  ENABLE;
  ALTER TABLE "SOCIALDUOC"."AUTH_USER_USER_PERMISSIONS" ADD CONSTRAINT "AUTH_USER_USER_ID_P_14A6B632_U" UNIQUE ("USER_ID", "PERMISSION_ID")
  USING INDEX PCTFREE 10 INITRANS 2 MAXTRANS 255 COMPUTE STATISTICS 
  TABLESPACE "USERS"  ENABLE;
--------------------------------------------------------
--  Constraints for Table CARRERA
--------------------------------------------------------

  ALTER TABLE "SOCIALDUOC"."CARRERA" MODIFY ("ID_CARRERA" NOT NULL ENABLE);
  ALTER TABLE "SOCIALDUOC"."CARRERA" MODIFY ("NOM_CARRERA" NOT NULL ENABLE);
  ALTER TABLE "SOCIALDUOC"."CARRERA" ADD CONSTRAINT "CARRERA_PK" PRIMARY KEY ("ID_CARRERA")
  USING INDEX PCTFREE 10 INITRANS 2 MAXTRANS 255 COMPUTE STATISTICS 
  STORAGE(INITIAL 65536 NEXT 1048576 MINEXTENTS 1 MAXEXTENTS 2147483645
  PCTINCREASE 0 FREELISTS 1 FREELIST GROUPS 1
  BUFFER_POOL DEFAULT FLASH_CACHE DEFAULT CELL_FLASH_CACHE DEFAULT)
  TABLESPACE "USERS"  ENABLE;
--------------------------------------------------------
--  Constraints for Table CARRERA_SEDE
--------------------------------------------------------

  ALTER TABLE "SOCIALDUOC"."CARRERA_SEDE" MODIFY ("ID_CARRERA" NOT NULL ENABLE);
  ALTER TABLE "SOCIALDUOC"."CARRERA_SEDE" MODIFY ("ID_SEDE" NOT NULL ENABLE);
--------------------------------------------------------
--  Constraints for Table COMENTARIO
--------------------------------------------------------

  ALTER TABLE "SOCIALDUOC"."COMENTARIO" MODIFY ("ID_COMENT" NOT NULL ENABLE);
  ALTER TABLE "SOCIALDUOC"."COMENTARIO" MODIFY ("COMENTARIO" NOT NULL ENABLE);
  ALTER TABLE "SOCIALDUOC"."COMENTARIO" MODIFY ("ID_PUBLI" NOT NULL ENABLE);
  ALTER TABLE "SOCIALDUOC"."COMENTARIO" MODIFY ("ID_USUARIO" NOT NULL ENABLE);
  ALTER TABLE "SOCIALDUOC"."COMENTARIO" ADD CONSTRAINT "COMENTARIO_PK" PRIMARY KEY ("ID_COMENT")
  USING INDEX PCTFREE 10 INITRANS 2 MAXTRANS 255 COMPUTE STATISTICS 
  STORAGE(INITIAL 65536 NEXT 1048576 MINEXTENTS 1 MAXEXTENTS 2147483645
  PCTINCREASE 0 FREELISTS 1 FREELIST GROUPS 1
  BUFFER_POOL DEFAULT FLASH_CACHE DEFAULT CELL_FLASH_CACHE DEFAULT)
  TABLESPACE "USERS"  ENABLE;
--------------------------------------------------------
--  Constraints for Table COMUNA
--------------------------------------------------------

  ALTER TABLE "SOCIALDUOC"."COMUNA" MODIFY ("ID_COMU" NOT NULL ENABLE);
  ALTER TABLE "SOCIALDUOC"."COMUNA" MODIFY ("NOM_COMUNA" NOT NULL ENABLE);
  ALTER TABLE "SOCIALDUOC"."COMUNA" MODIFY ("ID_REGION" NOT NULL ENABLE);
  ALTER TABLE "SOCIALDUOC"."COMUNA" ADD CONSTRAINT "COMUNA_PK" PRIMARY KEY ("ID_COMU")
  USING INDEX PCTFREE 10 INITRANS 2 MAXTRANS 255 COMPUTE STATISTICS 
  STORAGE(INITIAL 65536 NEXT 1048576 MINEXTENTS 1 MAXEXTENTS 2147483645
  PCTINCREASE 0 FREELISTS 1 FREELIST GROUPS 1
  BUFFER_POOL DEFAULT FLASH_CACHE DEFAULT CELL_FLASH_CACHE DEFAULT)
  TABLESPACE "USERS"  ENABLE;
--------------------------------------------------------
--  Constraints for Table COORDINADOR
--------------------------------------------------------

  ALTER TABLE "SOCIALDUOC"."COORDINADOR" MODIFY ("ID_USUARIO" NOT NULL ENABLE);
  ALTER TABLE "SOCIALDUOC"."COORDINADOR" MODIFY ("ID_CARRERA" NOT NULL ENABLE);
  ALTER TABLE "SOCIALDUOC"."COORDINADOR" ADD CONSTRAINT "COORDINADOR_PK" PRIMARY KEY ("ID_USUARIO")
  USING INDEX PCTFREE 10 INITRANS 2 MAXTRANS 255 COMPUTE STATISTICS 
  STORAGE(INITIAL 65536 NEXT 1048576 MINEXTENTS 1 MAXEXTENTS 2147483645
  PCTINCREASE 0 FREELISTS 1 FREELIST GROUPS 1
  BUFFER_POOL DEFAULT FLASH_CACHE DEFAULT CELL_FLASH_CACHE DEFAULT)
  TABLESPACE "USERS"  ENABLE;
--------------------------------------------------------
--  Constraints for Table DIRECTOR
--------------------------------------------------------

  ALTER TABLE "SOCIALDUOC"."DIRECTOR" MODIFY ("ID_USUARIO" NOT NULL ENABLE);
  ALTER TABLE "SOCIALDUOC"."DIRECTOR" MODIFY ("ID_CARRERA" NOT NULL ENABLE);
  ALTER TABLE "SOCIALDUOC"."DIRECTOR" ADD CONSTRAINT "DIRECTOR_PK" PRIMARY KEY ("ID_USUARIO")
  USING INDEX PCTFREE 10 INITRANS 2 MAXTRANS 255 COMPUTE STATISTICS 
  STORAGE(INITIAL 65536 NEXT 1048576 MINEXTENTS 1 MAXEXTENTS 2147483645
  PCTINCREASE 0 FREELISTS 1 FREELIST GROUPS 1
  BUFFER_POOL DEFAULT FLASH_CACHE DEFAULT CELL_FLASH_CACHE DEFAULT)
  TABLESPACE "USERS"  ENABLE;
--------------------------------------------------------
--  Constraints for Table DJANGO_ADMIN_LOG
--------------------------------------------------------

  ALTER TABLE "SOCIALDUOC"."DJANGO_ADMIN_LOG" MODIFY ("ID" NOT NULL ENABLE);
  ALTER TABLE "SOCIALDUOC"."DJANGO_ADMIN_LOG" MODIFY ("ACTION_TIME" NOT NULL ENABLE);
  ALTER TABLE "SOCIALDUOC"."DJANGO_ADMIN_LOG" MODIFY ("ACTION_FLAG" NOT NULL ENABLE);
  ALTER TABLE "SOCIALDUOC"."DJANGO_ADMIN_LOG" MODIFY ("USER_ID" NOT NULL ENABLE);
  ALTER TABLE "SOCIALDUOC"."DJANGO_ADMIN_LOG" ADD CHECK ("ACTION_FLAG" >= 0) ENABLE;
  ALTER TABLE "SOCIALDUOC"."DJANGO_ADMIN_LOG" ADD PRIMARY KEY ("ID")
  USING INDEX PCTFREE 10 INITRANS 2 MAXTRANS 255 COMPUTE STATISTICS 
  STORAGE(INITIAL 65536 NEXT 1048576 MINEXTENTS 1 MAXEXTENTS 2147483645
  PCTINCREASE 0 FREELISTS 1 FREELIST GROUPS 1
  BUFFER_POOL DEFAULT FLASH_CACHE DEFAULT CELL_FLASH_CACHE DEFAULT)
  TABLESPACE "USERS"  ENABLE;
--------------------------------------------------------
--  Constraints for Table DJANGO_CONTENT_TYPE
--------------------------------------------------------

  ALTER TABLE "SOCIALDUOC"."DJANGO_CONTENT_TYPE" MODIFY ("ID" NOT NULL ENABLE);
  ALTER TABLE "SOCIALDUOC"."DJANGO_CONTENT_TYPE" ADD PRIMARY KEY ("ID")
  USING INDEX PCTFREE 10 INITRANS 2 MAXTRANS 255 COMPUTE STATISTICS 
  STORAGE(INITIAL 65536 NEXT 1048576 MINEXTENTS 1 MAXEXTENTS 2147483645
  PCTINCREASE 0 FREELISTS 1 FREELIST GROUPS 1
  BUFFER_POOL DEFAULT FLASH_CACHE DEFAULT CELL_FLASH_CACHE DEFAULT)
  TABLESPACE "USERS"  ENABLE;
  ALTER TABLE "SOCIALDUOC"."DJANGO_CONTENT_TYPE" ADD CONSTRAINT "DJANGO_CO_APP_LABEL_76BD3D3B_U" UNIQUE ("APP_LABEL", "MODEL")
  USING INDEX PCTFREE 10 INITRANS 2 MAXTRANS 255 COMPUTE STATISTICS 
  STORAGE(INITIAL 65536 NEXT 1048576 MINEXTENTS 1 MAXEXTENTS 2147483645
  PCTINCREASE 0 FREELISTS 1 FREELIST GROUPS 1
  BUFFER_POOL DEFAULT FLASH_CACHE DEFAULT CELL_FLASH_CACHE DEFAULT)
  TABLESPACE "USERS"  ENABLE;
--------------------------------------------------------
--  Constraints for Table DJANGO_MIGRATIONS
--------------------------------------------------------

  ALTER TABLE "SOCIALDUOC"."DJANGO_MIGRATIONS" MODIFY ("ID" NOT NULL ENABLE);
  ALTER TABLE "SOCIALDUOC"."DJANGO_MIGRATIONS" MODIFY ("APPLIED" NOT NULL ENABLE);
  ALTER TABLE "SOCIALDUOC"."DJANGO_MIGRATIONS" ADD PRIMARY KEY ("ID")
  USING INDEX PCTFREE 10 INITRANS 2 MAXTRANS 255 COMPUTE STATISTICS 
  STORAGE(INITIAL 65536 NEXT 1048576 MINEXTENTS 1 MAXEXTENTS 2147483645
  PCTINCREASE 0 FREELISTS 1 FREELIST GROUPS 1
  BUFFER_POOL DEFAULT FLASH_CACHE DEFAULT CELL_FLASH_CACHE DEFAULT)
  TABLESPACE "USERS"  ENABLE;
--------------------------------------------------------
--  Constraints for Table DJANGO_SESSION
--------------------------------------------------------

  ALTER TABLE "SOCIALDUOC"."DJANGO_SESSION" MODIFY ("SESSION_KEY" NOT NULL ENABLE);
  ALTER TABLE "SOCIALDUOC"."DJANGO_SESSION" MODIFY ("EXPIRE_DATE" NOT NULL ENABLE);
  ALTER TABLE "SOCIALDUOC"."DJANGO_SESSION" ADD PRIMARY KEY ("SESSION_KEY")
  USING INDEX PCTFREE 10 INITRANS 2 MAXTRANS 255 COMPUTE STATISTICS 
  STORAGE(INITIAL 65536 NEXT 1048576 MINEXTENTS 1 MAXEXTENTS 2147483645
  PCTINCREASE 0 FREELISTS 1 FREELIST GROUPS 1
  BUFFER_POOL DEFAULT FLASH_CACHE DEFAULT CELL_FLASH_CACHE DEFAULT)
  TABLESPACE "USERS"  ENABLE;
--------------------------------------------------------
--  Constraints for Table DOCENTE
--------------------------------------------------------

  ALTER TABLE "SOCIALDUOC"."DOCENTE" MODIFY ("ID_USUARIO" NOT NULL ENABLE);
  ALTER TABLE "SOCIALDUOC"."DOCENTE" MODIFY ("ID_CARRERA" NOT NULL ENABLE);
  ALTER TABLE "SOCIALDUOC"."DOCENTE" ADD CONSTRAINT "DOCENTE_PK" PRIMARY KEY ("ID_USUARIO")
  USING INDEX PCTFREE 10 INITRANS 2 MAXTRANS 255 COMPUTE STATISTICS 
  STORAGE(INITIAL 65536 NEXT 1048576 MINEXTENTS 1 MAXEXTENTS 2147483645
  PCTINCREASE 0 FREELISTS 1 FREELIST GROUPS 1
  BUFFER_POOL DEFAULT FLASH_CACHE DEFAULT CELL_FLASH_CACHE DEFAULT)
  TABLESPACE "USERS"  ENABLE;
--------------------------------------------------------
--  Constraints for Table ENCUESTA
--------------------------------------------------------

  ALTER TABLE "SOCIALDUOC"."ENCUESTA" MODIFY ("TITULO" NOT NULL ENABLE);
  ALTER TABLE "SOCIALDUOC"."ENCUESTA" MODIFY ("PREGUNTA" NOT NULL ENABLE);
  ALTER TABLE "SOCIALDUOC"."ENCUESTA" MODIFY ("FECHA" NOT NULL ENABLE);
  ALTER TABLE "SOCIALDUOC"."ENCUESTA" MODIFY ("ESTADO" NOT NULL ENABLE);
  ALTER TABLE "SOCIALDUOC"."ENCUESTA" MODIFY ("ID_ENCU" NOT NULL ENABLE);
  ALTER TABLE "SOCIALDUOC"."ENCUESTA" MODIFY ("ID_USUARIO" NOT NULL ENABLE);
  ALTER TABLE "SOCIALDUOC"."ENCUESTA" MODIFY ("FECHAFIN" NOT NULL ENABLE);
  ALTER TABLE "SOCIALDUOC"."ENCUESTA" ADD CONSTRAINT "ENCUESTA_PK" PRIMARY KEY ("ID_ENCU")
  USING INDEX PCTFREE 10 INITRANS 2 MAXTRANS 255 COMPUTE STATISTICS 
  STORAGE(INITIAL 65536 NEXT 1048576 MINEXTENTS 1 MAXEXTENTS 2147483645
  PCTINCREASE 0 FREELISTS 1 FREELIST GROUPS 1
  BUFFER_POOL DEFAULT FLASH_CACHE DEFAULT CELL_FLASH_CACHE DEFAULT)
  TABLESPACE "USERS"  ENABLE;
  ALTER TABLE "SOCIALDUOC"."ENCUESTA" MODIFY ("RESPUESTA_UNO" NOT NULL ENABLE);
  ALTER TABLE "SOCIALDUOC"."ENCUESTA" MODIFY ("RESPUESTA_DOS" NOT NULL ENABLE);
--------------------------------------------------------
--  Constraints for Table ESTADO_PERFIL
--------------------------------------------------------

  ALTER TABLE "SOCIALDUOC"."ESTADO_PERFIL" MODIFY ("ID_ESTADO" NOT NULL ENABLE);
  ALTER TABLE "SOCIALDUOC"."ESTADO_PERFIL" MODIFY ("NOM_EST" NOT NULL ENABLE);
  ALTER TABLE "SOCIALDUOC"."ESTADO_PERFIL" ADD CONSTRAINT "ESTADO_PERFIL_PK" PRIMARY KEY ("ID_ESTADO")
  USING INDEX PCTFREE 10 INITRANS 2 MAXTRANS 255 COMPUTE STATISTICS 
  STORAGE(INITIAL 65536 NEXT 1048576 MINEXTENTS 1 MAXEXTENTS 2147483645
  PCTINCREASE 0 FREELISTS 1 FREELIST GROUPS 1
  BUFFER_POOL DEFAULT FLASH_CACHE DEFAULT CELL_FLASH_CACHE DEFAULT)
  TABLESPACE "USERS"  ENABLE;
--------------------------------------------------------
--  Constraints for Table EVENTO_AGENDADO
--------------------------------------------------------

  ALTER TABLE "SOCIALDUOC"."EVENTO_AGENDADO" MODIFY ("ID_EVENTO" NOT NULL ENABLE);
  ALTER TABLE "SOCIALDUOC"."EVENTO_AGENDADO" MODIFY ("NOM_EVEN" NOT NULL ENABLE);
  ALTER TABLE "SOCIALDUOC"."EVENTO_AGENDADO" MODIFY ("FECHA" NOT NULL ENABLE);
  ALTER TABLE "SOCIALDUOC"."EVENTO_AGENDADO" MODIFY ("DESCRIP" NOT NULL ENABLE);
  ALTER TABLE "SOCIALDUOC"."EVENTO_AGENDADO" MODIFY ("ESTADO" NOT NULL ENABLE);
  ALTER TABLE "SOCIALDUOC"."EVENTO_AGENDADO" MODIFY ("ID_USUARIO" NOT NULL ENABLE);
  ALTER TABLE "SOCIALDUOC"."EVENTO_AGENDADO" MODIFY ("FECHAFIN" NOT NULL ENABLE);
  ALTER TABLE "SOCIALDUOC"."EVENTO_AGENDADO" ADD CONSTRAINT "EVENTO_AGENDADO_PK" PRIMARY KEY ("ID_EVENTO")
  USING INDEX PCTFREE 10 INITRANS 2 MAXTRANS 255 COMPUTE STATISTICS 
  STORAGE(INITIAL 65536 NEXT 1048576 MINEXTENTS 1 MAXEXTENTS 2147483645
  PCTINCREASE 0 FREELISTS 1 FREELIST GROUPS 1
  BUFFER_POOL DEFAULT FLASH_CACHE DEFAULT CELL_FLASH_CACHE DEFAULT)
  TABLESPACE "USERS"  ENABLE;
--------------------------------------------------------
--  Constraints for Table FCM_DJANGO_FCMDEVICE
--------------------------------------------------------

  ALTER TABLE "SOCIALDUOC"."FCM_DJANGO_FCMDEVICE" MODIFY ("ID" NOT NULL ENABLE);
  ALTER TABLE "SOCIALDUOC"."FCM_DJANGO_FCMDEVICE" MODIFY ("ACTIVE" NOT NULL ENABLE);
  ALTER TABLE "SOCIALDUOC"."FCM_DJANGO_FCMDEVICE" ADD CHECK ("ACTIVE" IN (0,1)) ENABLE;
  ALTER TABLE "SOCIALDUOC"."FCM_DJANGO_FCMDEVICE" ADD PRIMARY KEY ("ID")
  USING INDEX PCTFREE 10 INITRANS 2 MAXTRANS 255 COMPUTE STATISTICS 
  STORAGE(INITIAL 65536 NEXT 1048576 MINEXTENTS 1 MAXEXTENTS 2147483645
  PCTINCREASE 0 FREELISTS 1 FREELIST GROUPS 1
  BUFFER_POOL DEFAULT FLASH_CACHE DEFAULT CELL_FLASH_CACHE DEFAULT)
  TABLESPACE "USERS"  ENABLE;
--------------------------------------------------------
--  Constraints for Table GENERO
--------------------------------------------------------

  ALTER TABLE "SOCIALDUOC"."GENERO" MODIFY ("ID_GEN" NOT NULL ENABLE);
  ALTER TABLE "SOCIALDUOC"."GENERO" MODIFY ("NOM_GEN" NOT NULL ENABLE);
  ALTER TABLE "SOCIALDUOC"."GENERO" ADD CONSTRAINT "GENERO_PK" PRIMARY KEY ("ID_GEN")
  USING INDEX PCTFREE 10 INITRANS 2 MAXTRANS 255 COMPUTE STATISTICS 
  STORAGE(INITIAL 65536 NEXT 1048576 MINEXTENTS 1 MAXEXTENTS 2147483645
  PCTINCREASE 0 FREELISTS 1 FREELIST GROUPS 1
  BUFFER_POOL DEFAULT FLASH_CACHE DEFAULT CELL_FLASH_CACHE DEFAULT)
  TABLESPACE "USERS"  ENABLE;
--------------------------------------------------------
--  Constraints for Table INSTITUCION
--------------------------------------------------------

  ALTER TABLE "SOCIALDUOC"."INSTITUCION" MODIFY ("USUARIO_ID_USUARIO" NOT NULL ENABLE);
  ALTER TABLE "SOCIALDUOC"."INSTITUCION" MODIFY ("ID_SEDE" NOT NULL ENABLE);
  ALTER TABLE "SOCIALDUOC"."INSTITUCION" ADD CONSTRAINT "INSTUTUCION_PK" PRIMARY KEY ("USUARIO_ID_USUARIO")
  USING INDEX PCTFREE 10 INITRANS 2 MAXTRANS 255 COMPUTE STATISTICS 
  STORAGE(INITIAL 65536 NEXT 1048576 MINEXTENTS 1 MAXEXTENTS 2147483645
  PCTINCREASE 0 FREELISTS 1 FREELIST GROUPS 1
  BUFFER_POOL DEFAULT FLASH_CACHE DEFAULT CELL_FLASH_CACHE DEFAULT)
  TABLESPACE "USERS"  ENABLE;
--------------------------------------------------------
--  Constraints for Table MENSAJE
--------------------------------------------------------

  ALTER TABLE "SOCIALDUOC"."MENSAJE" MODIFY ("USU_ORIGEN" NOT NULL ENABLE);
  ALTER TABLE "SOCIALDUOC"."MENSAJE" MODIFY ("ID_CHAT" NOT NULL ENABLE);
  ALTER TABLE "SOCIALDUOC"."MENSAJE" MODIFY ("ID_MENSAJE" NOT NULL ENABLE);
  ALTER TABLE "SOCIALDUOC"."MENSAJE" MODIFY ("MENSAJE" NOT NULL ENABLE);
  ALTER TABLE "SOCIALDUOC"."MENSAJE" MODIFY ("USU_RECEP" NOT NULL ENABLE);
  ALTER TABLE "SOCIALDUOC"."MENSAJE" ADD CONSTRAINT "CHAT_PK" PRIMARY KEY ("ID_MENSAJE")
  USING INDEX PCTFREE 10 INITRANS 2 MAXTRANS 255 COMPUTE STATISTICS 
  STORAGE(INITIAL 65536 NEXT 1048576 MINEXTENTS 1 MAXEXTENTS 2147483645
  PCTINCREASE 0 FREELISTS 1 FREELIST GROUPS 1
  BUFFER_POOL DEFAULT FLASH_CACHE DEFAULT CELL_FLASH_CACHE DEFAULT)
  TABLESPACE "USERS"  ENABLE;
--------------------------------------------------------
--  Constraints for Table ME_GUSTA
--------------------------------------------------------

  ALTER TABLE "SOCIALDUOC"."ME_GUSTA" MODIFY ("ID_ME_GUSTA" NOT NULL ENABLE);
  ALTER TABLE "SOCIALDUOC"."ME_GUSTA" MODIFY ("ID_PUBLI" NOT NULL ENABLE);
  ALTER TABLE "SOCIALDUOC"."ME_GUSTA" MODIFY ("TIPO_LIKE" NOT NULL ENABLE);
  ALTER TABLE "SOCIALDUOC"."ME_GUSTA" MODIFY ("ID_USUARIO" NOT NULL ENABLE);
  ALTER TABLE "SOCIALDUOC"."ME_GUSTA" ADD CONSTRAINT "LIKE_PK" PRIMARY KEY ("ID_ME_GUSTA")
  USING INDEX PCTFREE 10 INITRANS 2 MAXTRANS 255 COMPUTE STATISTICS 
  STORAGE(INITIAL 65536 NEXT 1048576 MINEXTENTS 1 MAXEXTENTS 2147483645
  PCTINCREASE 0 FREELISTS 1 FREELIST GROUPS 1
  BUFFER_POOL DEFAULT FLASH_CACHE DEFAULT CELL_FLASH_CACHE DEFAULT)
  TABLESPACE "USERS"  ENABLE;
--------------------------------------------------------
--  Constraints for Table MY_ADMIN
--------------------------------------------------------

  ALTER TABLE "SOCIALDUOC"."MY_ADMIN" MODIFY ("ID_ADMIN" NOT NULL ENABLE);
  ALTER TABLE "SOCIALDUOC"."MY_ADMIN" ADD CONSTRAINT "ADMIN_PK" PRIMARY KEY ("ID_ADMIN")
  USING INDEX PCTFREE 10 INITRANS 2 MAXTRANS 255 COMPUTE STATISTICS 
  STORAGE(INITIAL 65536 NEXT 1048576 MINEXTENTS 1 MAXEXTENTS 2147483645
  PCTINCREASE 0 FREELISTS 1 FREELIST GROUPS 1
  BUFFER_POOL DEFAULT FLASH_CACHE DEFAULT CELL_FLASH_CACHE DEFAULT)
  TABLESPACE "USERS"  ENABLE;
--------------------------------------------------------
--  Constraints for Table PARTICIPANTES
--------------------------------------------------------

  ALTER TABLE "SOCIALDUOC"."PARTICIPANTES" MODIFY ("ID_PARTI" NOT NULL ENABLE);
  ALTER TABLE "SOCIALDUOC"."PARTICIPANTES" MODIFY ("ID_EVENTO" NOT NULL ENABLE);
  ALTER TABLE "SOCIALDUOC"."PARTICIPANTES" MODIFY ("ID_USUARIO" NOT NULL ENABLE);
  ALTER TABLE "SOCIALDUOC"."PARTICIPANTES" ADD CONSTRAINT "PARTICIPANTES_PK" PRIMARY KEY ("ID_PARTI")
  USING INDEX PCTFREE 10 INITRANS 2 MAXTRANS 255 COMPUTE STATISTICS 
  STORAGE(INITIAL 65536 NEXT 1048576 MINEXTENTS 1 MAXEXTENTS 2147483645
  PCTINCREASE 0 FREELISTS 1 FREELIST GROUPS 1
  BUFFER_POOL DEFAULT FLASH_CACHE DEFAULT CELL_FLASH_CACHE DEFAULT)
  TABLESPACE "USERS"  ENABLE;
--------------------------------------------------------
--  Constraints for Table PUBLICACION
--------------------------------------------------------

  ALTER TABLE "SOCIALDUOC"."PUBLICACION" MODIFY ("ID_PUBLI" NOT NULL ENABLE);
  ALTER TABLE "SOCIALDUOC"."PUBLICACION" MODIFY ("FECHA" NOT NULL ENABLE);
  ALTER TABLE "SOCIALDUOC"."PUBLICACION" MODIFY ("DESCRIP" NOT NULL ENABLE);
  ALTER TABLE "SOCIALDUOC"."PUBLICACION" MODIFY ("ESTADO" NOT NULL ENABLE);
  ALTER TABLE "SOCIALDUOC"."PUBLICACION" MODIFY ("ID_USUARIO" NOT NULL ENABLE);
  ALTER TABLE "SOCIALDUOC"."PUBLICACION" ADD CONSTRAINT "PUBLICACION_PK" PRIMARY KEY ("ID_PUBLI")
  USING INDEX PCTFREE 10 INITRANS 2 MAXTRANS 255 COMPUTE STATISTICS 
  STORAGE(INITIAL 65536 NEXT 1048576 MINEXTENTS 1 MAXEXTENTS 2147483645
  PCTINCREASE 0 FREELISTS 1 FREELIST GROUPS 1
  BUFFER_POOL DEFAULT FLASH_CACHE DEFAULT CELL_FLASH_CACHE DEFAULT)
  TABLESPACE "USERS"  ENABLE;
--------------------------------------------------------
--  Constraints for Table RAMO
--------------------------------------------------------

  ALTER TABLE "SOCIALDUOC"."RAMO" MODIFY ("ID_RAMO" NOT NULL ENABLE);
  ALTER TABLE "SOCIALDUOC"."RAMO" MODIFY ("NOM_RAMO" NOT NULL ENABLE);
  ALTER TABLE "SOCIALDUOC"."RAMO" MODIFY ("ID_CARRERA" NOT NULL ENABLE);
  ALTER TABLE "SOCIALDUOC"."RAMO" ADD CONSTRAINT "RAMO_PK" PRIMARY KEY ("ID_RAMO")
  USING INDEX PCTFREE 10 INITRANS 2 MAXTRANS 255 COMPUTE STATISTICS 
  STORAGE(INITIAL 65536 NEXT 1048576 MINEXTENTS 1 MAXEXTENTS 2147483645
  PCTINCREASE 0 FREELISTS 1 FREELIST GROUPS 1
  BUFFER_POOL DEFAULT FLASH_CACHE DEFAULT CELL_FLASH_CACHE DEFAULT)
  TABLESPACE "USERS"  ENABLE;
--------------------------------------------------------
--  Constraints for Table RAMO_DOC
--------------------------------------------------------

  ALTER TABLE "SOCIALDUOC"."RAMO_DOC" MODIFY ("DOCENTE_ID_USUARIO" NOT NULL ENABLE);
  ALTER TABLE "SOCIALDUOC"."RAMO_DOC" MODIFY ("ID_RAMO" NOT NULL ENABLE);
  ALTER TABLE "SOCIALDUOC"."RAMO_DOC" ADD CONSTRAINT "RAMO_DOC_PK" PRIMARY KEY ("DOCENTE_ID_USUARIO")
  USING INDEX PCTFREE 10 INITRANS 2 MAXTRANS 255 COMPUTE STATISTICS 
  STORAGE(INITIAL 65536 NEXT 1048576 MINEXTENTS 1 MAXEXTENTS 2147483645
  PCTINCREASE 0 FREELISTS 1 FREELIST GROUPS 1
  BUFFER_POOL DEFAULT FLASH_CACHE DEFAULT CELL_FLASH_CACHE DEFAULT)
  TABLESPACE "USERS"  ENABLE;
--------------------------------------------------------
--  Constraints for Table REGION
--------------------------------------------------------

  ALTER TABLE "SOCIALDUOC"."REGION" MODIFY ("ID_REGION" NOT NULL ENABLE);
  ALTER TABLE "SOCIALDUOC"."REGION" MODIFY ("NOM_REGION" NOT NULL ENABLE);
  ALTER TABLE "SOCIALDUOC"."REGION" ADD CONSTRAINT "REGION_PK" PRIMARY KEY ("ID_REGION")
  USING INDEX PCTFREE 10 INITRANS 2 MAXTRANS 255 COMPUTE STATISTICS 
  STORAGE(INITIAL 65536 NEXT 1048576 MINEXTENTS 1 MAXEXTENTS 2147483645
  PCTINCREASE 0 FREELISTS 1 FREELIST GROUPS 1
  BUFFER_POOL DEFAULT FLASH_CACHE DEFAULT CELL_FLASH_CACHE DEFAULT)
  TABLESPACE "USERS"  ENABLE;
--------------------------------------------------------
--  Constraints for Table RESP_ENCUE
--------------------------------------------------------

  ALTER TABLE "SOCIALDUOC"."RESP_ENCUE" MODIFY ("ID_RESP" NOT NULL ENABLE);
  ALTER TABLE "SOCIALDUOC"."RESP_ENCUE" MODIFY ("ID_ENCU" NOT NULL ENABLE);
  ALTER TABLE "SOCIALDUOC"."RESP_ENCUE" MODIFY ("ID_USUARIO" NOT NULL ENABLE);
  ALTER TABLE "SOCIALDUOC"."RESP_ENCUE" ADD CONSTRAINT "RESP_EVENT_PK" PRIMARY KEY ("ID_RESP")
  USING INDEX PCTFREE 10 INITRANS 2 MAXTRANS 255 COMPUTE STATISTICS 
  STORAGE(INITIAL 65536 NEXT 1048576 MINEXTENTS 1 MAXEXTENTS 2147483645
  PCTINCREASE 0 FREELISTS 1 FREELIST GROUPS 1
  BUFFER_POOL DEFAULT FLASH_CACHE DEFAULT CELL_FLASH_CACHE DEFAULT)
  TABLESPACE "USERS"  ENABLE;
--------------------------------------------------------
--  Constraints for Table SECCION
--------------------------------------------------------

  ALTER TABLE "SOCIALDUOC"."SECCION" MODIFY ("ID_SECC" NOT NULL ENABLE);
  ALTER TABLE "SOCIALDUOC"."SECCION" ADD CONSTRAINT "SECCION_PK" PRIMARY KEY ("ID_SECC")
  USING INDEX PCTFREE 10 INITRANS 2 MAXTRANS 255 COMPUTE STATISTICS 
  STORAGE(INITIAL 65536 NEXT 1048576 MINEXTENTS 1 MAXEXTENTS 2147483645
  PCTINCREASE 0 FREELISTS 1 FREELIST GROUPS 1
  BUFFER_POOL DEFAULT FLASH_CACHE DEFAULT CELL_FLASH_CACHE DEFAULT)
  TABLESPACE "USERS"  ENABLE;
  ALTER TABLE "SOCIALDUOC"."SECCION" MODIFY ("NOM_SECCION" NOT NULL ENABLE);
  ALTER TABLE "SOCIALDUOC"."SECCION" MODIFY ("ID_RAMO" NOT NULL ENABLE);
--------------------------------------------------------
--  Constraints for Table SECCION_ALU_DOC
--------------------------------------------------------

  ALTER TABLE "SOCIALDUOC"."SECCION_ALU_DOC" MODIFY ("SECCION_ID_SECC" NOT NULL ENABLE);
  ALTER TABLE "SOCIALDUOC"."SECCION_ALU_DOC" MODIFY ("DOCE_USU_ID_USUARIO" NOT NULL ENABLE);
  ALTER TABLE "SOCIALDUOC"."SECCION_ALU_DOC" MODIFY ("ALUM_USU_ID_USUARIO" NOT NULL ENABLE);
  ALTER TABLE "SOCIALDUOC"."SECCION_ALU_DOC" ADD CONSTRAINT "SECCION_ALU_DOC_PK" PRIMARY KEY ("SECCION_ID_SECC")
  USING INDEX PCTFREE 10 INITRANS 2 MAXTRANS 255 COMPUTE STATISTICS 
  STORAGE(INITIAL 65536 NEXT 1048576 MINEXTENTS 1 MAXEXTENTS 2147483645
  PCTINCREASE 0 FREELISTS 1 FREELIST GROUPS 1
  BUFFER_POOL DEFAULT FLASH_CACHE DEFAULT CELL_FLASH_CACHE DEFAULT)
  TABLESPACE "USERS"  ENABLE;
--------------------------------------------------------
--  Constraints for Table SECCION_USUARIO
--------------------------------------------------------

  ALTER TABLE "SOCIALDUOC"."SECCION_USUARIO" ADD PRIMARY KEY ("ID_SEC_USER")
  USING INDEX PCTFREE 10 INITRANS 2 MAXTRANS 255 COMPUTE STATISTICS 
  STORAGE(INITIAL 65536 NEXT 1048576 MINEXTENTS 1 MAXEXTENTS 2147483645
  PCTINCREASE 0 FREELISTS 1 FREELIST GROUPS 1
  BUFFER_POOL DEFAULT FLASH_CACHE DEFAULT CELL_FLASH_CACHE DEFAULT)
  TABLESPACE "USERS"  ENABLE;
  ALTER TABLE "SOCIALDUOC"."SECCION_USUARIO" MODIFY ("ID_USUARIO" NOT NULL ENABLE);
  ALTER TABLE "SOCIALDUOC"."SECCION_USUARIO" MODIFY ("ID_SECCION" NOT NULL ENABLE);
--------------------------------------------------------
--  Constraints for Table SEDE
--------------------------------------------------------

  ALTER TABLE "SOCIALDUOC"."SEDE" MODIFY ("ID_SEDE" NOT NULL ENABLE);
  ALTER TABLE "SOCIALDUOC"."SEDE" MODIFY ("NOM_SEDE" NOT NULL ENABLE);
  ALTER TABLE "SOCIALDUOC"."SEDE" ADD CONSTRAINT "SEDE_PK" PRIMARY KEY ("ID_SEDE")
  USING INDEX PCTFREE 10 INITRANS 2 MAXTRANS 255 COMPUTE STATISTICS 
  STORAGE(INITIAL 65536 NEXT 1048576 MINEXTENTS 1 MAXEXTENTS 2147483645
  PCTINCREASE 0 FREELISTS 1 FREELIST GROUPS 1
  BUFFER_POOL DEFAULT FLASH_CACHE DEFAULT CELL_FLASH_CACHE DEFAULT)
  TABLESPACE "USERS"  ENABLE;
--------------------------------------------------------
--  Constraints for Table SOCIALDUOC_CHATROOM
--------------------------------------------------------

  ALTER TABLE "SOCIALDUOC"."SOCIALDUOC_CHATROOM" MODIFY ("ID" NOT NULL ENABLE);
  ALTER TABLE "SOCIALDUOC"."SOCIALDUOC_CHATROOM" ADD PRIMARY KEY ("ID")
  USING INDEX PCTFREE 10 INITRANS 2 MAXTRANS 255 COMPUTE STATISTICS 
  STORAGE(INITIAL 65536 NEXT 1048576 MINEXTENTS 1 MAXEXTENTS 2147483645
  PCTINCREASE 0 FREELISTS 1 FREELIST GROUPS 1
  BUFFER_POOL DEFAULT FLASH_CACHE DEFAULT CELL_FLASH_CACHE DEFAULT)
  TABLESPACE "USERS"  ENABLE;
  ALTER TABLE "SOCIALDUOC"."SOCIALDUOC_CHATROOM" ADD UNIQUE ("TITLE")
  USING INDEX PCTFREE 10 INITRANS 2 MAXTRANS 255 COMPUTE STATISTICS 
  STORAGE(INITIAL 65536 NEXT 1048576 MINEXTENTS 1 MAXEXTENTS 2147483645
  PCTINCREASE 0 FREELISTS 1 FREELIST GROUPS 1
  BUFFER_POOL DEFAULT FLASH_CACHE DEFAULT CELL_FLASH_CACHE DEFAULT)
  TABLESPACE "USERS"  ENABLE;
--------------------------------------------------------
--  Constraints for Table SOCIALDUOC_CHATROOM_USERS
--------------------------------------------------------

  ALTER TABLE "SOCIALDUOC"."SOCIALDUOC_CHATROOM_USERS" MODIFY ("ID" NOT NULL ENABLE);
  ALTER TABLE "SOCIALDUOC"."SOCIALDUOC_CHATROOM_USERS" MODIFY ("CHATROOM_ID" NOT NULL ENABLE);
  ALTER TABLE "SOCIALDUOC"."SOCIALDUOC_CHATROOM_USERS" MODIFY ("USER_ID" NOT NULL ENABLE);
  ALTER TABLE "SOCIALDUOC"."SOCIALDUOC_CHATROOM_USERS" ADD PRIMARY KEY ("ID")
  USING INDEX PCTFREE 10 INITRANS 2 MAXTRANS 255 COMPUTE STATISTICS 
  STORAGE(INITIAL 65536 NEXT 1048576 MINEXTENTS 1 MAXEXTENTS 2147483645
  PCTINCREASE 0 FREELISTS 1 FREELIST GROUPS 1
  BUFFER_POOL DEFAULT FLASH_CACHE DEFAULT CELL_FLASH_CACHE DEFAULT)
  TABLESPACE "USERS"  ENABLE;
  ALTER TABLE "SOCIALDUOC"."SOCIALDUOC_CHATROOM_USERS" ADD CONSTRAINT "SOCIALDUO_CHATROOM__ED2B8795_U" UNIQUE ("CHATROOM_ID", "USER_ID")
  USING INDEX PCTFREE 10 INITRANS 2 MAXTRANS 255 COMPUTE STATISTICS 
  STORAGE(INITIAL 65536 NEXT 1048576 MINEXTENTS 1 MAXEXTENTS 2147483645
  PCTINCREASE 0 FREELISTS 1 FREELIST GROUPS 1
  BUFFER_POOL DEFAULT FLASH_CACHE DEFAULT CELL_FLASH_CACHE DEFAULT)
  TABLESPACE "USERS"  ENABLE;
--------------------------------------------------------
--  Constraints for Table SOCIALDUOC_CONTENIDO
--------------------------------------------------------

  ALTER TABLE "SOCIALDUOC"."SOCIALDUOC_CONTENIDO" MODIFY ("ID_PUBLICACION" NOT NULL ENABLE);
  ALTER TABLE "SOCIALDUOC"."SOCIALDUOC_CONTENIDO" MODIFY ("FECHA" NOT NULL ENABLE);
  ALTER TABLE "SOCIALDUOC"."SOCIALDUOC_CONTENIDO" MODIFY ("FECHA_FIN" NOT NULL ENABLE);
  ALTER TABLE "SOCIALDUOC"."SOCIALDUOC_CONTENIDO" MODIFY ("LIKE_COUNT" NOT NULL ENABLE);
  ALTER TABLE "SOCIALDUOC"."SOCIALDUOC_CONTENIDO" MODIFY ("ID_USUARIO" NOT NULL ENABLE);
  ALTER TABLE "SOCIALDUOC"."SOCIALDUOC_CONTENIDO" ADD PRIMARY KEY ("ID_PUBLICACION")
  USING INDEX PCTFREE 10 INITRANS 2 MAXTRANS 255 COMPUTE STATISTICS 
  TABLESPACE "USERS"  ENABLE;
--------------------------------------------------------
--  Constraints for Table SOCIALDUOC_ONETIMETOKEN
--------------------------------------------------------

  ALTER TABLE "SOCIALDUOC"."SOCIALDUOC_ONETIMETOKEN" MODIFY ("ID" NOT NULL ENABLE);
  ALTER TABLE "SOCIALDUOC"."SOCIALDUOC_ONETIMETOKEN" MODIFY ("CREATED_AT" NOT NULL ENABLE);
  ALTER TABLE "SOCIALDUOC"."SOCIALDUOC_ONETIMETOKEN" ADD PRIMARY KEY ("ID")
  USING INDEX PCTFREE 10 INITRANS 2 MAXTRANS 255 COMPUTE STATISTICS 
  TABLESPACE "USERS"  ENABLE;
  ALTER TABLE "SOCIALDUOC"."SOCIALDUOC_ONETIMETOKEN" ADD UNIQUE ("TOKEN")
  USING INDEX PCTFREE 10 INITRANS 2 MAXTRANS 255 COMPUTE STATISTICS 
  TABLESPACE "USERS"  ENABLE;
--------------------------------------------------------
--  Constraints for Table SOCIALDUOC_ROOMCHATMESSAGE
--------------------------------------------------------

  ALTER TABLE "SOCIALDUOC"."SOCIALDUOC_ROOMCHATMESSAGE" MODIFY ("ID" NOT NULL ENABLE);
  ALTER TABLE "SOCIALDUOC"."SOCIALDUOC_ROOMCHATMESSAGE" MODIFY ("TIMESTAMP" NOT NULL ENABLE);
  ALTER TABLE "SOCIALDUOC"."SOCIALDUOC_ROOMCHATMESSAGE" MODIFY ("ROOM_ID" NOT NULL ENABLE);
  ALTER TABLE "SOCIALDUOC"."SOCIALDUOC_ROOMCHATMESSAGE" MODIFY ("USER_ID" NOT NULL ENABLE);
  ALTER TABLE "SOCIALDUOC"."SOCIALDUOC_ROOMCHATMESSAGE" ADD PRIMARY KEY ("ID")
  USING INDEX PCTFREE 10 INITRANS 2 MAXTRANS 255 COMPUTE STATISTICS 
  TABLESPACE "USERS"  ENABLE;
--------------------------------------------------------
--  Constraints for Table TIPO_USUARIO
--------------------------------------------------------

  ALTER TABLE "SOCIALDUOC"."TIPO_USUARIO" MODIFY ("ID_TIPO" NOT NULL ENABLE);
  ALTER TABLE "SOCIALDUOC"."TIPO_USUARIO" MODIFY ("NOM_TIPO" NOT NULL ENABLE);
  ALTER TABLE "SOCIALDUOC"."TIPO_USUARIO" ADD CONSTRAINT "TIPO_USUARIO_PK" PRIMARY KEY ("ID_TIPO")
  USING INDEX PCTFREE 10 INITRANS 2 MAXTRANS 255 COMPUTE STATISTICS 
  STORAGE(INITIAL 65536 NEXT 1048576 MINEXTENTS 1 MAXEXTENTS 2147483645
  PCTINCREASE 0 FREELISTS 1 FREELIST GROUPS 1
  BUFFER_POOL DEFAULT FLASH_CACHE DEFAULT CELL_FLASH_CACHE DEFAULT)
  TABLESPACE "USERS"  ENABLE;
--------------------------------------------------------
--  Constraints for Table TOKENS
--------------------------------------------------------

  ALTER TABLE "SOCIALDUOC"."TOKENS" MODIFY ("TOKEN" NOT NULL ENABLE);
--------------------------------------------------------
--  Constraints for Table USUARIO
--------------------------------------------------------

  ALTER TABLE "SOCIALDUOC"."USUARIO" MODIFY ("ID_USUARIO" NOT NULL ENABLE);
  ALTER TABLE "SOCIALDUOC"."USUARIO" MODIFY ("RUT" NOT NULL ENABLE);
  ALTER TABLE "SOCIALDUOC"."USUARIO" MODIFY ("DV" NOT NULL ENABLE);
  ALTER TABLE "SOCIALDUOC"."USUARIO" MODIFY ("NOMBRE" NOT NULL ENABLE);
  ALTER TABLE "SOCIALDUOC"."USUARIO" MODIFY ("AP_PATER" NOT NULL ENABLE);
  ALTER TABLE "SOCIALDUOC"."USUARIO" MODIFY ("AP_MATER" NOT NULL ENABLE);
  ALTER TABLE "SOCIALDUOC"."USUARIO" MODIFY ("USUARIO" NOT NULL ENABLE);
  ALTER TABLE "SOCIALDUOC"."USUARIO" MODIFY ("CORREO" NOT NULL ENABLE);
  ALTER TABLE "SOCIALDUOC"."USUARIO" MODIFY ("ID_COMU" NOT NULL ENABLE);
  ALTER TABLE "SOCIALDUOC"."USUARIO" MODIFY ("ID_GEN" NOT NULL ENABLE);
  ALTER TABLE "SOCIALDUOC"."USUARIO" MODIFY ("ID_ESTADO" NOT NULL ENABLE);
  ALTER TABLE "SOCIALDUOC"."USUARIO" MODIFY ("ID_TIPO" NOT NULL ENABLE);
  ALTER TABLE "SOCIALDUOC"."USUARIO" MODIFY ("ID_SEDE" NOT NULL ENABLE);
  ALTER TABLE "SOCIALDUOC"."USUARIO" ADD CONSTRAINT "USUARIO_PK" PRIMARY KEY ("ID_USUARIO")
  USING INDEX PCTFREE 10 INITRANS 2 MAXTRANS 255 COMPUTE STATISTICS 
  STORAGE(INITIAL 65536 NEXT 1048576 MINEXTENTS 1 MAXEXTENTS 2147483645
  PCTINCREASE 0 FREELISTS 1 FREELIST GROUPS 1
  BUFFER_POOL DEFAULT FLASH_CACHE DEFAULT CELL_FLASH_CACHE DEFAULT)
  TABLESPACE "USERS"  ENABLE;
--------------------------------------------------------
--  Constraints for Table USUARIO_CHAT
--------------------------------------------------------

  ALTER TABLE "SOCIALDUOC"."USUARIO_CHAT" MODIFY ("ID_USUARIO" NOT NULL ENABLE);
  ALTER TABLE "SOCIALDUOC"."USUARIO_CHAT" ADD CONSTRAINT "USUARIO_CHAT_PK" PRIMARY KEY ("ID_CHAT")
  USING INDEX PCTFREE 10 INITRANS 2 MAXTRANS 255 COMPUTE STATISTICS 
  STORAGE(INITIAL 65536 NEXT 1048576 MINEXTENTS 1 MAXEXTENTS 2147483645
  PCTINCREASE 0 FREELISTS 1 FREELIST GROUPS 1
  BUFFER_POOL DEFAULT FLASH_CACHE DEFAULT CELL_FLASH_CACHE DEFAULT)
  TABLESPACE "USERS"  ENABLE;
--------------------------------------------------------
--  Ref Constraints for Table ALUMNO
--------------------------------------------------------

  ALTER TABLE "SOCIALDUOC"."ALUMNO" ADD CONSTRAINT "ALUMNO_CARRERA_FK" FOREIGN KEY ("ID_CARRERA")
	  REFERENCES "SOCIALDUOC"."CARRERA" ("ID_CARRERA") ON DELETE CASCADE ENABLE;
  ALTER TABLE "SOCIALDUOC"."ALUMNO" ADD CONSTRAINT "ALUMNO_USUARIO_FK" FOREIGN KEY ("ID_USUARIO")
	  REFERENCES "SOCIALDUOC"."USUARIO" ("ID_USUARIO") ON DELETE CASCADE ENABLE;
--------------------------------------------------------
--  Ref Constraints for Table AMIGO
--------------------------------------------------------

  ALTER TABLE "SOCIALDUOC"."AMIGO" ADD CONSTRAINT "AMIGO_USUARIO_FK" FOREIGN KEY ("ID_USUARIO")
	  REFERENCES "SOCIALDUOC"."USUARIO" ("ID_USUARIO") ON DELETE CASCADE ENABLE;
--------------------------------------------------------
--  Ref Constraints for Table AUTH_GROUP_PERMISSIONS
--------------------------------------------------------

  ALTER TABLE "SOCIALDUOC"."AUTH_GROUP_PERMISSIONS" ADD CONSTRAINT "AUTH_GROU_GROUP_ID_B120CBF9_F" FOREIGN KEY ("GROUP_ID")
	  REFERENCES "SOCIALDUOC"."AUTH_GROUP" ("ID") DEFERRABLE INITIALLY DEFERRED ENABLE;
  ALTER TABLE "SOCIALDUOC"."AUTH_GROUP_PERMISSIONS" ADD CONSTRAINT "AUTH_GROU_PERMISSIO_84C5C92E_F" FOREIGN KEY ("PERMISSION_ID")
	  REFERENCES "SOCIALDUOC"."AUTH_PERMISSION" ("ID") DEFERRABLE INITIALLY DEFERRED ENABLE;
--------------------------------------------------------
--  Ref Constraints for Table AUTH_PERMISSION
--------------------------------------------------------

  ALTER TABLE "SOCIALDUOC"."AUTH_PERMISSION" ADD CONSTRAINT "AUTH_PERM_CONTENT_T_2F476E4B_F" FOREIGN KEY ("CONTENT_TYPE_ID")
	  REFERENCES "SOCIALDUOC"."DJANGO_CONTENT_TYPE" ("ID") DEFERRABLE INITIALLY DEFERRED ENABLE;
--------------------------------------------------------
--  Ref Constraints for Table AUTH_USER_GROUPS
--------------------------------------------------------

  ALTER TABLE "SOCIALDUOC"."AUTH_USER_GROUPS" ADD CONSTRAINT "AUTH_USER_USER_ID_6A12ED8B_F" FOREIGN KEY ("USER_ID")
	  REFERENCES "SOCIALDUOC"."AUTH_USER" ("ID") DEFERRABLE INITIALLY DEFERRED ENABLE;
  ALTER TABLE "SOCIALDUOC"."AUTH_USER_GROUPS" ADD CONSTRAINT "AUTH_USER_GROUP_ID_97559544_F" FOREIGN KEY ("GROUP_ID")
	  REFERENCES "SOCIALDUOC"."AUTH_GROUP" ("ID") DEFERRABLE INITIALLY DEFERRED ENABLE;
--------------------------------------------------------
--  Ref Constraints for Table AUTH_USER_USER_PERMISSIONS
--------------------------------------------------------

  ALTER TABLE "SOCIALDUOC"."AUTH_USER_USER_PERMISSIONS" ADD CONSTRAINT "AUTH_USER_USER_ID_A95EAD1B_F" FOREIGN KEY ("USER_ID")
	  REFERENCES "SOCIALDUOC"."AUTH_USER" ("ID") DEFERRABLE INITIALLY DEFERRED ENABLE;
  ALTER TABLE "SOCIALDUOC"."AUTH_USER_USER_PERMISSIONS" ADD CONSTRAINT "AUTH_USER_PERMISSIO_1FBB5F2C_F" FOREIGN KEY ("PERMISSION_ID")
	  REFERENCES "SOCIALDUOC"."AUTH_PERMISSION" ("ID") DEFERRABLE INITIALLY DEFERRED ENABLE;
--------------------------------------------------------
--  Ref Constraints for Table CARRERA_SEDE
--------------------------------------------------------

  ALTER TABLE "SOCIALDUOC"."CARRERA_SEDE" ADD CONSTRAINT "CARRERA_SEDE_CARRERA_FK" FOREIGN KEY ("ID_CARRERA")
	  REFERENCES "SOCIALDUOC"."CARRERA" ("ID_CARRERA") ON DELETE CASCADE ENABLE;
  ALTER TABLE "SOCIALDUOC"."CARRERA_SEDE" ADD CONSTRAINT "CARRERA_SEDE_SEDE_FK" FOREIGN KEY ("ID_SEDE")
	  REFERENCES "SOCIALDUOC"."SEDE" ("ID_SEDE") ON DELETE CASCADE ENABLE;
--------------------------------------------------------
--  Ref Constraints for Table COMENTARIO
--------------------------------------------------------

  ALTER TABLE "SOCIALDUOC"."COMENTARIO" ADD CONSTRAINT "COMEN_SOCIALDUOC_USUARIO_FK" FOREIGN KEY ("ID_USUARIO")
	  REFERENCES "SOCIALDUOC"."USUARIO" ("ID_USUARIO") ON DELETE CASCADE ENABLE;
  ALTER TABLE "SOCIALDUOC"."COMENTARIO" ADD CONSTRAINT "COMENTARIO_PUBLICACION_FK" FOREIGN KEY ("ID_PUBLI")
	  REFERENCES "SOCIALDUOC"."PUBLICACION" ("ID_PUBLI") ON DELETE CASCADE ENABLE;
--------------------------------------------------------
--  Ref Constraints for Table COMUNA
--------------------------------------------------------

  ALTER TABLE "SOCIALDUOC"."COMUNA" ADD CONSTRAINT "COM_REG_FK" FOREIGN KEY ("ID_REGION")
	  REFERENCES "SOCIALDUOC"."REGION" ("ID_REGION") ON DELETE CASCADE ENABLE;
--------------------------------------------------------
--  Ref Constraints for Table COORDINADOR
--------------------------------------------------------

  ALTER TABLE "SOCIALDUOC"."COORDINADOR" ADD CONSTRAINT "COORDINADOR_CARRERA_FK" FOREIGN KEY ("ID_CARRERA")
	  REFERENCES "SOCIALDUOC"."CARRERA" ("ID_CARRERA") ON DELETE CASCADE ENABLE;
  ALTER TABLE "SOCIALDUOC"."COORDINADOR" ADD CONSTRAINT "COORDINADOR_USUARIO_FK" FOREIGN KEY ("ID_USUARIO")
	  REFERENCES "SOCIALDUOC"."USUARIO" ("ID_USUARIO") ON DELETE CASCADE ENABLE;
--------------------------------------------------------
--  Ref Constraints for Table DIRECTOR
--------------------------------------------------------

  ALTER TABLE "SOCIALDUOC"."DIRECTOR" ADD CONSTRAINT "DIRECTOR_CARRERA_FK" FOREIGN KEY ("ID_CARRERA")
	  REFERENCES "SOCIALDUOC"."CARRERA" ("ID_CARRERA") ENABLE;
  ALTER TABLE "SOCIALDUOC"."DIRECTOR" ADD CONSTRAINT "DIRECTOR_USUARIO_FK" FOREIGN KEY ("ID_USUARIO")
	  REFERENCES "SOCIALDUOC"."USUARIO" ("ID_USUARIO") ON DELETE CASCADE ENABLE;
--------------------------------------------------------
--  Ref Constraints for Table DJANGO_ADMIN_LOG
--------------------------------------------------------

  ALTER TABLE "SOCIALDUOC"."DJANGO_ADMIN_LOG" ADD CONSTRAINT "DJANGO_AD_CONTENT_T_C4BCE8EB_F" FOREIGN KEY ("CONTENT_TYPE_ID")
	  REFERENCES "SOCIALDUOC"."DJANGO_CONTENT_TYPE" ("ID") DEFERRABLE INITIALLY DEFERRED ENABLE;
  ALTER TABLE "SOCIALDUOC"."DJANGO_ADMIN_LOG" ADD CONSTRAINT "DJANGO_AD_USER_ID_C564EBA6_F" FOREIGN KEY ("USER_ID")
	  REFERENCES "SOCIALDUOC"."AUTH_USER" ("ID") DEFERRABLE INITIALLY DEFERRED ENABLE;
--------------------------------------------------------
--  Ref Constraints for Table DOCENTE
--------------------------------------------------------

  ALTER TABLE "SOCIALDUOC"."DOCENTE" ADD CONSTRAINT "DOCENTE_CARRERA_FK" FOREIGN KEY ("ID_CARRERA")
	  REFERENCES "SOCIALDUOC"."CARRERA" ("ID_CARRERA") ON DELETE CASCADE ENABLE;
  ALTER TABLE "SOCIALDUOC"."DOCENTE" ADD CONSTRAINT "DOCENTE_USUARIO_FK" FOREIGN KEY ("ID_USUARIO")
	  REFERENCES "SOCIALDUOC"."USUARIO" ("ID_USUARIO") ON DELETE CASCADE ENABLE;
--------------------------------------------------------
--  Ref Constraints for Table ENCUESTA
--------------------------------------------------------

  ALTER TABLE "SOCIALDUOC"."ENCUESTA" ADD CONSTRAINT "ENCUESTA_USUARIO_FK" FOREIGN KEY ("ID_USUARIO")
	  REFERENCES "SOCIALDUOC"."USUARIO" ("ID_USUARIO") ON DELETE CASCADE ENABLE;
--------------------------------------------------------
--  Ref Constraints for Table EVENTO_AGENDADO
--------------------------------------------------------

  ALTER TABLE "SOCIALDUOC"."EVENTO_AGENDADO" ADD CONSTRAINT "EVENTO_AGENDADO_USUARIO_FK" FOREIGN KEY ("ID_USUARIO")
	  REFERENCES "SOCIALDUOC"."USUARIO" ("ID_USUARIO") ON DELETE CASCADE ENABLE;
--------------------------------------------------------
--  Ref Constraints for Table FCM_DJANGO_FCMDEVICE
--------------------------------------------------------

  ALTER TABLE "SOCIALDUOC"."FCM_DJANGO_FCMDEVICE" ADD CONSTRAINT "FCM_DJANG_USER_ID_6CDFC0A2_F" FOREIGN KEY ("USER_ID")
	  REFERENCES "SOCIALDUOC"."AUTH_USER" ("ID") DEFERRABLE INITIALLY DEFERRED ENABLE;
--------------------------------------------------------
--  Ref Constraints for Table INSTITUCION
--------------------------------------------------------

  ALTER TABLE "SOCIALDUOC"."INSTITUCION" ADD CONSTRAINT "INSTITUCION_SEDE_FK" FOREIGN KEY ("ID_SEDE")
	  REFERENCES "SOCIALDUOC"."SEDE" ("ID_SEDE") ON DELETE CASCADE ENABLE;
  ALTER TABLE "SOCIALDUOC"."INSTITUCION" ADD CONSTRAINT "INSTUTUCION_USUARIO_FK" FOREIGN KEY ("USUARIO_ID_USUARIO")
	  REFERENCES "SOCIALDUOC"."USUARIO" ("ID_USUARIO") ON DELETE CASCADE ENABLE;
--------------------------------------------------------
--  Ref Constraints for Table ME_GUSTA
--------------------------------------------------------

  ALTER TABLE "SOCIALDUOC"."ME_GUSTA" ADD CONSTRAINT "LIKE_PUBLICACION_FK" FOREIGN KEY ("ID_PUBLI")
	  REFERENCES "SOCIALDUOC"."PUBLICACION" ("ID_PUBLI") ON DELETE CASCADE ENABLE;
  ALTER TABLE "SOCIALDUOC"."ME_GUSTA" ADD CONSTRAINT "LIKE_USUARIO_FK" FOREIGN KEY ("ID_USUARIO")
	  REFERENCES "SOCIALDUOC"."USUARIO" ("ID_USUARIO") ON DELETE CASCADE ENABLE;
--------------------------------------------------------
--  Ref Constraints for Table PARTICIPANTES
--------------------------------------------------------

  ALTER TABLE "SOCIALDUOC"."PARTICIPANTES" ADD CONSTRAINT "PAR_EVEN_AGEN_FK" FOREIGN KEY ("ID_EVENTO")
	  REFERENCES "SOCIALDUOC"."EVENTO_AGENDADO" ("ID_EVENTO") ON DELETE CASCADE ENABLE;
  ALTER TABLE "SOCIALDUOC"."PARTICIPANTES" ADD CONSTRAINT "PARTICIPANTES_USUARIO_FK" FOREIGN KEY ("ID_USUARIO")
	  REFERENCES "SOCIALDUOC"."USUARIO" ("ID_USUARIO") ENABLE;
--------------------------------------------------------
--  Ref Constraints for Table PUBLICACION
--------------------------------------------------------

  ALTER TABLE "SOCIALDUOC"."PUBLICACION" ADD CONSTRAINT "PUBLICACION_USUARIO_FK" FOREIGN KEY ("ID_USUARIO")
	  REFERENCES "SOCIALDUOC"."USUARIO" ("ID_USUARIO") ON DELETE CASCADE ENABLE;
  ALTER TABLE "SOCIALDUOC"."PUBLICACION" ADD CONSTRAINT "ID_SEDE" FOREIGN KEY ("ID_SEDE")
	  REFERENCES "SOCIALDUOC"."SEDE" ("ID_SEDE") ENABLE;
--------------------------------------------------------
--  Ref Constraints for Table RAMO
--------------------------------------------------------

  ALTER TABLE "SOCIALDUOC"."RAMO" ADD CONSTRAINT "RAMO_CARRERA_FK" FOREIGN KEY ("ID_CARRERA")
	  REFERENCES "SOCIALDUOC"."CARRERA" ("ID_CARRERA") ON DELETE CASCADE ENABLE;
--------------------------------------------------------
--  Ref Constraints for Table RAMO_DOC
--------------------------------------------------------

  ALTER TABLE "SOCIALDUOC"."RAMO_DOC" ADD CONSTRAINT "RAMO_DOC_DOCENTE_FK" FOREIGN KEY ("DOCENTE_ID_USUARIO")
	  REFERENCES "SOCIALDUOC"."DOCENTE" ("ID_USUARIO") ON DELETE CASCADE ENABLE;
  ALTER TABLE "SOCIALDUOC"."RAMO_DOC" ADD CONSTRAINT "RAMO_DOC_RAMO_FK" FOREIGN KEY ("ID_RAMO")
	  REFERENCES "SOCIALDUOC"."RAMO" ("ID_RAMO") ON DELETE CASCADE ENABLE;
--------------------------------------------------------
--  Ref Constraints for Table RESP_ENCUE
--------------------------------------------------------

  ALTER TABLE "SOCIALDUOC"."RESP_ENCUE" ADD CONSTRAINT "RESP_EVENT_ENCUESTA_FK" FOREIGN KEY ("ID_ENCU")
	  REFERENCES "SOCIALDUOC"."ENCUESTA" ("ID_ENCU") ON DELETE CASCADE ENABLE;
  ALTER TABLE "SOCIALDUOC"."RESP_ENCUE" ADD CONSTRAINT "RESP_EVENT_USUARIO_FK" FOREIGN KEY ("ID_USUARIO")
	  REFERENCES "SOCIALDUOC"."USUARIO" ("ID_USUARIO") ENABLE;
--------------------------------------------------------
--  Ref Constraints for Table SECCION
--------------------------------------------------------

  ALTER TABLE "SOCIALDUOC"."SECCION" ADD CONSTRAINT "SECCION_RAMO_FK" FOREIGN KEY ("ID_RAMO")
	  REFERENCES "SOCIALDUOC"."RAMO" ("ID_RAMO") ON DELETE CASCADE ENABLE;
--------------------------------------------------------
--  Ref Constraints for Table SECCION_ALU_DOC
--------------------------------------------------------

  ALTER TABLE "SOCIALDUOC"."SECCION_ALU_DOC" ADD CONSTRAINT "SECCION_ALU_DOC_ALUMNO_FK" FOREIGN KEY ("ALUM_USU_ID_USUARIO")
	  REFERENCES "SOCIALDUOC"."ALUMNO" ("ID_USUARIO") ON DELETE CASCADE ENABLE;
  ALTER TABLE "SOCIALDUOC"."SECCION_ALU_DOC" ADD CONSTRAINT "SECCION_ALU_DOC_DOCENTE_FK" FOREIGN KEY ("DOCE_USU_ID_USUARIO")
	  REFERENCES "SOCIALDUOC"."DOCENTE" ("ID_USUARIO") ON DELETE CASCADE ENABLE;
  ALTER TABLE "SOCIALDUOC"."SECCION_ALU_DOC" ADD CONSTRAINT "SECCION_ALU_DOC_SECCION_FK" FOREIGN KEY ("SECCION_ID_SECC")
	  REFERENCES "SOCIALDUOC"."SECCION" ("ID_SECC") ON DELETE CASCADE ENABLE;
--------------------------------------------------------
--  Ref Constraints for Table SECCION_USUARIO
--------------------------------------------------------

  ALTER TABLE "SOCIALDUOC"."SECCION_USUARIO" ADD FOREIGN KEY ("ID_USUARIO")
	  REFERENCES "SOCIALDUOC"."USUARIO" ("ID_USUARIO") ENABLE;
  ALTER TABLE "SOCIALDUOC"."SECCION_USUARIO" ADD FOREIGN KEY ("ID_SECCION")
	  REFERENCES "SOCIALDUOC"."SECCION" ("ID_SECC") ENABLE;
--------------------------------------------------------
--  Ref Constraints for Table SOCIALDUOC_CHATROOM_USERS
--------------------------------------------------------

  ALTER TABLE "SOCIALDUOC"."SOCIALDUOC_CHATROOM_USERS" ADD CONSTRAINT "SOCIALDUO_CHATROOM__7386AFE1_F" FOREIGN KEY ("CHATROOM_ID")
	  REFERENCES "SOCIALDUOC"."SOCIALDUOC_CHATROOM" ("ID") DEFERRABLE INITIALLY DEFERRED ENABLE;
  ALTER TABLE "SOCIALDUOC"."SOCIALDUOC_CHATROOM_USERS" ADD CONSTRAINT "SOCIALDUO_USER_ID_1B0B8A8C_F" FOREIGN KEY ("USER_ID")
	  REFERENCES "SOCIALDUOC"."AUTH_USER" ("ID") DEFERRABLE INITIALLY DEFERRED ENABLE;
--------------------------------------------------------
--  Ref Constraints for Table SOCIALDUOC_ROOMCHATMESSAGE
--------------------------------------------------------

  ALTER TABLE "SOCIALDUOC"."SOCIALDUOC_ROOMCHATMESSAGE" ADD CONSTRAINT "SOCIALDUO_ROOM_ID_E984EE27_F" FOREIGN KEY ("ROOM_ID")
	  REFERENCES "SOCIALDUOC"."SOCIALDUOC_CHATROOM" ("ID") DEFERRABLE INITIALLY DEFERRED ENABLE;
  ALTER TABLE "SOCIALDUOC"."SOCIALDUOC_ROOMCHATMESSAGE" ADD CONSTRAINT "SOCIALDUO_USER_ID_3432D827_F" FOREIGN KEY ("USER_ID")
	  REFERENCES "SOCIALDUOC"."AUTH_USER" ("ID") DEFERRABLE INITIALLY DEFERRED ENABLE;
--------------------------------------------------------
--  Ref Constraints for Table USUARIO
--------------------------------------------------------

  ALTER TABLE "SOCIALDUOC"."USUARIO" ADD CONSTRAINT "USUARIO_COMUNA_FK" FOREIGN KEY ("ID_COMU")
	  REFERENCES "SOCIALDUOC"."COMUNA" ("ID_COMU") ON DELETE CASCADE ENABLE;
  ALTER TABLE "SOCIALDUOC"."USUARIO" ADD CONSTRAINT "USUARIO_ESTADO_PERFIL_FK" FOREIGN KEY ("ID_ESTADO")
	  REFERENCES "SOCIALDUOC"."ESTADO_PERFIL" ("ID_ESTADO") ON DELETE CASCADE ENABLE;
  ALTER TABLE "SOCIALDUOC"."USUARIO" ADD CONSTRAINT "USUARIO_GENERO_FK" FOREIGN KEY ("ID_GEN")
	  REFERENCES "SOCIALDUOC"."GENERO" ("ID_GEN") ON DELETE CASCADE ENABLE;
  ALTER TABLE "SOCIALDUOC"."USUARIO" ADD CONSTRAINT "USUARIO_SEDE_FK" FOREIGN KEY ("ID_SEDE")
	  REFERENCES "SOCIALDUOC"."SEDE" ("ID_SEDE") ENABLE;
  ALTER TABLE "SOCIALDUOC"."USUARIO" ADD CONSTRAINT "USUARIO_TIPO_USUARIO_FK" FOREIGN KEY ("ID_TIPO")
	  REFERENCES "SOCIALDUOC"."TIPO_USUARIO" ("ID_TIPO") ON DELETE CASCADE ENABLE;
--------------------------------------------------------
--  Ref Constraints for Table USUARIO_CHAT
--------------------------------------------------------

  ALTER TABLE "SOCIALDUOC"."USUARIO_CHAT" ADD CONSTRAINT "USUARIO_CHAT_USUARIO_FK" FOREIGN KEY ("ID_USUARIO")
	  REFERENCES "SOCIALDUOC"."USUARIO" ("ID_USUARIO") ON DELETE CASCADE ENABLE;
